[0.171s] DEBUG:colcon:Command line arguments: ['/usr/bin/colcon', 'build', '--packages-select', 'stm32_bot']
[0.171s] DEBUG:colcon:Parsed command line arguments: Namespace(log_base=None, log_level=None, verb_name='build', build_base='build', install_base='install', merge_install=False, symlink_install=False, test_result_base=None, continue_on_error=False, executor='parallel', parallel_workers=4, event_handlers=None, ignore_user_meta=False, metas=['./colcon.meta'], base_paths=['.'], packages_ignore=None, packages_ignore_regex=None, paths=None, packages_up_to=None, packages_up_to_regex=None, packages_above=None, packages_above_and_dependencies=None, packages_above_depth=None, packages_select_by_dep=None, packages_skip_by_dep=None, packages_skip_up_to=None, packages_select_build_failed=False, packages_skip_build_finished=False, packages_select_test_failures=False, packages_skip_test_passed=False, packages_select=['stm32_bot'], packages_skip=None, packages_select_regex=None, packages_skip_regex=None, packages_start=None, packages_end=None, allow_overriding=[], cmake_args=None, cmake_target=None, cmake_target_skip_unavailable=False, cmake_clean_cache=False, cmake_clean_first=False, cmake_force_configure=False, ament_cmake_args=None, catkin_cmake_args=None, catkin_skip_building_tests=False, mixin_files=None, mixin=None, verb_parser=<colcon_mixin.mixin.mixin_argument.MixinArgumentDecorator object at 0xffffa7c45ee0>, verb_extension=<colcon_core.verb.build.BuildVerb object at 0xffffa798b980>, main=<bound method BuildVerb.main of <colcon_core.verb.build.BuildVerb object at 0xffffa798b980>>, mixin_verb=('build',))
[0.245s] Level 1:colcon.colcon_core.package_discovery:discover_packages(colcon_meta) check parameters
[0.245s] Level 1:colcon.colcon_core.package_discovery:discover_packages(recursive) check parameters
[0.245s] Level 1:colcon.colcon_core.package_discovery:discover_packages(ignore) check parameters
[0.245s] Level 1:colcon.colcon_core.package_discovery:discover_packages(path) check parameters
[0.246s] Level 1:colcon.colcon_core.package_discovery:discover_packages(colcon_meta) discover
[0.246s] Level 1:colcon.colcon_core.package_discovery:discover_packages(recursive) discover
[0.246s] INFO:colcon.colcon_core.package_discovery:Crawling recursively for packages in '/home/spinetti/ros2_ws'
[0.246s] Level 1:colcon.colcon_core.package_identification:_identify(.) by extensions ['ignore', 'ignore_ament_install']
[0.246s] Level 1:colcon.colcon_core.package_identification:_identify(.) by extension 'ignore'
[0.246s] Level 1:colcon.colcon_core.package_identification:_identify(.) by extension 'ignore_ament_install'
[0.246s] Level 1:colcon.colcon_core.package_identification:_identify(.) by extensions ['colcon_pkg']
[0.246s] Level 1:colcon.colcon_core.package_identification:_identify(.) by extension 'colcon_pkg'
[0.246s] Level 1:colcon.colcon_core.package_identification:_identify(.) by extensions ['colcon_meta']
[0.246s] Level 1:colcon.colcon_core.package_identification:_identify(.) by extension 'colcon_meta'
[0.247s] Level 1:colcon.colcon_core.package_identification:_identify(.) by extensions ['ros']
[0.247s] Level 1:colcon.colcon_core.package_identification:_identify(.) by extension 'ros'
[0.291s] Level 1:colcon.colcon_core.package_identification:_identify(.) by extensions ['cmake', 'python']
[0.291s] Level 1:colcon.colcon_core.package_identification:_identify(.) by extension 'cmake'
[0.291s] Level 1:colcon.colcon_core.package_identification:_identify(.) by extension 'python'
[0.291s] Level 1:colcon.colcon_core.package_identification:_identify(.) by extensions ['python_setup_py']
[0.291s] Level 1:colcon.colcon_core.package_identification:_identify(.) by extension 'python_setup_py'
[0.291s] Level 1:colcon.colcon_core.package_identification:_identify(STM32) by extensions ['ignore', 'ignore_ament_install']
[0.292s] Level 1:colcon.colcon_core.package_identification:_identify(STM32) by extension 'ignore'
[0.292s] Level 1:colcon.colcon_core.package_identification:_identify(STM32) by extension 'ignore_ament_install'
[0.292s] Level 1:colcon.colcon_core.package_identification:_identify(STM32) by extensions ['colcon_pkg']
[0.292s] Level 1:colcon.colcon_core.package_identification:_identify(STM32) by extension 'colcon_pkg'
[0.292s] Level 1:colcon.colcon_core.package_identification:_identify(STM32) by extensions ['colcon_meta']
[0.292s] Level 1:colcon.colcon_core.package_identification:_identify(STM32) by extension 'colcon_meta'
[0.292s] Level 1:colcon.colcon_core.package_identification:_identify(STM32) by extensions ['ros']
[0.292s] Level 1:colcon.colcon_core.package_identification:_identify(STM32) by extension 'ros'
[0.292s] Level 1:colcon.colcon_core.package_identification:_identify(STM32) by extensions ['cmake', 'python']
[0.292s] Level 1:colcon.colcon_core.package_identification:_identify(STM32) by extension 'cmake'
[0.292s] Level 1:colcon.colcon_core.package_identification:_identify(STM32) by extension 'python'
[0.292s] Level 1:colcon.colcon_core.package_identification:_identify(STM32) by extensions ['python_setup_py']
[0.292s] Level 1:colcon.colcon_core.package_identification:_identify(STM32) by extension 'python_setup_py'
[0.292s] Level 1:colcon.colcon_core.package_identification:_identify(STM32/main) by extensions ['ignore', 'ignore_ament_install']
[0.292s] Level 1:colcon.colcon_core.package_identification:_identify(STM32/main) by extension 'ignore'
[0.293s] Level 1:colcon.colcon_core.package_identification:_identify(STM32/main) by extension 'ignore_ament_install'
[0.293s] Level 1:colcon.colcon_core.package_identification:_identify(STM32/main) by extensions ['colcon_pkg']
[0.293s] Level 1:colcon.colcon_core.package_identification:_identify(STM32/main) by extension 'colcon_pkg'
[0.293s] Level 1:colcon.colcon_core.package_identification:_identify(STM32/main) by extensions ['colcon_meta']
[0.293s] Level 1:colcon.colcon_core.package_identification:_identify(STM32/main) by extension 'colcon_meta'
[0.293s] Level 1:colcon.colcon_core.package_identification:_identify(STM32/main) by extensions ['ros']
[0.293s] Level 1:colcon.colcon_core.package_identification:_identify(STM32/main) by extension 'ros'
[0.293s] Level 1:colcon.colcon_core.package_identification:_identify(STM32/main) by extensions ['cmake', 'python']
[0.293s] Level 1:colcon.colcon_core.package_identification:_identify(STM32/main) by extension 'cmake'
[0.293s] Level 1:colcon.colcon_core.package_identification:_identify(STM32/main) by extension 'python'
[0.293s] Level 1:colcon.colcon_core.package_identification:_identify(STM32/main) by extensions ['python_setup_py']
[0.293s] Level 1:colcon.colcon_core.package_identification:_identify(STM32/main) by extension 'python_setup_py'
[0.293s] Level 1:colcon.colcon_core.package_identification:_identify(STM32/main/53L0A1) by extensions ['ignore', 'ignore_ament_install']
[0.293s] Level 1:colcon.colcon_core.package_identification:_identify(STM32/main/53L0A1) by extension 'ignore'
[0.293s] Level 1:colcon.colcon_core.package_identification:_identify(STM32/main/53L0A1) by extension 'ignore_ament_install'
[0.293s] Level 1:colcon.colcon_core.package_identification:_identify(STM32/main/53L0A1) by extensions ['colcon_pkg']
[0.294s] Level 1:colcon.colcon_core.package_identification:_identify(STM32/main/53L0A1) by extension 'colcon_pkg'
[0.294s] Level 1:colcon.colcon_core.package_identification:_identify(STM32/main/53L0A1) by extensions ['colcon_meta']
[0.294s] Level 1:colcon.colcon_core.package_identification:_identify(STM32/main/53L0A1) by extension 'colcon_meta'
[0.294s] Level 1:colcon.colcon_core.package_identification:_identify(STM32/main/53L0A1) by extensions ['ros']
[0.294s] Level 1:colcon.colcon_core.package_identification:_identify(STM32/main/53L0A1) by extension 'ros'
[0.294s] Level 1:colcon.colcon_core.package_identification:_identify(STM32/main/53L0A1) by extensions ['cmake', 'python']
[0.294s] Level 1:colcon.colcon_core.package_identification:_identify(STM32/main/53L0A1) by extension 'cmake'
[0.294s] Level 1:colcon.colcon_core.package_identification:_identify(STM32/main/53L0A1) by extension 'python'
[0.294s] Level 1:colcon.colcon_core.package_identification:_identify(STM32/main/53L0A1) by extensions ['python_setup_py']
[0.294s] Level 1:colcon.colcon_core.package_identification:_identify(STM32/main/53L0A1) by extension 'python_setup_py'
[0.294s] Level 1:colcon.colcon_core.package_identification:_identify(STM32/main/Core) by extensions ['ignore', 'ignore_ament_install']
[0.294s] Level 1:colcon.colcon_core.package_identification:_identify(STM32/main/Core) by extension 'ignore'
[0.294s] Level 1:colcon.colcon_core.package_identification:_identify(STM32/main/Core) by extension 'ignore_ament_install'
[0.294s] Level 1:colcon.colcon_core.package_identification:_identify(STM32/main/Core) by extensions ['colcon_pkg']
[0.294s] Level 1:colcon.colcon_core.package_identification:_identify(STM32/main/Core) by extension 'colcon_pkg'
[0.294s] Level 1:colcon.colcon_core.package_identification:_identify(STM32/main/Core) by extensions ['colcon_meta']
[0.294s] Level 1:colcon.colcon_core.package_identification:_identify(STM32/main/Core) by extension 'colcon_meta'
[0.294s] Level 1:colcon.colcon_core.package_identification:_identify(STM32/main/Core) by extensions ['ros']
[0.295s] Level 1:colcon.colcon_core.package_identification:_identify(STM32/main/Core) by extension 'ros'
[0.295s] Level 1:colcon.colcon_core.package_identification:_identify(STM32/main/Core) by extensions ['cmake', 'python']
[0.295s] Level 1:colcon.colcon_core.package_identification:_identify(STM32/main/Core) by extension 'cmake'
[0.295s] Level 1:colcon.colcon_core.package_identification:_identify(STM32/main/Core) by extension 'python'
[0.295s] Level 1:colcon.colcon_core.package_identification:_identify(STM32/main/Core) by extensions ['python_setup_py']
[0.295s] Level 1:colcon.colcon_core.package_identification:_identify(STM32/main/Core) by extension 'python_setup_py'
[0.295s] Level 1:colcon.colcon_core.package_identification:_identify(STM32/main/Core/Inc) by extensions ['ignore', 'ignore_ament_install']
[0.295s] Level 1:colcon.colcon_core.package_identification:_identify(STM32/main/Core/Inc) by extension 'ignore'
[0.295s] Level 1:colcon.colcon_core.package_identification:_identify(STM32/main/Core/Inc) by extension 'ignore_ament_install'
[0.295s] Level 1:colcon.colcon_core.package_identification:_identify(STM32/main/Core/Inc) by extensions ['colcon_pkg']
[0.295s] Level 1:colcon.colcon_core.package_identification:_identify(STM32/main/Core/Inc) by extension 'colcon_pkg'
[0.295s] Level 1:colcon.colcon_core.package_identification:_identify(STM32/main/Core/Inc) by extensions ['colcon_meta']
[0.295s] Level 1:colcon.colcon_core.package_identification:_identify(STM32/main/Core/Inc) by extension 'colcon_meta'
[0.295s] Level 1:colcon.colcon_core.package_identification:_identify(STM32/main/Core/Inc) by extensions ['ros']
[0.295s] Level 1:colcon.colcon_core.package_identification:_identify(STM32/main/Core/Inc) by extension 'ros'
[0.295s] Level 1:colcon.colcon_core.package_identification:_identify(STM32/main/Core/Inc) by extensions ['cmake', 'python']
[0.296s] Level 1:colcon.colcon_core.package_identification:_identify(STM32/main/Core/Inc) by extension 'cmake'
[0.296s] Level 1:colcon.colcon_core.package_identification:_identify(STM32/main/Core/Inc) by extension 'python'
[0.296s] Level 1:colcon.colcon_core.package_identification:_identify(STM32/main/Core/Inc) by extensions ['python_setup_py']
[0.296s] Level 1:colcon.colcon_core.package_identification:_identify(STM32/main/Core/Inc) by extension 'python_setup_py'
[0.296s] Level 1:colcon.colcon_core.package_identification:_identify(STM32/main/Core/Src) by extensions ['ignore', 'ignore_ament_install']
[0.296s] Level 1:colcon.colcon_core.package_identification:_identify(STM32/main/Core/Src) by extension 'ignore'
[0.296s] Level 1:colcon.colcon_core.package_identification:_identify(STM32/main/Core/Src) by extension 'ignore_ament_install'
[0.296s] Level 1:colcon.colcon_core.package_identification:_identify(STM32/main/Core/Src) by extensions ['colcon_pkg']
[0.296s] Level 1:colcon.colcon_core.package_identification:_identify(STM32/main/Core/Src) by extension 'colcon_pkg'
[0.296s] Level 1:colcon.colcon_core.package_identification:_identify(STM32/main/Core/Src) by extensions ['colcon_meta']
[0.296s] Level 1:colcon.colcon_core.package_identification:_identify(STM32/main/Core/Src) by extension 'colcon_meta'
[0.296s] Level 1:colcon.colcon_core.package_identification:_identify(STM32/main/Core/Src) by extensions ['ros']
[0.296s] Level 1:colcon.colcon_core.package_identification:_identify(STM32/main/Core/Src) by extension 'ros'
[0.296s] Level 1:colcon.colcon_core.package_identification:_identify(STM32/main/Core/Src) by extensions ['cmake', 'python']
[0.296s] Level 1:colcon.colcon_core.package_identification:_identify(STM32/main/Core/Src) by extension 'cmake'
[0.296s] Level 1:colcon.colcon_core.package_identification:_identify(STM32/main/Core/Src) by extension 'python'
[0.297s] Level 1:colcon.colcon_core.package_identification:_identify(STM32/main/Core/Src) by extensions ['python_setup_py']
[0.297s] Level 1:colcon.colcon_core.package_identification:_identify(STM32/main/Core/Src) by extension 'python_setup_py'
[0.297s] Level 1:colcon.colcon_core.package_identification:_identify(STM32/main/Core/Startup) by extensions ['ignore', 'ignore_ament_install']
[0.297s] Level 1:colcon.colcon_core.package_identification:_identify(STM32/main/Core/Startup) by extension 'ignore'
[0.297s] Level 1:colcon.colcon_core.package_identification:_identify(STM32/main/Core/Startup) by extension 'ignore_ament_install'
[0.297s] Level 1:colcon.colcon_core.package_identification:_identify(STM32/main/Core/Startup) by extensions ['colcon_pkg']
[0.297s] Level 1:colcon.colcon_core.package_identification:_identify(STM32/main/Core/Startup) by extension 'colcon_pkg'
[0.297s] Level 1:colcon.colcon_core.package_identification:_identify(STM32/main/Core/Startup) by extensions ['colcon_meta']
[0.297s] Level 1:colcon.colcon_core.package_identification:_identify(STM32/main/Core/Startup) by extension 'colcon_meta'
[0.297s] Level 1:colcon.colcon_core.package_identification:_identify(STM32/main/Core/Startup) by extensions ['ros']
[0.297s] Level 1:colcon.colcon_core.package_identification:_identify(STM32/main/Core/Startup) by extension 'ros'
[0.297s] Level 1:colcon.colcon_core.package_identification:_identify(STM32/main/Core/Startup) by extensions ['cmake', 'python']
[0.297s] Level 1:colcon.colcon_core.package_identification:_identify(STM32/main/Core/Startup) by extension 'cmake'
[0.297s] Level 1:colcon.colcon_core.package_identification:_identify(STM32/main/Core/Startup) by extension 'python'
[0.297s] Level 1:colcon.colcon_core.package_identification:_identify(STM32/main/Core/Startup) by extensions ['python_setup_py']
[0.297s] Level 1:colcon.colcon_core.package_identification:_identify(STM32/main/Core/Startup) by extension 'python_setup_py'
[0.298s] Level 1:colcon.colcon_core.package_identification:_identify(STM32/main/Debug) by extensions ['ignore', 'ignore_ament_install']
[0.298s] Level 1:colcon.colcon_core.package_identification:_identify(STM32/main/Debug) by extension 'ignore'
[0.298s] Level 1:colcon.colcon_core.package_identification:_identify(STM32/main/Debug) by extension 'ignore_ament_install'
[0.298s] Level 1:colcon.colcon_core.package_identification:_identify(STM32/main/Debug) by extensions ['colcon_pkg']
[0.298s] Level 1:colcon.colcon_core.package_identification:_identify(STM32/main/Debug) by extension 'colcon_pkg'
[0.298s] Level 1:colcon.colcon_core.package_identification:_identify(STM32/main/Debug) by extensions ['colcon_meta']
[0.298s] Level 1:colcon.colcon_core.package_identification:_identify(STM32/main/Debug) by extension 'colcon_meta'
[0.298s] Level 1:colcon.colcon_core.package_identification:_identify(STM32/main/Debug) by extensions ['ros']
[0.298s] Level 1:colcon.colcon_core.package_identification:_identify(STM32/main/Debug) by extension 'ros'
[0.298s] Level 1:colcon.colcon_core.package_identification:_identify(STM32/main/Debug) by extensions ['cmake', 'python']
[0.298s] Level 1:colcon.colcon_core.package_identification:_identify(STM32/main/Debug) by extension 'cmake'
[0.298s] Level 1:colcon.colcon_core.package_identification:_identify(STM32/main/Debug) by extension 'python'
[0.298s] Level 1:colcon.colcon_core.package_identification:_identify(STM32/main/Debug) by extensions ['python_setup_py']
[0.298s] Level 1:colcon.colcon_core.package_identification:_identify(STM32/main/Debug) by extension 'python_setup_py'
[0.298s] Level 1:colcon.colcon_core.package_identification:_identify(STM32/main/Debug/Core) by extensions ['ignore', 'ignore_ament_install']
[0.298s] Level 1:colcon.colcon_core.package_identification:_identify(STM32/main/Debug/Core) by extension 'ignore'
[0.299s] Level 1:colcon.colcon_core.package_identification:_identify(STM32/main/Debug/Core) by extension 'ignore_ament_install'
[0.299s] Level 1:colcon.colcon_core.package_identification:_identify(STM32/main/Debug/Core) by extensions ['colcon_pkg']
[0.299s] Level 1:colcon.colcon_core.package_identification:_identify(STM32/main/Debug/Core) by extension 'colcon_pkg'
[0.299s] Level 1:colcon.colcon_core.package_identification:_identify(STM32/main/Debug/Core) by extensions ['colcon_meta']
[0.299s] Level 1:colcon.colcon_core.package_identification:_identify(STM32/main/Debug/Core) by extension 'colcon_meta'
[0.299s] Level 1:colcon.colcon_core.package_identification:_identify(STM32/main/Debug/Core) by extensions ['ros']
[0.299s] Level 1:colcon.colcon_core.package_identification:_identify(STM32/main/Debug/Core) by extension 'ros'
[0.299s] Level 1:colcon.colcon_core.package_identification:_identify(STM32/main/Debug/Core) by extensions ['cmake', 'python']
[0.299s] Level 1:colcon.colcon_core.package_identification:_identify(STM32/main/Debug/Core) by extension 'cmake'
[0.299s] Level 1:colcon.colcon_core.package_identification:_identify(STM32/main/Debug/Core) by extension 'python'
[0.299s] Level 1:colcon.colcon_core.package_identification:_identify(STM32/main/Debug/Core) by extensions ['python_setup_py']
[0.299s] Level 1:colcon.colcon_core.package_identification:_identify(STM32/main/Debug/Core) by extension 'python_setup_py'
[0.299s] Level 1:colcon.colcon_core.package_identification:_identify(STM32/main/Debug/Core/Src) by extensions ['ignore', 'ignore_ament_install']
[0.299s] Level 1:colcon.colcon_core.package_identification:_identify(STM32/main/Debug/Core/Src) by extension 'ignore'
[0.299s] Level 1:colcon.colcon_core.package_identification:_identify(STM32/main/Debug/Core/Src) by extension 'ignore_ament_install'
[0.300s] Level 1:colcon.colcon_core.package_identification:_identify(STM32/main/Debug/Core/Src) by extensions ['colcon_pkg']
[0.300s] Level 1:colcon.colcon_core.package_identification:_identify(STM32/main/Debug/Core/Src) by extension 'colcon_pkg'
[0.300s] Level 1:colcon.colcon_core.package_identification:_identify(STM32/main/Debug/Core/Src) by extensions ['colcon_meta']
[0.300s] Level 1:colcon.colcon_core.package_identification:_identify(STM32/main/Debug/Core/Src) by extension 'colcon_meta'
[0.300s] Level 1:colcon.colcon_core.package_identification:_identify(STM32/main/Debug/Core/Src) by extensions ['ros']
[0.300s] Level 1:colcon.colcon_core.package_identification:_identify(STM32/main/Debug/Core/Src) by extension 'ros'
[0.300s] Level 1:colcon.colcon_core.package_identification:_identify(STM32/main/Debug/Core/Src) by extensions ['cmake', 'python']
[0.300s] Level 1:colcon.colcon_core.package_identification:_identify(STM32/main/Debug/Core/Src) by extension 'cmake'
[0.300s] Level 1:colcon.colcon_core.package_identification:_identify(STM32/main/Debug/Core/Src) by extension 'python'
[0.300s] Level 1:colcon.colcon_core.package_identification:_identify(STM32/main/Debug/Core/Src) by extensions ['python_setup_py']
[0.300s] Level 1:colcon.colcon_core.package_identification:_identify(STM32/main/Debug/Core/Src) by extension 'python_setup_py'
[0.300s] Level 1:colcon.colcon_core.package_identification:_identify(STM32/main/Debug/Core/Startup) by extensions ['ignore', 'ignore_ament_install']
[0.300s] Level 1:colcon.colcon_core.package_identification:_identify(STM32/main/Debug/Core/Startup) by extension 'ignore'
[0.300s] Level 1:colcon.colcon_core.package_identification:_identify(STM32/main/Debug/Core/Startup) by extension 'ignore_ament_install'
[0.300s] Level 1:colcon.colcon_core.package_identification:_identify(STM32/main/Debug/Core/Startup) by extensions ['colcon_pkg']
[0.300s] Level 1:colcon.colcon_core.package_identification:_identify(STM32/main/Debug/Core/Startup) by extension 'colcon_pkg'
[0.300s] Level 1:colcon.colcon_core.package_identification:_identify(STM32/main/Debug/Core/Startup) by extensions ['colcon_meta']
[0.301s] Level 1:colcon.colcon_core.package_identification:_identify(STM32/main/Debug/Core/Startup) by extension 'colcon_meta'
[0.301s] Level 1:colcon.colcon_core.package_identification:_identify(STM32/main/Debug/Core/Startup) by extensions ['ros']
[0.301s] Level 1:colcon.colcon_core.package_identification:_identify(STM32/main/Debug/Core/Startup) by extension 'ros'
[0.301s] Level 1:colcon.colcon_core.package_identification:_identify(STM32/main/Debug/Core/Startup) by extensions ['cmake', 'python']
[0.301s] Level 1:colcon.colcon_core.package_identification:_identify(STM32/main/Debug/Core/Startup) by extension 'cmake'
[0.301s] Level 1:colcon.colcon_core.package_identification:_identify(STM32/main/Debug/Core/Startup) by extension 'python'
[0.301s] Level 1:colcon.colcon_core.package_identification:_identify(STM32/main/Debug/Core/Startup) by extensions ['python_setup_py']
[0.301s] Level 1:colcon.colcon_core.package_identification:_identify(STM32/main/Debug/Core/Startup) by extension 'python_setup_py'
[0.301s] Level 1:colcon.colcon_core.package_identification:_identify(STM32/main/Debug/Drivers) by extensions ['ignore', 'ignore_ament_install']
[0.301s] Level 1:colcon.colcon_core.package_identification:_identify(STM32/main/Debug/Drivers) by extension 'ignore'
[0.301s] Level 1:colcon.colcon_core.package_identification:_identify(STM32/main/Debug/Drivers) by extension 'ignore_ament_install'
[0.301s] Level 1:colcon.colcon_core.package_identification:_identify(STM32/main/Debug/Drivers) by extensions ['colcon_pkg']
[0.301s] Level 1:colcon.colcon_core.package_identification:_identify(STM32/main/Debug/Drivers) by extension 'colcon_pkg'
[0.301s] Level 1:colcon.colcon_core.package_identification:_identify(STM32/main/Debug/Drivers) by extensions ['colcon_meta']
[0.301s] Level 1:colcon.colcon_core.package_identification:_identify(STM32/main/Debug/Drivers) by extension 'colcon_meta'
[0.301s] Level 1:colcon.colcon_core.package_identification:_identify(STM32/main/Debug/Drivers) by extensions ['ros']
[0.301s] Level 1:colcon.colcon_core.package_identification:_identify(STM32/main/Debug/Drivers) by extension 'ros'
[0.302s] Level 1:colcon.colcon_core.package_identification:_identify(STM32/main/Debug/Drivers) by extensions ['cmake', 'python']
[0.302s] Level 1:colcon.colcon_core.package_identification:_identify(STM32/main/Debug/Drivers) by extension 'cmake'
[0.302s] Level 1:colcon.colcon_core.package_identification:_identify(STM32/main/Debug/Drivers) by extension 'python'
[0.302s] Level 1:colcon.colcon_core.package_identification:_identify(STM32/main/Debug/Drivers) by extensions ['python_setup_py']
[0.302s] Level 1:colcon.colcon_core.package_identification:_identify(STM32/main/Debug/Drivers) by extension 'python_setup_py'
[0.302s] Level 1:colcon.colcon_core.package_identification:_identify(STM32/main/Debug/Drivers/Bosch) by extensions ['ignore', 'ignore_ament_install']
[0.302s] Level 1:colcon.colcon_core.package_identification:_identify(STM32/main/Debug/Drivers/Bosch) by extension 'ignore'
[0.302s] Level 1:colcon.colcon_core.package_identification:_identify(STM32/main/Debug/Drivers/Bosch) by extension 'ignore_ament_install'
[0.302s] Level 1:colcon.colcon_core.package_identification:_identify(STM32/main/Debug/Drivers/Bosch) by extensions ['colcon_pkg']
[0.302s] Level 1:colcon.colcon_core.package_identification:_identify(STM32/main/Debug/Drivers/Bosch) by extension 'colcon_pkg'
[0.302s] Level 1:colcon.colcon_core.package_identification:_identify(STM32/main/Debug/Drivers/Bosch) by extensions ['colcon_meta']
[0.302s] Level 1:colcon.colcon_core.package_identification:_identify(STM32/main/Debug/Drivers/Bosch) by extension 'colcon_meta'
[0.302s] Level 1:colcon.colcon_core.package_identification:_identify(STM32/main/Debug/Drivers/Bosch) by extensions ['ros']
[0.302s] Level 1:colcon.colcon_core.package_identification:_identify(STM32/main/Debug/Drivers/Bosch) by extension 'ros'
[0.302s] Level 1:colcon.colcon_core.package_identification:_identify(STM32/main/Debug/Drivers/Bosch) by extensions ['cmake', 'python']
[0.302s] Level 1:colcon.colcon_core.package_identification:_identify(STM32/main/Debug/Drivers/Bosch) by extension 'cmake'
[0.303s] Level 1:colcon.colcon_core.package_identification:_identify(STM32/main/Debug/Drivers/Bosch) by extension 'python'
[0.303s] Level 1:colcon.colcon_core.package_identification:_identify(STM32/main/Debug/Drivers/Bosch) by extensions ['python_setup_py']
[0.303s] Level 1:colcon.colcon_core.package_identification:_identify(STM32/main/Debug/Drivers/Bosch) by extension 'python_setup_py'
[0.303s] Level 1:colcon.colcon_core.package_identification:_identify(STM32/main/Debug/Drivers/Bosch/BMI088) by extensions ['ignore', 'ignore_ament_install']
[0.303s] Level 1:colcon.colcon_core.package_identification:_identify(STM32/main/Debug/Drivers/Bosch/BMI088) by extension 'ignore'
[0.303s] Level 1:colcon.colcon_core.package_identification:_identify(STM32/main/Debug/Drivers/Bosch/BMI088) by extension 'ignore_ament_install'
[0.303s] Level 1:colcon.colcon_core.package_identification:_identify(STM32/main/Debug/Drivers/Bosch/BMI088) by extensions ['colcon_pkg']
[0.303s] Level 1:colcon.colcon_core.package_identification:_identify(STM32/main/Debug/Drivers/Bosch/BMI088) by extension 'colcon_pkg'
[0.303s] Level 1:colcon.colcon_core.package_identification:_identify(STM32/main/Debug/Drivers/Bosch/BMI088) by extensions ['colcon_meta']
[0.303s] Level 1:colcon.colcon_core.package_identification:_identify(STM32/main/Debug/Drivers/Bosch/BMI088) by extension 'colcon_meta'
[0.303s] Level 1:colcon.colcon_core.package_identification:_identify(STM32/main/Debug/Drivers/Bosch/BMI088) by extensions ['ros']
[0.303s] Level 1:colcon.colcon_core.package_identification:_identify(STM32/main/Debug/Drivers/Bosch/BMI088) by extension 'ros'
[0.303s] Level 1:colcon.colcon_core.package_identification:_identify(STM32/main/Debug/Drivers/Bosch/BMI088) by extensions ['cmake', 'python']
[0.303s] Level 1:colcon.colcon_core.package_identification:_identify(STM32/main/Debug/Drivers/Bosch/BMI088) by extension 'cmake'
[0.303s] Level 1:colcon.colcon_core.package_identification:_identify(STM32/main/Debug/Drivers/Bosch/BMI088) by extension 'python'
[0.303s] Level 1:colcon.colcon_core.package_identification:_identify(STM32/main/Debug/Drivers/Bosch/BMI088) by extensions ['python_setup_py']
[0.303s] Level 1:colcon.colcon_core.package_identification:_identify(STM32/main/Debug/Drivers/Bosch/BMI088) by extension 'python_setup_py'
[0.304s] Level 1:colcon.colcon_core.package_identification:_identify(STM32/main/Debug/Drivers/STM32G0xx_HAL_Driver) by extensions ['ignore', 'ignore_ament_install']
[0.304s] Level 1:colcon.colcon_core.package_identification:_identify(STM32/main/Debug/Drivers/STM32G0xx_HAL_Driver) by extension 'ignore'
[0.304s] Level 1:colcon.colcon_core.package_identification:_identify(STM32/main/Debug/Drivers/STM32G0xx_HAL_Driver) by extension 'ignore_ament_install'
[0.304s] Level 1:colcon.colcon_core.package_identification:_identify(STM32/main/Debug/Drivers/STM32G0xx_HAL_Driver) by extensions ['colcon_pkg']
[0.304s] Level 1:colcon.colcon_core.package_identification:_identify(STM32/main/Debug/Drivers/STM32G0xx_HAL_Driver) by extension 'colcon_pkg'
[0.304s] Level 1:colcon.colcon_core.package_identification:_identify(STM32/main/Debug/Drivers/STM32G0xx_HAL_Driver) by extensions ['colcon_meta']
[0.304s] Level 1:colcon.colcon_core.package_identification:_identify(STM32/main/Debug/Drivers/STM32G0xx_HAL_Driver) by extension 'colcon_meta'
[0.304s] Level 1:colcon.colcon_core.package_identification:_identify(STM32/main/Debug/Drivers/STM32G0xx_HAL_Driver) by extensions ['ros']
[0.304s] Level 1:colcon.colcon_core.package_identification:_identify(STM32/main/Debug/Drivers/STM32G0xx_HAL_Driver) by extension 'ros'
[0.304s] Level 1:colcon.colcon_core.package_identification:_identify(STM32/main/Debug/Drivers/STM32G0xx_HAL_Driver) by extensions ['cmake', 'python']
[0.304s] Level 1:colcon.colcon_core.package_identification:_identify(STM32/main/Debug/Drivers/STM32G0xx_HAL_Driver) by extension 'cmake'
[0.304s] Level 1:colcon.colcon_core.package_identification:_identify(STM32/main/Debug/Drivers/STM32G0xx_HAL_Driver) by extension 'python'
[0.304s] Level 1:colcon.colcon_core.package_identification:_identify(STM32/main/Debug/Drivers/STM32G0xx_HAL_Driver) by extensions ['python_setup_py']
[0.304s] Level 1:colcon.colcon_core.package_identification:_identify(STM32/main/Debug/Drivers/STM32G0xx_HAL_Driver) by extension 'python_setup_py'
[0.305s] Level 1:colcon.colcon_core.package_identification:_identify(STM32/main/Debug/Drivers/STM32G0xx_HAL_Driver/Src) by extensions ['ignore', 'ignore_ament_install']
[0.305s] Level 1:colcon.colcon_core.package_identification:_identify(STM32/main/Debug/Drivers/STM32G0xx_HAL_Driver/Src) by extension 'ignore'
[0.305s] Level 1:colcon.colcon_core.package_identification:_identify(STM32/main/Debug/Drivers/STM32G0xx_HAL_Driver/Src) by extension 'ignore_ament_install'
[0.305s] Level 1:colcon.colcon_core.package_identification:_identify(STM32/main/Debug/Drivers/STM32G0xx_HAL_Driver/Src) by extensions ['colcon_pkg']
[0.305s] Level 1:colcon.colcon_core.package_identification:_identify(STM32/main/Debug/Drivers/STM32G0xx_HAL_Driver/Src) by extension 'colcon_pkg'
[0.305s] Level 1:colcon.colcon_core.package_identification:_identify(STM32/main/Debug/Drivers/STM32G0xx_HAL_Driver/Src) by extensions ['colcon_meta']
[0.305s] Level 1:colcon.colcon_core.package_identification:_identify(STM32/main/Debug/Drivers/STM32G0xx_HAL_Driver/Src) by extension 'colcon_meta'
[0.305s] Level 1:colcon.colcon_core.package_identification:_identify(STM32/main/Debug/Drivers/STM32G0xx_HAL_Driver/Src) by extensions ['ros']
[0.305s] Level 1:colcon.colcon_core.package_identification:_identify(STM32/main/Debug/Drivers/STM32G0xx_HAL_Driver/Src) by extension 'ros'
[0.305s] Level 1:colcon.colcon_core.package_identification:_identify(STM32/main/Debug/Drivers/STM32G0xx_HAL_Driver/Src) by extensions ['cmake', 'python']
[0.305s] Level 1:colcon.colcon_core.package_identification:_identify(STM32/main/Debug/Drivers/STM32G0xx_HAL_Driver/Src) by extension 'cmake'
[0.305s] Level 1:colcon.colcon_core.package_identification:_identify(STM32/main/Debug/Drivers/STM32G0xx_HAL_Driver/Src) by extension 'python'
[0.305s] Level 1:colcon.colcon_core.package_identification:_identify(STM32/main/Debug/Drivers/STM32G0xx_HAL_Driver/Src) by extensions ['python_setup_py']
[0.305s] Level 1:colcon.colcon_core.package_identification:_identify(STM32/main/Debug/Drivers/STM32G0xx_HAL_Driver/Src) by extension 'python_setup_py'
[0.305s] Level 1:colcon.colcon_core.package_identification:_identify(STM32/main/Drivers) by extensions ['ignore', 'ignore_ament_install']
[0.306s] Level 1:colcon.colcon_core.package_identification:_identify(STM32/main/Drivers) by extension 'ignore'
[0.306s] Level 1:colcon.colcon_core.package_identification:_identify(STM32/main/Drivers) by extension 'ignore_ament_install'
[0.306s] Level 1:colcon.colcon_core.package_identification:_identify(STM32/main/Drivers) by extensions ['colcon_pkg']
[0.306s] Level 1:colcon.colcon_core.package_identification:_identify(STM32/main/Drivers) by extension 'colcon_pkg'
[0.306s] Level 1:colcon.colcon_core.package_identification:_identify(STM32/main/Drivers) by extensions ['colcon_meta']
[0.306s] Level 1:colcon.colcon_core.package_identification:_identify(STM32/main/Drivers) by extension 'colcon_meta'
[0.306s] Level 1:colcon.colcon_core.package_identification:_identify(STM32/main/Drivers) by extensions ['ros']
[0.306s] Level 1:colcon.colcon_core.package_identification:_identify(STM32/main/Drivers) by extension 'ros'
[0.306s] Level 1:colcon.colcon_core.package_identification:_identify(STM32/main/Drivers) by extensions ['cmake', 'python']
[0.306s] Level 1:colcon.colcon_core.package_identification:_identify(STM32/main/Drivers) by extension 'cmake'
[0.306s] Level 1:colcon.colcon_core.package_identification:_identify(STM32/main/Drivers) by extension 'python'
[0.306s] Level 1:colcon.colcon_core.package_identification:_identify(STM32/main/Drivers) by extensions ['python_setup_py']
[0.306s] Level 1:colcon.colcon_core.package_identification:_identify(STM32/main/Drivers) by extension 'python_setup_py'
[0.306s] Level 1:colcon.colcon_core.package_identification:_identify(STM32/main/Drivers/Bosch) by extensions ['ignore', 'ignore_ament_install']
[0.306s] Level 1:colcon.colcon_core.package_identification:_identify(STM32/main/Drivers/Bosch) by extension 'ignore'
[0.306s] Level 1:colcon.colcon_core.package_identification:_identify(STM32/main/Drivers/Bosch) by extension 'ignore_ament_install'
[0.307s] Level 1:colcon.colcon_core.package_identification:_identify(STM32/main/Drivers/Bosch) by extensions ['colcon_pkg']
[0.307s] Level 1:colcon.colcon_core.package_identification:_identify(STM32/main/Drivers/Bosch) by extension 'colcon_pkg'
[0.307s] Level 1:colcon.colcon_core.package_identification:_identify(STM32/main/Drivers/Bosch) by extensions ['colcon_meta']
[0.307s] Level 1:colcon.colcon_core.package_identification:_identify(STM32/main/Drivers/Bosch) by extension 'colcon_meta'
[0.307s] Level 1:colcon.colcon_core.package_identification:_identify(STM32/main/Drivers/Bosch) by extensions ['ros']
[0.307s] Level 1:colcon.colcon_core.package_identification:_identify(STM32/main/Drivers/Bosch) by extension 'ros'
[0.307s] Level 1:colcon.colcon_core.package_identification:_identify(STM32/main/Drivers/Bosch) by extensions ['cmake', 'python']
[0.307s] Level 1:colcon.colcon_core.package_identification:_identify(STM32/main/Drivers/Bosch) by extension 'cmake'
[0.307s] Level 1:colcon.colcon_core.package_identification:_identify(STM32/main/Drivers/Bosch) by extension 'python'
[0.307s] Level 1:colcon.colcon_core.package_identification:_identify(STM32/main/Drivers/Bosch) by extensions ['python_setup_py']
[0.307s] Level 1:colcon.colcon_core.package_identification:_identify(STM32/main/Drivers/Bosch) by extension 'python_setup_py'
[0.307s] Level 1:colcon.colcon_core.package_identification:_identify(STM32/main/Drivers/Bosch/BMI088) by extensions ['ignore', 'ignore_ament_install']
[0.307s] Level 1:colcon.colcon_core.package_identification:_identify(STM32/main/Drivers/Bosch/BMI088) by extension 'ignore'
[0.307s] Level 1:colcon.colcon_core.package_identification:_identify(STM32/main/Drivers/Bosch/BMI088) by extension 'ignore_ament_install'
[0.307s] Level 1:colcon.colcon_core.package_identification:_identify(STM32/main/Drivers/Bosch/BMI088) by extensions ['colcon_pkg']
[0.307s] Level 1:colcon.colcon_core.package_identification:_identify(STM32/main/Drivers/Bosch/BMI088) by extension 'colcon_pkg'
[0.307s] Level 1:colcon.colcon_core.package_identification:_identify(STM32/main/Drivers/Bosch/BMI088) by extensions ['colcon_meta']
[0.307s] Level 1:colcon.colcon_core.package_identification:_identify(STM32/main/Drivers/Bosch/BMI088) by extension 'colcon_meta'
[0.308s] Level 1:colcon.colcon_core.package_identification:_identify(STM32/main/Drivers/Bosch/BMI088) by extensions ['ros']
[0.308s] Level 1:colcon.colcon_core.package_identification:_identify(STM32/main/Drivers/Bosch/BMI088) by extension 'ros'
[0.308s] Level 1:colcon.colcon_core.package_identification:_identify(STM32/main/Drivers/Bosch/BMI088) by extensions ['cmake', 'python']
[0.308s] Level 1:colcon.colcon_core.package_identification:_identify(STM32/main/Drivers/Bosch/BMI088) by extension 'cmake'
[0.308s] Level 1:colcon.colcon_core.package_identification:_identify(STM32/main/Drivers/Bosch/BMI088) by extension 'python'
[0.308s] Level 1:colcon.colcon_core.package_identification:_identify(STM32/main/Drivers/Bosch/BMI088) by extensions ['python_setup_py']
[0.308s] Level 1:colcon.colcon_core.package_identification:_identify(STM32/main/Drivers/Bosch/BMI088) by extension 'python_setup_py'
[0.308s] Level 1:colcon.colcon_core.package_identification:_identify(STM32/main/Drivers/CMSIS) by extensions ['ignore', 'ignore_ament_install']
[0.308s] Level 1:colcon.colcon_core.package_identification:_identify(STM32/main/Drivers/CMSIS) by extension 'ignore'
[0.308s] Level 1:colcon.colcon_core.package_identification:_identify(STM32/main/Drivers/CMSIS) by extension 'ignore_ament_install'
[0.308s] Level 1:colcon.colcon_core.package_identification:_identify(STM32/main/Drivers/CMSIS) by extensions ['colcon_pkg']
[0.308s] Level 1:colcon.colcon_core.package_identification:_identify(STM32/main/Drivers/CMSIS) by extension 'colcon_pkg'
[0.308s] Level 1:colcon.colcon_core.package_identification:_identify(STM32/main/Drivers/CMSIS) by extensions ['colcon_meta']
[0.308s] Level 1:colcon.colcon_core.package_identification:_identify(STM32/main/Drivers/CMSIS) by extension 'colcon_meta'
[0.308s] Level 1:colcon.colcon_core.package_identification:_identify(STM32/main/Drivers/CMSIS) by extensions ['ros']
[0.308s] Level 1:colcon.colcon_core.package_identification:_identify(STM32/main/Drivers/CMSIS) by extension 'ros'
[0.308s] Level 1:colcon.colcon_core.package_identification:_identify(STM32/main/Drivers/CMSIS) by extensions ['cmake', 'python']
[0.309s] Level 1:colcon.colcon_core.package_identification:_identify(STM32/main/Drivers/CMSIS) by extension 'cmake'
[0.309s] Level 1:colcon.colcon_core.package_identification:_identify(STM32/main/Drivers/CMSIS) by extension 'python'
[0.309s] Level 1:colcon.colcon_core.package_identification:_identify(STM32/main/Drivers/CMSIS) by extensions ['python_setup_py']
[0.309s] Level 1:colcon.colcon_core.package_identification:_identify(STM32/main/Drivers/CMSIS) by extension 'python_setup_py'
[0.309s] Level 1:colcon.colcon_core.package_identification:_identify(STM32/main/Drivers/CMSIS/Device) by extensions ['ignore', 'ignore_ament_install']
[0.309s] Level 1:colcon.colcon_core.package_identification:_identify(STM32/main/Drivers/CMSIS/Device) by extension 'ignore'
[0.309s] Level 1:colcon.colcon_core.package_identification:_identify(STM32/main/Drivers/CMSIS/Device) by extension 'ignore_ament_install'
[0.309s] Level 1:colcon.colcon_core.package_identification:_identify(STM32/main/Drivers/CMSIS/Device) by extensions ['colcon_pkg']
[0.309s] Level 1:colcon.colcon_core.package_identification:_identify(STM32/main/Drivers/CMSIS/Device) by extension 'colcon_pkg'
[0.309s] Level 1:colcon.colcon_core.package_identification:_identify(STM32/main/Drivers/CMSIS/Device) by extensions ['colcon_meta']
[0.309s] Level 1:colcon.colcon_core.package_identification:_identify(STM32/main/Drivers/CMSIS/Device) by extension 'colcon_meta'
[0.309s] Level 1:colcon.colcon_core.package_identification:_identify(STM32/main/Drivers/CMSIS/Device) by extensions ['ros']
[0.309s] Level 1:colcon.colcon_core.package_identification:_identify(STM32/main/Drivers/CMSIS/Device) by extension 'ros'
[0.309s] Level 1:colcon.colcon_core.package_identification:_identify(STM32/main/Drivers/CMSIS/Device) by extensions ['cmake', 'python']
[0.309s] Level 1:colcon.colcon_core.package_identification:_identify(STM32/main/Drivers/CMSIS/Device) by extension 'cmake'
[0.309s] Level 1:colcon.colcon_core.package_identification:_identify(STM32/main/Drivers/CMSIS/Device) by extension 'python'
[0.309s] Level 1:colcon.colcon_core.package_identification:_identify(STM32/main/Drivers/CMSIS/Device) by extensions ['python_setup_py']
[0.310s] Level 1:colcon.colcon_core.package_identification:_identify(STM32/main/Drivers/CMSIS/Device) by extension 'python_setup_py'
[0.310s] Level 1:colcon.colcon_core.package_identification:_identify(STM32/main/Drivers/CMSIS/Device/ST) by extensions ['ignore', 'ignore_ament_install']
[0.310s] Level 1:colcon.colcon_core.package_identification:_identify(STM32/main/Drivers/CMSIS/Device/ST) by extension 'ignore'
[0.310s] Level 1:colcon.colcon_core.package_identification:_identify(STM32/main/Drivers/CMSIS/Device/ST) by extension 'ignore_ament_install'
[0.310s] Level 1:colcon.colcon_core.package_identification:_identify(STM32/main/Drivers/CMSIS/Device/ST) by extensions ['colcon_pkg']
[0.310s] Level 1:colcon.colcon_core.package_identification:_identify(STM32/main/Drivers/CMSIS/Device/ST) by extension 'colcon_pkg'
[0.310s] Level 1:colcon.colcon_core.package_identification:_identify(STM32/main/Drivers/CMSIS/Device/ST) by extensions ['colcon_meta']
[0.310s] Level 1:colcon.colcon_core.package_identification:_identify(STM32/main/Drivers/CMSIS/Device/ST) by extension 'colcon_meta'
[0.310s] Level 1:colcon.colcon_core.package_identification:_identify(STM32/main/Drivers/CMSIS/Device/ST) by extensions ['ros']
[0.310s] Level 1:colcon.colcon_core.package_identification:_identify(STM32/main/Drivers/CMSIS/Device/ST) by extension 'ros'
[0.310s] Level 1:colcon.colcon_core.package_identification:_identify(STM32/main/Drivers/CMSIS/Device/ST) by extensions ['cmake', 'python']
[0.310s] Level 1:colcon.colcon_core.package_identification:_identify(STM32/main/Drivers/CMSIS/Device/ST) by extension 'cmake'
[0.310s] Level 1:colcon.colcon_core.package_identification:_identify(STM32/main/Drivers/CMSIS/Device/ST) by extension 'python'
[0.310s] Level 1:colcon.colcon_core.package_identification:_identify(STM32/main/Drivers/CMSIS/Device/ST) by extensions ['python_setup_py']
[0.310s] Level 1:colcon.colcon_core.package_identification:_identify(STM32/main/Drivers/CMSIS/Device/ST) by extension 'python_setup_py'
[0.310s] Level 1:colcon.colcon_core.package_identification:_identify(STM32/main/Drivers/CMSIS/Device/ST/STM32G0xx) by extensions ['ignore', 'ignore_ament_install']
[0.311s] Level 1:colcon.colcon_core.package_identification:_identify(STM32/main/Drivers/CMSIS/Device/ST/STM32G0xx) by extension 'ignore'
[0.311s] Level 1:colcon.colcon_core.package_identification:_identify(STM32/main/Drivers/CMSIS/Device/ST/STM32G0xx) by extension 'ignore_ament_install'
[0.311s] Level 1:colcon.colcon_core.package_identification:_identify(STM32/main/Drivers/CMSIS/Device/ST/STM32G0xx) by extensions ['colcon_pkg']
[0.311s] Level 1:colcon.colcon_core.package_identification:_identify(STM32/main/Drivers/CMSIS/Device/ST/STM32G0xx) by extension 'colcon_pkg'
[0.311s] Level 1:colcon.colcon_core.package_identification:_identify(STM32/main/Drivers/CMSIS/Device/ST/STM32G0xx) by extensions ['colcon_meta']
[0.311s] Level 1:colcon.colcon_core.package_identification:_identify(STM32/main/Drivers/CMSIS/Device/ST/STM32G0xx) by extension 'colcon_meta'
[0.311s] Level 1:colcon.colcon_core.package_identification:_identify(STM32/main/Drivers/CMSIS/Device/ST/STM32G0xx) by extensions ['ros']
[0.311s] Level 1:colcon.colcon_core.package_identification:_identify(STM32/main/Drivers/CMSIS/Device/ST/STM32G0xx) by extension 'ros'
[0.311s] Level 1:colcon.colcon_core.package_identification:_identify(STM32/main/Drivers/CMSIS/Device/ST/STM32G0xx) by extensions ['cmake', 'python']
[0.311s] Level 1:colcon.colcon_core.package_identification:_identify(STM32/main/Drivers/CMSIS/Device/ST/STM32G0xx) by extension 'cmake'
[0.311s] Level 1:colcon.colcon_core.package_identification:_identify(STM32/main/Drivers/CMSIS/Device/ST/STM32G0xx) by extension 'python'
[0.311s] Level 1:colcon.colcon_core.package_identification:_identify(STM32/main/Drivers/CMSIS/Device/ST/STM32G0xx) by extensions ['python_setup_py']
[0.311s] Level 1:colcon.colcon_core.package_identification:_identify(STM32/main/Drivers/CMSIS/Device/ST/STM32G0xx) by extension 'python_setup_py'
[0.311s] Level 1:colcon.colcon_core.package_identification:_identify(STM32/main/Drivers/CMSIS/Device/ST/STM32G0xx/Include) by extensions ['ignore', 'ignore_ament_install']
[0.311s] Level 1:colcon.colcon_core.package_identification:_identify(STM32/main/Drivers/CMSIS/Device/ST/STM32G0xx/Include) by extension 'ignore'
[0.312s] Level 1:colcon.colcon_core.package_identification:_identify(STM32/main/Drivers/CMSIS/Device/ST/STM32G0xx/Include) by extension 'ignore_ament_install'
[0.312s] Level 1:colcon.colcon_core.package_identification:_identify(STM32/main/Drivers/CMSIS/Device/ST/STM32G0xx/Include) by extensions ['colcon_pkg']
[0.312s] Level 1:colcon.colcon_core.package_identification:_identify(STM32/main/Drivers/CMSIS/Device/ST/STM32G0xx/Include) by extension 'colcon_pkg'
[0.312s] Level 1:colcon.colcon_core.package_identification:_identify(STM32/main/Drivers/CMSIS/Device/ST/STM32G0xx/Include) by extensions ['colcon_meta']
[0.312s] Level 1:colcon.colcon_core.package_identification:_identify(STM32/main/Drivers/CMSIS/Device/ST/STM32G0xx/Include) by extension 'colcon_meta'
[0.312s] Level 1:colcon.colcon_core.package_identification:_identify(STM32/main/Drivers/CMSIS/Device/ST/STM32G0xx/Include) by extensions ['ros']
[0.312s] Level 1:colcon.colcon_core.package_identification:_identify(STM32/main/Drivers/CMSIS/Device/ST/STM32G0xx/Include) by extension 'ros'
[0.312s] Level 1:colcon.colcon_core.package_identification:_identify(STM32/main/Drivers/CMSIS/Device/ST/STM32G0xx/Include) by extensions ['cmake', 'python']
[0.312s] Level 1:colcon.colcon_core.package_identification:_identify(STM32/main/Drivers/CMSIS/Device/ST/STM32G0xx/Include) by extension 'cmake'
[0.312s] Level 1:colcon.colcon_core.package_identification:_identify(STM32/main/Drivers/CMSIS/Device/ST/STM32G0xx/Include) by extension 'python'
[0.312s] Level 1:colcon.colcon_core.package_identification:_identify(STM32/main/Drivers/CMSIS/Device/ST/STM32G0xx/Include) by extensions ['python_setup_py']
[0.312s] Level 1:colcon.colcon_core.package_identification:_identify(STM32/main/Drivers/CMSIS/Device/ST/STM32G0xx/Include) by extension 'python_setup_py'
[0.312s] Level 1:colcon.colcon_core.package_identification:_identify(STM32/main/Drivers/CMSIS/Device/ST/STM32G0xx/Source) by extensions ['ignore', 'ignore_ament_install']
[0.312s] Level 1:colcon.colcon_core.package_identification:_identify(STM32/main/Drivers/CMSIS/Device/ST/STM32G0xx/Source) by extension 'ignore'
[0.312s] Level 1:colcon.colcon_core.package_identification:_identify(STM32/main/Drivers/CMSIS/Device/ST/STM32G0xx/Source) by extension 'ignore_ament_install'
[0.313s] Level 1:colcon.colcon_core.package_identification:_identify(STM32/main/Drivers/CMSIS/Device/ST/STM32G0xx/Source) by extensions ['colcon_pkg']
[0.313s] Level 1:colcon.colcon_core.package_identification:_identify(STM32/main/Drivers/CMSIS/Device/ST/STM32G0xx/Source) by extension 'colcon_pkg'
[0.313s] Level 1:colcon.colcon_core.package_identification:_identify(STM32/main/Drivers/CMSIS/Device/ST/STM32G0xx/Source) by extensions ['colcon_meta']
[0.313s] Level 1:colcon.colcon_core.package_identification:_identify(STM32/main/Drivers/CMSIS/Device/ST/STM32G0xx/Source) by extension 'colcon_meta'
[0.313s] Level 1:colcon.colcon_core.package_identification:_identify(STM32/main/Drivers/CMSIS/Device/ST/STM32G0xx/Source) by extensions ['ros']
[0.313s] Level 1:colcon.colcon_core.package_identification:_identify(STM32/main/Drivers/CMSIS/Device/ST/STM32G0xx/Source) by extension 'ros'
[0.313s] Level 1:colcon.colcon_core.package_identification:_identify(STM32/main/Drivers/CMSIS/Device/ST/STM32G0xx/Source) by extensions ['cmake', 'python']
[0.313s] Level 1:colcon.colcon_core.package_identification:_identify(STM32/main/Drivers/CMSIS/Device/ST/STM32G0xx/Source) by extension 'cmake'
[0.313s] Level 1:colcon.colcon_core.package_identification:_identify(STM32/main/Drivers/CMSIS/Device/ST/STM32G0xx/Source) by extension 'python'
[0.313s] Level 1:colcon.colcon_core.package_identification:_identify(STM32/main/Drivers/CMSIS/Device/ST/STM32G0xx/Source) by extensions ['python_setup_py']
[0.313s] Level 1:colcon.colcon_core.package_identification:_identify(STM32/main/Drivers/CMSIS/Device/ST/STM32G0xx/Source) by extension 'python_setup_py'
[0.313s] Level 1:colcon.colcon_core.package_identification:_identify(STM32/main/Drivers/CMSIS/Device/ST/STM32G0xx/Source/Templates) by extensions ['ignore', 'ignore_ament_install']
[0.313s] Level 1:colcon.colcon_core.package_identification:_identify(STM32/main/Drivers/CMSIS/Device/ST/STM32G0xx/Source/Templates) by extension 'ignore'
[0.313s] Level 1:colcon.colcon_core.package_identification:_identify(STM32/main/Drivers/CMSIS/Device/ST/STM32G0xx/Source/Templates) by extension 'ignore_ament_install'
[0.313s] Level 1:colcon.colcon_core.package_identification:_identify(STM32/main/Drivers/CMSIS/Device/ST/STM32G0xx/Source/Templates) by extensions ['colcon_pkg']
[0.313s] Level 1:colcon.colcon_core.package_identification:_identify(STM32/main/Drivers/CMSIS/Device/ST/STM32G0xx/Source/Templates) by extension 'colcon_pkg'
[0.314s] Level 1:colcon.colcon_core.package_identification:_identify(STM32/main/Drivers/CMSIS/Device/ST/STM32G0xx/Source/Templates) by extensions ['colcon_meta']
[0.314s] Level 1:colcon.colcon_core.package_identification:_identify(STM32/main/Drivers/CMSIS/Device/ST/STM32G0xx/Source/Templates) by extension 'colcon_meta'
[0.314s] Level 1:colcon.colcon_core.package_identification:_identify(STM32/main/Drivers/CMSIS/Device/ST/STM32G0xx/Source/Templates) by extensions ['ros']
[0.314s] Level 1:colcon.colcon_core.package_identification:_identify(STM32/main/Drivers/CMSIS/Device/ST/STM32G0xx/Source/Templates) by extension 'ros'
[0.314s] Level 1:colcon.colcon_core.package_identification:_identify(STM32/main/Drivers/CMSIS/Device/ST/STM32G0xx/Source/Templates) by extensions ['cmake', 'python']
[0.314s] Level 1:colcon.colcon_core.package_identification:_identify(STM32/main/Drivers/CMSIS/Device/ST/STM32G0xx/Source/Templates) by extension 'cmake'
[0.314s] Level 1:colcon.colcon_core.package_identification:_identify(STM32/main/Drivers/CMSIS/Device/ST/STM32G0xx/Source/Templates) by extension 'python'
[0.314s] Level 1:colcon.colcon_core.package_identification:_identify(STM32/main/Drivers/CMSIS/Device/ST/STM32G0xx/Source/Templates) by extensions ['python_setup_py']
[0.314s] Level 1:colcon.colcon_core.package_identification:_identify(STM32/main/Drivers/CMSIS/Device/ST/STM32G0xx/Source/Templates) by extension 'python_setup_py'
[0.314s] Level 1:colcon.colcon_core.package_identification:_identify(STM32/main/Drivers/CMSIS/Include) by extensions ['ignore', 'ignore_ament_install']
[0.314s] Level 1:colcon.colcon_core.package_identification:_identify(STM32/main/Drivers/CMSIS/Include) by extension 'ignore'
[0.314s] Level 1:colcon.colcon_core.package_identification:_identify(STM32/main/Drivers/CMSIS/Include) by extension 'ignore_ament_install'
[0.314s] Level 1:colcon.colcon_core.package_identification:_identify(STM32/main/Drivers/CMSIS/Include) by extensions ['colcon_pkg']
[0.314s] Level 1:colcon.colcon_core.package_identification:_identify(STM32/main/Drivers/CMSIS/Include) by extension 'colcon_pkg'
[0.314s] Level 1:colcon.colcon_core.package_identification:_identify(STM32/main/Drivers/CMSIS/Include) by extensions ['colcon_meta']
[0.314s] Level 1:colcon.colcon_core.package_identification:_identify(STM32/main/Drivers/CMSIS/Include) by extension 'colcon_meta'
[0.315s] Level 1:colcon.colcon_core.package_identification:_identify(STM32/main/Drivers/CMSIS/Include) by extensions ['ros']
[0.315s] Level 1:colcon.colcon_core.package_identification:_identify(STM32/main/Drivers/CMSIS/Include) by extension 'ros'
[0.315s] Level 1:colcon.colcon_core.package_identification:_identify(STM32/main/Drivers/CMSIS/Include) by extensions ['cmake', 'python']
[0.315s] Level 1:colcon.colcon_core.package_identification:_identify(STM32/main/Drivers/CMSIS/Include) by extension 'cmake'
[0.315s] Level 1:colcon.colcon_core.package_identification:_identify(STM32/main/Drivers/CMSIS/Include) by extension 'python'
[0.315s] Level 1:colcon.colcon_core.package_identification:_identify(STM32/main/Drivers/CMSIS/Include) by extensions ['python_setup_py']
[0.315s] Level 1:colcon.colcon_core.package_identification:_identify(STM32/main/Drivers/CMSIS/Include) by extension 'python_setup_py'
[0.315s] Level 1:colcon.colcon_core.package_identification:_identify(STM32/main/Drivers/STM32G0xx_HAL_Driver) by extensions ['ignore', 'ignore_ament_install']
[0.315s] Level 1:colcon.colcon_core.package_identification:_identify(STM32/main/Drivers/STM32G0xx_HAL_Driver) by extension 'ignore'
[0.315s] Level 1:colcon.colcon_core.package_identification:_identify(STM32/main/Drivers/STM32G0xx_HAL_Driver) by extension 'ignore_ament_install'
[0.315s] Level 1:colcon.colcon_core.package_identification:_identify(STM32/main/Drivers/STM32G0xx_HAL_Driver) by extensions ['colcon_pkg']
[0.315s] Level 1:colcon.colcon_core.package_identification:_identify(STM32/main/Drivers/STM32G0xx_HAL_Driver) by extension 'colcon_pkg'
[0.315s] Level 1:colcon.colcon_core.package_identification:_identify(STM32/main/Drivers/STM32G0xx_HAL_Driver) by extensions ['colcon_meta']
[0.315s] Level 1:colcon.colcon_core.package_identification:_identify(STM32/main/Drivers/STM32G0xx_HAL_Driver) by extension 'colcon_meta'
[0.315s] Level 1:colcon.colcon_core.package_identification:_identify(STM32/main/Drivers/STM32G0xx_HAL_Driver) by extensions ['ros']
[0.315s] Level 1:colcon.colcon_core.package_identification:_identify(STM32/main/Drivers/STM32G0xx_HAL_Driver) by extension 'ros'
[0.316s] Level 1:colcon.colcon_core.package_identification:_identify(STM32/main/Drivers/STM32G0xx_HAL_Driver) by extensions ['cmake', 'python']
[0.316s] Level 1:colcon.colcon_core.package_identification:_identify(STM32/main/Drivers/STM32G0xx_HAL_Driver) by extension 'cmake'
[0.316s] Level 1:colcon.colcon_core.package_identification:_identify(STM32/main/Drivers/STM32G0xx_HAL_Driver) by extension 'python'
[0.316s] Level 1:colcon.colcon_core.package_identification:_identify(STM32/main/Drivers/STM32G0xx_HAL_Driver) by extensions ['python_setup_py']
[0.316s] Level 1:colcon.colcon_core.package_identification:_identify(STM32/main/Drivers/STM32G0xx_HAL_Driver) by extension 'python_setup_py'
[0.316s] Level 1:colcon.colcon_core.package_identification:_identify(STM32/main/Drivers/STM32G0xx_HAL_Driver/Inc) by extensions ['ignore', 'ignore_ament_install']
[0.316s] Level 1:colcon.colcon_core.package_identification:_identify(STM32/main/Drivers/STM32G0xx_HAL_Driver/Inc) by extension 'ignore'
[0.316s] Level 1:colcon.colcon_core.package_identification:_identify(STM32/main/Drivers/STM32G0xx_HAL_Driver/Inc) by extension 'ignore_ament_install'
[0.316s] Level 1:colcon.colcon_core.package_identification:_identify(STM32/main/Drivers/STM32G0xx_HAL_Driver/Inc) by extensions ['colcon_pkg']
[0.316s] Level 1:colcon.colcon_core.package_identification:_identify(STM32/main/Drivers/STM32G0xx_HAL_Driver/Inc) by extension 'colcon_pkg'
[0.316s] Level 1:colcon.colcon_core.package_identification:_identify(STM32/main/Drivers/STM32G0xx_HAL_Driver/Inc) by extensions ['colcon_meta']
[0.316s] Level 1:colcon.colcon_core.package_identification:_identify(STM32/main/Drivers/STM32G0xx_HAL_Driver/Inc) by extension 'colcon_meta'
[0.316s] Level 1:colcon.colcon_core.package_identification:_identify(STM32/main/Drivers/STM32G0xx_HAL_Driver/Inc) by extensions ['ros']
[0.316s] Level 1:colcon.colcon_core.package_identification:_identify(STM32/main/Drivers/STM32G0xx_HAL_Driver/Inc) by extension 'ros'
[0.316s] Level 1:colcon.colcon_core.package_identification:_identify(STM32/main/Drivers/STM32G0xx_HAL_Driver/Inc) by extensions ['cmake', 'python']
[0.316s] Level 1:colcon.colcon_core.package_identification:_identify(STM32/main/Drivers/STM32G0xx_HAL_Driver/Inc) by extension 'cmake'
[0.317s] Level 1:colcon.colcon_core.package_identification:_identify(STM32/main/Drivers/STM32G0xx_HAL_Driver/Inc) by extension 'python'
[0.317s] Level 1:colcon.colcon_core.package_identification:_identify(STM32/main/Drivers/STM32G0xx_HAL_Driver/Inc) by extensions ['python_setup_py']
[0.317s] Level 1:colcon.colcon_core.package_identification:_identify(STM32/main/Drivers/STM32G0xx_HAL_Driver/Inc) by extension 'python_setup_py'
[0.317s] Level 1:colcon.colcon_core.package_identification:_identify(STM32/main/Drivers/STM32G0xx_HAL_Driver/Inc/Legacy) by extensions ['ignore', 'ignore_ament_install']
[0.317s] Level 1:colcon.colcon_core.package_identification:_identify(STM32/main/Drivers/STM32G0xx_HAL_Driver/Inc/Legacy) by extension 'ignore'
[0.317s] Level 1:colcon.colcon_core.package_identification:_identify(STM32/main/Drivers/STM32G0xx_HAL_Driver/Inc/Legacy) by extension 'ignore_ament_install'
[0.317s] Level 1:colcon.colcon_core.package_identification:_identify(STM32/main/Drivers/STM32G0xx_HAL_Driver/Inc/Legacy) by extensions ['colcon_pkg']
[0.317s] Level 1:colcon.colcon_core.package_identification:_identify(STM32/main/Drivers/STM32G0xx_HAL_Driver/Inc/Legacy) by extension 'colcon_pkg'
[0.317s] Level 1:colcon.colcon_core.package_identification:_identify(STM32/main/Drivers/STM32G0xx_HAL_Driver/Inc/Legacy) by extensions ['colcon_meta']
[0.317s] Level 1:colcon.colcon_core.package_identification:_identify(STM32/main/Drivers/STM32G0xx_HAL_Driver/Inc/Legacy) by extension 'colcon_meta'
[0.317s] Level 1:colcon.colcon_core.package_identification:_identify(STM32/main/Drivers/STM32G0xx_HAL_Driver/Inc/Legacy) by extensions ['ros']
[0.317s] Level 1:colcon.colcon_core.package_identification:_identify(STM32/main/Drivers/STM32G0xx_HAL_Driver/Inc/Legacy) by extension 'ros'
[0.317s] Level 1:colcon.colcon_core.package_identification:_identify(STM32/main/Drivers/STM32G0xx_HAL_Driver/Inc/Legacy) by extensions ['cmake', 'python']
[0.317s] Level 1:colcon.colcon_core.package_identification:_identify(STM32/main/Drivers/STM32G0xx_HAL_Driver/Inc/Legacy) by extension 'cmake'
[0.317s] Level 1:colcon.colcon_core.package_identification:_identify(STM32/main/Drivers/STM32G0xx_HAL_Driver/Inc/Legacy) by extension 'python'
[0.317s] Level 1:colcon.colcon_core.package_identification:_identify(STM32/main/Drivers/STM32G0xx_HAL_Driver/Inc/Legacy) by extensions ['python_setup_py']
[0.317s] Level 1:colcon.colcon_core.package_identification:_identify(STM32/main/Drivers/STM32G0xx_HAL_Driver/Inc/Legacy) by extension 'python_setup_py'
[0.318s] Level 1:colcon.colcon_core.package_identification:_identify(STM32/main/Drivers/STM32G0xx_HAL_Driver/Src) by extensions ['ignore', 'ignore_ament_install']
[0.318s] Level 1:colcon.colcon_core.package_identification:_identify(STM32/main/Drivers/STM32G0xx_HAL_Driver/Src) by extension 'ignore'
[0.318s] Level 1:colcon.colcon_core.package_identification:_identify(STM32/main/Drivers/STM32G0xx_HAL_Driver/Src) by extension 'ignore_ament_install'
[0.318s] Level 1:colcon.colcon_core.package_identification:_identify(STM32/main/Drivers/STM32G0xx_HAL_Driver/Src) by extensions ['colcon_pkg']
[0.318s] Level 1:colcon.colcon_core.package_identification:_identify(STM32/main/Drivers/STM32G0xx_HAL_Driver/Src) by extension 'colcon_pkg'
[0.318s] Level 1:colcon.colcon_core.package_identification:_identify(STM32/main/Drivers/STM32G0xx_HAL_Driver/Src) by extensions ['colcon_meta']
[0.318s] Level 1:colcon.colcon_core.package_identification:_identify(STM32/main/Drivers/STM32G0xx_HAL_Driver/Src) by extension 'colcon_meta'
[0.318s] Level 1:colcon.colcon_core.package_identification:_identify(STM32/main/Drivers/STM32G0xx_HAL_Driver/Src) by extensions ['ros']
[0.318s] Level 1:colcon.colcon_core.package_identification:_identify(STM32/main/Drivers/STM32G0xx_HAL_Driver/Src) by extension 'ros'
[0.318s] Level 1:colcon.colcon_core.package_identification:_identify(STM32/main/Drivers/STM32G0xx_HAL_Driver/Src) by extensions ['cmake', 'python']
[0.318s] Level 1:colcon.colcon_core.package_identification:_identify(STM32/main/Drivers/STM32G0xx_HAL_Driver/Src) by extension 'cmake'
[0.318s] Level 1:colcon.colcon_core.package_identification:_identify(STM32/main/Drivers/STM32G0xx_HAL_Driver/Src) by extension 'python'
[0.318s] Level 1:colcon.colcon_core.package_identification:_identify(STM32/main/Drivers/STM32G0xx_HAL_Driver/Src) by extensions ['python_setup_py']
[0.318s] Level 1:colcon.colcon_core.package_identification:_identify(STM32/main/Drivers/STM32G0xx_HAL_Driver/Src) by extension 'python_setup_py'
[0.318s] Level 1:colcon.colcon_core.package_identification:_identify(STM32/main/X-CUBE-53L0A1) by extensions ['ignore', 'ignore_ament_install']
[0.319s] Level 1:colcon.colcon_core.package_identification:_identify(STM32/main/X-CUBE-53L0A1) by extension 'ignore'
[0.319s] Level 1:colcon.colcon_core.package_identification:_identify(STM32/main/X-CUBE-53L0A1) by extension 'ignore_ament_install'
[0.319s] Level 1:colcon.colcon_core.package_identification:_identify(STM32/main/X-CUBE-53L0A1) by extensions ['colcon_pkg']
[0.319s] Level 1:colcon.colcon_core.package_identification:_identify(STM32/main/X-CUBE-53L0A1) by extension 'colcon_pkg'
[0.319s] Level 1:colcon.colcon_core.package_identification:_identify(STM32/main/X-CUBE-53L0A1) by extensions ['colcon_meta']
[0.319s] Level 1:colcon.colcon_core.package_identification:_identify(STM32/main/X-CUBE-53L0A1) by extension 'colcon_meta'
[0.319s] Level 1:colcon.colcon_core.package_identification:_identify(STM32/main/X-CUBE-53L0A1) by extensions ['ros']
[0.319s] Level 1:colcon.colcon_core.package_identification:_identify(STM32/main/X-CUBE-53L0A1) by extension 'ros'
[0.319s] Level 1:colcon.colcon_core.package_identification:_identify(STM32/main/X-CUBE-53L0A1) by extensions ['cmake', 'python']
[0.319s] Level 1:colcon.colcon_core.package_identification:_identify(STM32/main/X-CUBE-53L0A1) by extension 'cmake'
[0.319s] Level 1:colcon.colcon_core.package_identification:_identify(STM32/main/X-CUBE-53L0A1) by extension 'python'
[0.319s] Level 1:colcon.colcon_core.package_identification:_identify(STM32/main/X-CUBE-53L0A1) by extensions ['python_setup_py']
[0.319s] Level 1:colcon.colcon_core.package_identification:_identify(STM32/main/X-CUBE-53L0A1) by extension 'python_setup_py'
[0.319s] Level 1:colcon.colcon_core.package_identification:_identify(STM32/main/X-CUBE-53L0A1/STM32CubeExpansion_VL53L0X_V1.2.0) by extensions ['ignore', 'ignore_ament_install']
[0.319s] Level 1:colcon.colcon_core.package_identification:_identify(STM32/main/X-CUBE-53L0A1/STM32CubeExpansion_VL53L0X_V1.2.0) by extension 'ignore'
[0.319s] Level 1:colcon.colcon_core.package_identification:_identify(STM32/main/X-CUBE-53L0A1/STM32CubeExpansion_VL53L0X_V1.2.0) by extension 'ignore_ament_install'
[0.319s] Level 1:colcon.colcon_core.package_identification:_identify(STM32/main/X-CUBE-53L0A1/STM32CubeExpansion_VL53L0X_V1.2.0) by extensions ['colcon_pkg']
[0.320s] Level 1:colcon.colcon_core.package_identification:_identify(STM32/main/X-CUBE-53L0A1/STM32CubeExpansion_VL53L0X_V1.2.0) by extension 'colcon_pkg'
[0.320s] Level 1:colcon.colcon_core.package_identification:_identify(STM32/main/X-CUBE-53L0A1/STM32CubeExpansion_VL53L0X_V1.2.0) by extensions ['colcon_meta']
[0.320s] Level 1:colcon.colcon_core.package_identification:_identify(STM32/main/X-CUBE-53L0A1/STM32CubeExpansion_VL53L0X_V1.2.0) by extension 'colcon_meta'
[0.320s] Level 1:colcon.colcon_core.package_identification:_identify(STM32/main/X-CUBE-53L0A1/STM32CubeExpansion_VL53L0X_V1.2.0) by extensions ['ros']
[0.320s] Level 1:colcon.colcon_core.package_identification:_identify(STM32/main/X-CUBE-53L0A1/STM32CubeExpansion_VL53L0X_V1.2.0) by extension 'ros'
[0.320s] Level 1:colcon.colcon_core.package_identification:_identify(STM32/main/X-CUBE-53L0A1/STM32CubeExpansion_VL53L0X_V1.2.0) by extensions ['cmake', 'python']
[0.320s] Level 1:colcon.colcon_core.package_identification:_identify(STM32/main/X-CUBE-53L0A1/STM32CubeExpansion_VL53L0X_V1.2.0) by extension 'cmake'
[0.320s] Level 1:colcon.colcon_core.package_identification:_identify(STM32/main/X-CUBE-53L0A1/STM32CubeExpansion_VL53L0X_V1.2.0) by extension 'python'
[0.320s] Level 1:colcon.colcon_core.package_identification:_identify(STM32/main/X-CUBE-53L0A1/STM32CubeExpansion_VL53L0X_V1.2.0) by extensions ['python_setup_py']
[0.320s] Level 1:colcon.colcon_core.package_identification:_identify(STM32/main/X-CUBE-53L0A1/STM32CubeExpansion_VL53L0X_V1.2.0) by extension 'python_setup_py'
[0.320s] Level 1:colcon.colcon_core.package_identification:_identify(STM32/main/X-CUBE-53L0A1/STM32CubeExpansion_VL53L0X_V1.2.0/Documentation) by extensions ['ignore', 'ignore_ament_install']
[0.320s] Level 1:colcon.colcon_core.package_identification:_identify(STM32/main/X-CUBE-53L0A1/STM32CubeExpansion_VL53L0X_V1.2.0/Documentation) by extension 'ignore'
[0.320s] Level 1:colcon.colcon_core.package_identification:_identify(STM32/main/X-CUBE-53L0A1/STM32CubeExpansion_VL53L0X_V1.2.0/Documentation) by extension 'ignore_ament_install'
[0.320s] Level 1:colcon.colcon_core.package_identification:_identify(STM32/main/X-CUBE-53L0A1/STM32CubeExpansion_VL53L0X_V1.2.0/Documentation) by extensions ['colcon_pkg']
[0.320s] Level 1:colcon.colcon_core.package_identification:_identify(STM32/main/X-CUBE-53L0A1/STM32CubeExpansion_VL53L0X_V1.2.0/Documentation) by extension 'colcon_pkg'
[0.320s] Level 1:colcon.colcon_core.package_identification:_identify(STM32/main/X-CUBE-53L0A1/STM32CubeExpansion_VL53L0X_V1.2.0/Documentation) by extensions ['colcon_meta']
[0.320s] Level 1:colcon.colcon_core.package_identification:_identify(STM32/main/X-CUBE-53L0A1/STM32CubeExpansion_VL53L0X_V1.2.0/Documentation) by extension 'colcon_meta'
[0.321s] Level 1:colcon.colcon_core.package_identification:_identify(STM32/main/X-CUBE-53L0A1/STM32CubeExpansion_VL53L0X_V1.2.0/Documentation) by extensions ['ros']
[0.321s] Level 1:colcon.colcon_core.package_identification:_identify(STM32/main/X-CUBE-53L0A1/STM32CubeExpansion_VL53L0X_V1.2.0/Documentation) by extension 'ros'
[0.321s] Level 1:colcon.colcon_core.package_identification:_identify(STM32/main/X-CUBE-53L0A1/STM32CubeExpansion_VL53L0X_V1.2.0/Documentation) by extensions ['cmake', 'python']
[0.321s] Level 1:colcon.colcon_core.package_identification:_identify(STM32/main/X-CUBE-53L0A1/STM32CubeExpansion_VL53L0X_V1.2.0/Documentation) by extension 'cmake'
[0.321s] Level 1:colcon.colcon_core.package_identification:_identify(STM32/main/X-CUBE-53L0A1/STM32CubeExpansion_VL53L0X_V1.2.0/Documentation) by extension 'python'
[0.321s] Level 1:colcon.colcon_core.package_identification:_identify(STM32/main/X-CUBE-53L0A1/STM32CubeExpansion_VL53L0X_V1.2.0/Documentation) by extensions ['python_setup_py']
[0.321s] Level 1:colcon.colcon_core.package_identification:_identify(STM32/main/X-CUBE-53L0A1/STM32CubeExpansion_VL53L0X_V1.2.0/Documentation) by extension 'python_setup_py'
[0.321s] Level 1:colcon.colcon_core.package_identification:_identify(STM32/main/X-CUBE-53L0A1/STM32CubeExpansion_VL53L0X_V1.2.0/Drivers) by extensions ['ignore', 'ignore_ament_install']
[0.321s] Level 1:colcon.colcon_core.package_identification:_identify(STM32/main/X-CUBE-53L0A1/STM32CubeExpansion_VL53L0X_V1.2.0/Drivers) by extension 'ignore'
[0.321s] Level 1:colcon.colcon_core.package_identification:_identify(STM32/main/X-CUBE-53L0A1/STM32CubeExpansion_VL53L0X_V1.2.0/Drivers) by extension 'ignore_ament_install'
[0.321s] Level 1:colcon.colcon_core.package_identification:_identify(STM32/main/X-CUBE-53L0A1/STM32CubeExpansion_VL53L0X_V1.2.0/Drivers) by extensions ['colcon_pkg']
[0.321s] Level 1:colcon.colcon_core.package_identification:_identify(STM32/main/X-CUBE-53L0A1/STM32CubeExpansion_VL53L0X_V1.2.0/Drivers) by extension 'colcon_pkg'
[0.321s] Level 1:colcon.colcon_core.package_identification:_identify(STM32/main/X-CUBE-53L0A1/STM32CubeExpansion_VL53L0X_V1.2.0/Drivers) by extensions ['colcon_meta']
[0.321s] Level 1:colcon.colcon_core.package_identification:_identify(STM32/main/X-CUBE-53L0A1/STM32CubeExpansion_VL53L0X_V1.2.0/Drivers) by extension 'colcon_meta'
[0.321s] Level 1:colcon.colcon_core.package_identification:_identify(STM32/main/X-CUBE-53L0A1/STM32CubeExpansion_VL53L0X_V1.2.0/Drivers) by extensions ['ros']
[0.321s] Level 1:colcon.colcon_core.package_identification:_identify(STM32/main/X-CUBE-53L0A1/STM32CubeExpansion_VL53L0X_V1.2.0/Drivers) by extension 'ros'
[0.322s] Level 1:colcon.colcon_core.package_identification:_identify(STM32/main/X-CUBE-53L0A1/STM32CubeExpansion_VL53L0X_V1.2.0/Drivers) by extensions ['cmake', 'python']
[0.322s] Level 1:colcon.colcon_core.package_identification:_identify(STM32/main/X-CUBE-53L0A1/STM32CubeExpansion_VL53L0X_V1.2.0/Drivers) by extension 'cmake'
[0.322s] Level 1:colcon.colcon_core.package_identification:_identify(STM32/main/X-CUBE-53L0A1/STM32CubeExpansion_VL53L0X_V1.2.0/Drivers) by extension 'python'
[0.322s] Level 1:colcon.colcon_core.package_identification:_identify(STM32/main/X-CUBE-53L0A1/STM32CubeExpansion_VL53L0X_V1.2.0/Drivers) by extensions ['python_setup_py']
[0.322s] Level 1:colcon.colcon_core.package_identification:_identify(STM32/main/X-CUBE-53L0A1/STM32CubeExpansion_VL53L0X_V1.2.0/Drivers) by extension 'python_setup_py'
[0.322s] Level 1:colcon.colcon_core.package_identification:_identify(STM32/main/X-CUBE-53L0A1/STM32CubeExpansion_VL53L0X_V1.2.0/Drivers/BSP) by extensions ['ignore', 'ignore_ament_install']
[0.322s] Level 1:colcon.colcon_core.package_identification:_identify(STM32/main/X-CUBE-53L0A1/STM32CubeExpansion_VL53L0X_V1.2.0/Drivers/BSP) by extension 'ignore'
[0.322s] Level 1:colcon.colcon_core.package_identification:_identify(STM32/main/X-CUBE-53L0A1/STM32CubeExpansion_VL53L0X_V1.2.0/Drivers/BSP) by extension 'ignore_ament_install'
[0.322s] Level 1:colcon.colcon_core.package_identification:_identify(STM32/main/X-CUBE-53L0A1/STM32CubeExpansion_VL53L0X_V1.2.0/Drivers/BSP) by extensions ['colcon_pkg']
[0.322s] Level 1:colcon.colcon_core.package_identification:_identify(STM32/main/X-CUBE-53L0A1/STM32CubeExpansion_VL53L0X_V1.2.0/Drivers/BSP) by extension 'colcon_pkg'
[0.322s] Level 1:colcon.colcon_core.package_identification:_identify(STM32/main/X-CUBE-53L0A1/STM32CubeExpansion_VL53L0X_V1.2.0/Drivers/BSP) by extensions ['colcon_meta']
[0.322s] Level 1:colcon.colcon_core.package_identification:_identify(STM32/main/X-CUBE-53L0A1/STM32CubeExpansion_VL53L0X_V1.2.0/Drivers/BSP) by extension 'colcon_meta'
[0.322s] Level 1:colcon.colcon_core.package_identification:_identify(STM32/main/X-CUBE-53L0A1/STM32CubeExpansion_VL53L0X_V1.2.0/Drivers/BSP) by extensions ['ros']
[0.322s] Level 1:colcon.colcon_core.package_identification:_identify(STM32/main/X-CUBE-53L0A1/STM32CubeExpansion_VL53L0X_V1.2.0/Drivers/BSP) by extension 'ros'
[0.322s] Level 1:colcon.colcon_core.package_identification:_identify(STM32/main/X-CUBE-53L0A1/STM32CubeExpansion_VL53L0X_V1.2.0/Drivers/BSP) by extensions ['cmake', 'python']
[0.322s] Level 1:colcon.colcon_core.package_identification:_identify(STM32/main/X-CUBE-53L0A1/STM32CubeExpansion_VL53L0X_V1.2.0/Drivers/BSP) by extension 'cmake'
[0.322s] Level 1:colcon.colcon_core.package_identification:_identify(STM32/main/X-CUBE-53L0A1/STM32CubeExpansion_VL53L0X_V1.2.0/Drivers/BSP) by extension 'python'
[0.323s] Level 1:colcon.colcon_core.package_identification:_identify(STM32/main/X-CUBE-53L0A1/STM32CubeExpansion_VL53L0X_V1.2.0/Drivers/BSP) by extensions ['python_setup_py']
[0.323s] Level 1:colcon.colcon_core.package_identification:_identify(STM32/main/X-CUBE-53L0A1/STM32CubeExpansion_VL53L0X_V1.2.0/Drivers/BSP) by extension 'python_setup_py'
[0.323s] Level 1:colcon.colcon_core.package_identification:_identify(STM32/main/X-CUBE-53L0A1/STM32CubeExpansion_VL53L0X_V1.2.0/Drivers/BSP/Components) by extensions ['ignore', 'ignore_ament_install']
[0.323s] Level 1:colcon.colcon_core.package_identification:_identify(STM32/main/X-CUBE-53L0A1/STM32CubeExpansion_VL53L0X_V1.2.0/Drivers/BSP/Components) by extension 'ignore'
[0.323s] Level 1:colcon.colcon_core.package_identification:_identify(STM32/main/X-CUBE-53L0A1/STM32CubeExpansion_VL53L0X_V1.2.0/Drivers/BSP/Components) by extension 'ignore_ament_install'
[0.323s] Level 1:colcon.colcon_core.package_identification:_identify(STM32/main/X-CUBE-53L0A1/STM32CubeExpansion_VL53L0X_V1.2.0/Drivers/BSP/Components) by extensions ['colcon_pkg']
[0.323s] Level 1:colcon.colcon_core.package_identification:_identify(STM32/main/X-CUBE-53L0A1/STM32CubeExpansion_VL53L0X_V1.2.0/Drivers/BSP/Components) by extension 'colcon_pkg'
[0.323s] Level 1:colcon.colcon_core.package_identification:_identify(STM32/main/X-CUBE-53L0A1/STM32CubeExpansion_VL53L0X_V1.2.0/Drivers/BSP/Components) by extensions ['colcon_meta']
[0.323s] Level 1:colcon.colcon_core.package_identification:_identify(STM32/main/X-CUBE-53L0A1/STM32CubeExpansion_VL53L0X_V1.2.0/Drivers/BSP/Components) by extension 'colcon_meta'
[0.323s] Level 1:colcon.colcon_core.package_identification:_identify(STM32/main/X-CUBE-53L0A1/STM32CubeExpansion_VL53L0X_V1.2.0/Drivers/BSP/Components) by extensions ['ros']
[0.323s] Level 1:colcon.colcon_core.package_identification:_identify(STM32/main/X-CUBE-53L0A1/STM32CubeExpansion_VL53L0X_V1.2.0/Drivers/BSP/Components) by extension 'ros'
[0.323s] Level 1:colcon.colcon_core.package_identification:_identify(STM32/main/X-CUBE-53L0A1/STM32CubeExpansion_VL53L0X_V1.2.0/Drivers/BSP/Components) by extensions ['cmake', 'python']
[0.323s] Level 1:colcon.colcon_core.package_identification:_identify(STM32/main/X-CUBE-53L0A1/STM32CubeExpansion_VL53L0X_V1.2.0/Drivers/BSP/Components) by extension 'cmake'
[0.323s] Level 1:colcon.colcon_core.package_identification:_identify(STM32/main/X-CUBE-53L0A1/STM32CubeExpansion_VL53L0X_V1.2.0/Drivers/BSP/Components) by extension 'python'
[0.323s] Level 1:colcon.colcon_core.package_identification:_identify(STM32/main/X-CUBE-53L0A1/STM32CubeExpansion_VL53L0X_V1.2.0/Drivers/BSP/Components) by extensions ['python_setup_py']
[0.323s] Level 1:colcon.colcon_core.package_identification:_identify(STM32/main/X-CUBE-53L0A1/STM32CubeExpansion_VL53L0X_V1.2.0/Drivers/BSP/Components) by extension 'python_setup_py'
[0.324s] Level 1:colcon.colcon_core.package_identification:_identify(STM32/main/X-CUBE-53L0A1/STM32CubeExpansion_VL53L0X_V1.2.0/Drivers/BSP/Components/Common) by extensions ['ignore', 'ignore_ament_install']
[0.324s] Level 1:colcon.colcon_core.package_identification:_identify(STM32/main/X-CUBE-53L0A1/STM32CubeExpansion_VL53L0X_V1.2.0/Drivers/BSP/Components/Common) by extension 'ignore'
[0.324s] Level 1:colcon.colcon_core.package_identification:_identify(STM32/main/X-CUBE-53L0A1/STM32CubeExpansion_VL53L0X_V1.2.0/Drivers/BSP/Components/Common) by extension 'ignore_ament_install'
[0.324s] Level 1:colcon.colcon_core.package_identification:_identify(STM32/main/X-CUBE-53L0A1/STM32CubeExpansion_VL53L0X_V1.2.0/Drivers/BSP/Components/Common) by extensions ['colcon_pkg']
[0.324s] Level 1:colcon.colcon_core.package_identification:_identify(STM32/main/X-CUBE-53L0A1/STM32CubeExpansion_VL53L0X_V1.2.0/Drivers/BSP/Components/Common) by extension 'colcon_pkg'
[0.324s] Level 1:colcon.colcon_core.package_identification:_identify(STM32/main/X-CUBE-53L0A1/STM32CubeExpansion_VL53L0X_V1.2.0/Drivers/BSP/Components/Common) by extensions ['colcon_meta']
[0.324s] Level 1:colcon.colcon_core.package_identification:_identify(STM32/main/X-CUBE-53L0A1/STM32CubeExpansion_VL53L0X_V1.2.0/Drivers/BSP/Components/Common) by extension 'colcon_meta'
[0.324s] Level 1:colcon.colcon_core.package_identification:_identify(STM32/main/X-CUBE-53L0A1/STM32CubeExpansion_VL53L0X_V1.2.0/Drivers/BSP/Components/Common) by extensions ['ros']
[0.324s] Level 1:colcon.colcon_core.package_identification:_identify(STM32/main/X-CUBE-53L0A1/STM32CubeExpansion_VL53L0X_V1.2.0/Drivers/BSP/Components/Common) by extension 'ros'
[0.324s] Level 1:colcon.colcon_core.package_identification:_identify(STM32/main/X-CUBE-53L0A1/STM32CubeExpansion_VL53L0X_V1.2.0/Drivers/BSP/Components/Common) by extensions ['cmake', 'python']
[0.324s] Level 1:colcon.colcon_core.package_identification:_identify(STM32/main/X-CUBE-53L0A1/STM32CubeExpansion_VL53L0X_V1.2.0/Drivers/BSP/Components/Common) by extension 'cmake'
[0.324s] Level 1:colcon.colcon_core.package_identification:_identify(STM32/main/X-CUBE-53L0A1/STM32CubeExpansion_VL53L0X_V1.2.0/Drivers/BSP/Components/Common) by extension 'python'
[0.324s] Level 1:colcon.colcon_core.package_identification:_identify(STM32/main/X-CUBE-53L0A1/STM32CubeExpansion_VL53L0X_V1.2.0/Drivers/BSP/Components/Common) by extensions ['python_setup_py']
[0.324s] Level 1:colcon.colcon_core.package_identification:_identify(STM32/main/X-CUBE-53L0A1/STM32CubeExpansion_VL53L0X_V1.2.0/Drivers/BSP/Components/Common) by extension 'python_setup_py'
[0.325s] Level 1:colcon.colcon_core.package_identification:_identify(STM32/main/X-CUBE-53L0A1/STM32CubeExpansion_VL53L0X_V1.2.0/Drivers/BSP/Components/vl53l0x) by extensions ['ignore', 'ignore_ament_install']
[0.325s] Level 1:colcon.colcon_core.package_identification:_identify(STM32/main/X-CUBE-53L0A1/STM32CubeExpansion_VL53L0X_V1.2.0/Drivers/BSP/Components/vl53l0x) by extension 'ignore'
[0.325s] Level 1:colcon.colcon_core.package_identification:_identify(STM32/main/X-CUBE-53L0A1/STM32CubeExpansion_VL53L0X_V1.2.0/Drivers/BSP/Components/vl53l0x) by extension 'ignore_ament_install'
[0.325s] Level 1:colcon.colcon_core.package_identification:_identify(STM32/main/X-CUBE-53L0A1/STM32CubeExpansion_VL53L0X_V1.2.0/Drivers/BSP/Components/vl53l0x) by extensions ['colcon_pkg']
[0.325s] Level 1:colcon.colcon_core.package_identification:_identify(STM32/main/X-CUBE-53L0A1/STM32CubeExpansion_VL53L0X_V1.2.0/Drivers/BSP/Components/vl53l0x) by extension 'colcon_pkg'
[0.325s] Level 1:colcon.colcon_core.package_identification:_identify(STM32/main/X-CUBE-53L0A1/STM32CubeExpansion_VL53L0X_V1.2.0/Drivers/BSP/Components/vl53l0x) by extensions ['colcon_meta']
[0.325s] Level 1:colcon.colcon_core.package_identification:_identify(STM32/main/X-CUBE-53L0A1/STM32CubeExpansion_VL53L0X_V1.2.0/Drivers/BSP/Components/vl53l0x) by extension 'colcon_meta'
[0.325s] Level 1:colcon.colcon_core.package_identification:_identify(STM32/main/X-CUBE-53L0A1/STM32CubeExpansion_VL53L0X_V1.2.0/Drivers/BSP/Components/vl53l0x) by extensions ['ros']
[0.325s] Level 1:colcon.colcon_core.package_identification:_identify(STM32/main/X-CUBE-53L0A1/STM32CubeExpansion_VL53L0X_V1.2.0/Drivers/BSP/Components/vl53l0x) by extension 'ros'
[0.325s] Level 1:colcon.colcon_core.package_identification:_identify(STM32/main/X-CUBE-53L0A1/STM32CubeExpansion_VL53L0X_V1.2.0/Drivers/BSP/Components/vl53l0x) by extensions ['cmake', 'python']
[0.325s] Level 1:colcon.colcon_core.package_identification:_identify(STM32/main/X-CUBE-53L0A1/STM32CubeExpansion_VL53L0X_V1.2.0/Drivers/BSP/Components/vl53l0x) by extension 'cmake'
[0.325s] Level 1:colcon.colcon_core.package_identification:_identify(STM32/main/X-CUBE-53L0A1/STM32CubeExpansion_VL53L0X_V1.2.0/Drivers/BSP/Components/vl53l0x) by extension 'python'
[0.325s] Level 1:colcon.colcon_core.package_identification:_identify(STM32/main/X-CUBE-53L0A1/STM32CubeExpansion_VL53L0X_V1.2.0/Drivers/BSP/Components/vl53l0x) by extensions ['python_setup_py']
[0.325s] Level 1:colcon.colcon_core.package_identification:_identify(STM32/main/X-CUBE-53L0A1/STM32CubeExpansion_VL53L0X_V1.2.0/Drivers/BSP/Components/vl53l0x) by extension 'python_setup_py'
[0.325s] Level 1:colcon.colcon_core.package_identification:_identify(STM32/main/X-CUBE-53L0A1/STM32CubeExpansion_VL53L0X_V1.2.0/Drivers/BSP/STM32F4xx-Nucleo) by extensions ['ignore', 'ignore_ament_install']
[0.326s] Level 1:colcon.colcon_core.package_identification:_identify(STM32/main/X-CUBE-53L0A1/STM32CubeExpansion_VL53L0X_V1.2.0/Drivers/BSP/STM32F4xx-Nucleo) by extension 'ignore'
[0.326s] Level 1:colcon.colcon_core.package_identification:_identify(STM32/main/X-CUBE-53L0A1/STM32CubeExpansion_VL53L0X_V1.2.0/Drivers/BSP/STM32F4xx-Nucleo) by extension 'ignore_ament_install'
[0.326s] Level 1:colcon.colcon_core.package_identification:_identify(STM32/main/X-CUBE-53L0A1/STM32CubeExpansion_VL53L0X_V1.2.0/Drivers/BSP/STM32F4xx-Nucleo) by extensions ['colcon_pkg']
[0.326s] Level 1:colcon.colcon_core.package_identification:_identify(STM32/main/X-CUBE-53L0A1/STM32CubeExpansion_VL53L0X_V1.2.0/Drivers/BSP/STM32F4xx-Nucleo) by extension 'colcon_pkg'
[0.326s] Level 1:colcon.colcon_core.package_identification:_identify(STM32/main/X-CUBE-53L0A1/STM32CubeExpansion_VL53L0X_V1.2.0/Drivers/BSP/STM32F4xx-Nucleo) by extensions ['colcon_meta']
[0.326s] Level 1:colcon.colcon_core.package_identification:_identify(STM32/main/X-CUBE-53L0A1/STM32CubeExpansion_VL53L0X_V1.2.0/Drivers/BSP/STM32F4xx-Nucleo) by extension 'colcon_meta'
[0.326s] Level 1:colcon.colcon_core.package_identification:_identify(STM32/main/X-CUBE-53L0A1/STM32CubeExpansion_VL53L0X_V1.2.0/Drivers/BSP/STM32F4xx-Nucleo) by extensions ['ros']
[0.326s] Level 1:colcon.colcon_core.package_identification:_identify(STM32/main/X-CUBE-53L0A1/STM32CubeExpansion_VL53L0X_V1.2.0/Drivers/BSP/STM32F4xx-Nucleo) by extension 'ros'
[0.326s] Level 1:colcon.colcon_core.package_identification:_identify(STM32/main/X-CUBE-53L0A1/STM32CubeExpansion_VL53L0X_V1.2.0/Drivers/BSP/STM32F4xx-Nucleo) by extensions ['cmake', 'python']
[0.326s] Level 1:colcon.colcon_core.package_identification:_identify(STM32/main/X-CUBE-53L0A1/STM32CubeExpansion_VL53L0X_V1.2.0/Drivers/BSP/STM32F4xx-Nucleo) by extension 'cmake'
[0.326s] Level 1:colcon.colcon_core.package_identification:_identify(STM32/main/X-CUBE-53L0A1/STM32CubeExpansion_VL53L0X_V1.2.0/Drivers/BSP/STM32F4xx-Nucleo) by extension 'python'
[0.326s] Level 1:colcon.colcon_core.package_identification:_identify(STM32/main/X-CUBE-53L0A1/STM32CubeExpansion_VL53L0X_V1.2.0/Drivers/BSP/STM32F4xx-Nucleo) by extensions ['python_setup_py']
[0.326s] Level 1:colcon.colcon_core.package_identification:_identify(STM32/main/X-CUBE-53L0A1/STM32CubeExpansion_VL53L0X_V1.2.0/Drivers/BSP/STM32F4xx-Nucleo) by extension 'python_setup_py'
[0.326s] Level 1:colcon.colcon_core.package_identification:_identify(STM32/main/X-CUBE-53L0A1/STM32CubeExpansion_VL53L0X_V1.2.0/Drivers/BSP/STM32L4xx_Nucleo) by extensions ['ignore', 'ignore_ament_install']
[0.326s] Level 1:colcon.colcon_core.package_identification:_identify(STM32/main/X-CUBE-53L0A1/STM32CubeExpansion_VL53L0X_V1.2.0/Drivers/BSP/STM32L4xx_Nucleo) by extension 'ignore'
[0.326s] Level 1:colcon.colcon_core.package_identification:_identify(STM32/main/X-CUBE-53L0A1/STM32CubeExpansion_VL53L0X_V1.2.0/Drivers/BSP/STM32L4xx_Nucleo) by extension 'ignore_ament_install'
[0.327s] Level 1:colcon.colcon_core.package_identification:_identify(STM32/main/X-CUBE-53L0A1/STM32CubeExpansion_VL53L0X_V1.2.0/Drivers/BSP/STM32L4xx_Nucleo) by extensions ['colcon_pkg']
[0.327s] Level 1:colcon.colcon_core.package_identification:_identify(STM32/main/X-CUBE-53L0A1/STM32CubeExpansion_VL53L0X_V1.2.0/Drivers/BSP/STM32L4xx_Nucleo) by extension 'colcon_pkg'
[0.327s] Level 1:colcon.colcon_core.package_identification:_identify(STM32/main/X-CUBE-53L0A1/STM32CubeExpansion_VL53L0X_V1.2.0/Drivers/BSP/STM32L4xx_Nucleo) by extensions ['colcon_meta']
[0.327s] Level 1:colcon.colcon_core.package_identification:_identify(STM32/main/X-CUBE-53L0A1/STM32CubeExpansion_VL53L0X_V1.2.0/Drivers/BSP/STM32L4xx_Nucleo) by extension 'colcon_meta'
[0.327s] Level 1:colcon.colcon_core.package_identification:_identify(STM32/main/X-CUBE-53L0A1/STM32CubeExpansion_VL53L0X_V1.2.0/Drivers/BSP/STM32L4xx_Nucleo) by extensions ['ros']
[0.327s] Level 1:colcon.colcon_core.package_identification:_identify(STM32/main/X-CUBE-53L0A1/STM32CubeExpansion_VL53L0X_V1.2.0/Drivers/BSP/STM32L4xx_Nucleo) by extension 'ros'
[0.327s] Level 1:colcon.colcon_core.package_identification:_identify(STM32/main/X-CUBE-53L0A1/STM32CubeExpansion_VL53L0X_V1.2.0/Drivers/BSP/STM32L4xx_Nucleo) by extensions ['cmake', 'python']
[0.327s] Level 1:colcon.colcon_core.package_identification:_identify(STM32/main/X-CUBE-53L0A1/STM32CubeExpansion_VL53L0X_V1.2.0/Drivers/BSP/STM32L4xx_Nucleo) by extension 'cmake'
[0.327s] Level 1:colcon.colcon_core.package_identification:_identify(STM32/main/X-CUBE-53L0A1/STM32CubeExpansion_VL53L0X_V1.2.0/Drivers/BSP/STM32L4xx_Nucleo) by extension 'python'
[0.327s] Level 1:colcon.colcon_core.package_identification:_identify(STM32/main/X-CUBE-53L0A1/STM32CubeExpansion_VL53L0X_V1.2.0/Drivers/BSP/STM32L4xx_Nucleo) by extensions ['python_setup_py']
[0.327s] Level 1:colcon.colcon_core.package_identification:_identify(STM32/main/X-CUBE-53L0A1/STM32CubeExpansion_VL53L0X_V1.2.0/Drivers/BSP/STM32L4xx_Nucleo) by extension 'python_setup_py'
[0.327s] Level 1:colcon.colcon_core.package_identification:_identify(STM32/main/X-CUBE-53L0A1/STM32CubeExpansion_VL53L0X_V1.2.0/Drivers/BSP/X-NUCLEO-53L0A1) by extensions ['ignore', 'ignore_ament_install']
[0.327s] Level 1:colcon.colcon_core.package_identification:_identify(STM32/main/X-CUBE-53L0A1/STM32CubeExpansion_VL53L0X_V1.2.0/Drivers/BSP/X-NUCLEO-53L0A1) by extension 'ignore'
[0.327s] Level 1:colcon.colcon_core.package_identification:_identify(STM32/main/X-CUBE-53L0A1/STM32CubeExpansion_VL53L0X_V1.2.0/Drivers/BSP/X-NUCLEO-53L0A1) by extension 'ignore_ament_install'
[0.327s] Level 1:colcon.colcon_core.package_identification:_identify(STM32/main/X-CUBE-53L0A1/STM32CubeExpansion_VL53L0X_V1.2.0/Drivers/BSP/X-NUCLEO-53L0A1) by extensions ['colcon_pkg']
[0.327s] Level 1:colcon.colcon_core.package_identification:_identify(STM32/main/X-CUBE-53L0A1/STM32CubeExpansion_VL53L0X_V1.2.0/Drivers/BSP/X-NUCLEO-53L0A1) by extension 'colcon_pkg'
[0.328s] Level 1:colcon.colcon_core.package_identification:_identify(STM32/main/X-CUBE-53L0A1/STM32CubeExpansion_VL53L0X_V1.2.0/Drivers/BSP/X-NUCLEO-53L0A1) by extensions ['colcon_meta']
[0.328s] Level 1:colcon.colcon_core.package_identification:_identify(STM32/main/X-CUBE-53L0A1/STM32CubeExpansion_VL53L0X_V1.2.0/Drivers/BSP/X-NUCLEO-53L0A1) by extension 'colcon_meta'
[0.328s] Level 1:colcon.colcon_core.package_identification:_identify(STM32/main/X-CUBE-53L0A1/STM32CubeExpansion_VL53L0X_V1.2.0/Drivers/BSP/X-NUCLEO-53L0A1) by extensions ['ros']
[0.328s] Level 1:colcon.colcon_core.package_identification:_identify(STM32/main/X-CUBE-53L0A1/STM32CubeExpansion_VL53L0X_V1.2.0/Drivers/BSP/X-NUCLEO-53L0A1) by extension 'ros'
[0.328s] Level 1:colcon.colcon_core.package_identification:_identify(STM32/main/X-CUBE-53L0A1/STM32CubeExpansion_VL53L0X_V1.2.0/Drivers/BSP/X-NUCLEO-53L0A1) by extensions ['cmake', 'python']
[0.328s] Level 1:colcon.colcon_core.package_identification:_identify(STM32/main/X-CUBE-53L0A1/STM32CubeExpansion_VL53L0X_V1.2.0/Drivers/BSP/X-NUCLEO-53L0A1) by extension 'cmake'
[0.328s] Level 1:colcon.colcon_core.package_identification:_identify(STM32/main/X-CUBE-53L0A1/STM32CubeExpansion_VL53L0X_V1.2.0/Drivers/BSP/X-NUCLEO-53L0A1) by extension 'python'
[0.328s] Level 1:colcon.colcon_core.package_identification:_identify(STM32/main/X-CUBE-53L0A1/STM32CubeExpansion_VL53L0X_V1.2.0/Drivers/BSP/X-NUCLEO-53L0A1) by extensions ['python_setup_py']
[0.328s] Level 1:colcon.colcon_core.package_identification:_identify(STM32/main/X-CUBE-53L0A1/STM32CubeExpansion_VL53L0X_V1.2.0/Drivers/BSP/X-NUCLEO-53L0A1) by extension 'python_setup_py'
[0.328s] Level 1:colcon.colcon_core.package_identification:_identify(STM32/main/X-CUBE-53L0A1/STM32CubeExpansion_VL53L0X_V1.2.0/Drivers/CMSIS) by extensions ['ignore', 'ignore_ament_install']
[0.328s] Level 1:colcon.colcon_core.package_identification:_identify(STM32/main/X-CUBE-53L0A1/STM32CubeExpansion_VL53L0X_V1.2.0/Drivers/CMSIS) by extension 'ignore'
[0.328s] Level 1:colcon.colcon_core.package_identification:_identify(STM32/main/X-CUBE-53L0A1/STM32CubeExpansion_VL53L0X_V1.2.0/Drivers/CMSIS) by extension 'ignore_ament_install'
[0.328s] Level 1:colcon.colcon_core.package_identification:_identify(STM32/main/X-CUBE-53L0A1/STM32CubeExpansion_VL53L0X_V1.2.0/Drivers/CMSIS) by extensions ['colcon_pkg']
[0.329s] Level 1:colcon.colcon_core.package_identification:_identify(STM32/main/X-CUBE-53L0A1/STM32CubeExpansion_VL53L0X_V1.2.0/Drivers/CMSIS) by extension 'colcon_pkg'
[0.329s] Level 1:colcon.colcon_core.package_identification:_identify(STM32/main/X-CUBE-53L0A1/STM32CubeExpansion_VL53L0X_V1.2.0/Drivers/CMSIS) by extensions ['colcon_meta']
[0.329s] Level 1:colcon.colcon_core.package_identification:_identify(STM32/main/X-CUBE-53L0A1/STM32CubeExpansion_VL53L0X_V1.2.0/Drivers/CMSIS) by extension 'colcon_meta'
[0.329s] Level 1:colcon.colcon_core.package_identification:_identify(STM32/main/X-CUBE-53L0A1/STM32CubeExpansion_VL53L0X_V1.2.0/Drivers/CMSIS) by extensions ['ros']
[0.329s] Level 1:colcon.colcon_core.package_identification:_identify(STM32/main/X-CUBE-53L0A1/STM32CubeExpansion_VL53L0X_V1.2.0/Drivers/CMSIS) by extension 'ros'
[0.329s] Level 1:colcon.colcon_core.package_identification:_identify(STM32/main/X-CUBE-53L0A1/STM32CubeExpansion_VL53L0X_V1.2.0/Drivers/CMSIS) by extensions ['cmake', 'python']
[0.329s] Level 1:colcon.colcon_core.package_identification:_identify(STM32/main/X-CUBE-53L0A1/STM32CubeExpansion_VL53L0X_V1.2.0/Drivers/CMSIS) by extension 'cmake'
[0.329s] Level 1:colcon.colcon_core.package_identification:_identify(STM32/main/X-CUBE-53L0A1/STM32CubeExpansion_VL53L0X_V1.2.0/Drivers/CMSIS) by extension 'python'
[0.329s] Level 1:colcon.colcon_core.package_identification:_identify(STM32/main/X-CUBE-53L0A1/STM32CubeExpansion_VL53L0X_V1.2.0/Drivers/CMSIS) by extensions ['python_setup_py']
[0.329s] Level 1:colcon.colcon_core.package_identification:_identify(STM32/main/X-CUBE-53L0A1/STM32CubeExpansion_VL53L0X_V1.2.0/Drivers/CMSIS) by extension 'python_setup_py'
[0.329s] Level 1:colcon.colcon_core.package_identification:_identify(STM32/main/X-CUBE-53L0A1/STM32CubeExpansion_VL53L0X_V1.2.0/Drivers/CMSIS/Device) by extensions ['ignore', 'ignore_ament_install']
[0.329s] Level 1:colcon.colcon_core.package_identification:_identify(STM32/main/X-CUBE-53L0A1/STM32CubeExpansion_VL53L0X_V1.2.0/Drivers/CMSIS/Device) by extension 'ignore'
[0.329s] Level 1:colcon.colcon_core.package_identification:_identify(STM32/main/X-CUBE-53L0A1/STM32CubeExpansion_VL53L0X_V1.2.0/Drivers/CMSIS/Device) by extension 'ignore_ament_install'
[0.329s] Level 1:colcon.colcon_core.package_identification:_identify(STM32/main/X-CUBE-53L0A1/STM32CubeExpansion_VL53L0X_V1.2.0/Drivers/CMSIS/Device) by extensions ['colcon_pkg']
[0.329s] Level 1:colcon.colcon_core.package_identification:_identify(STM32/main/X-CUBE-53L0A1/STM32CubeExpansion_VL53L0X_V1.2.0/Drivers/CMSIS/Device) by extension 'colcon_pkg'
[0.329s] Level 1:colcon.colcon_core.package_identification:_identify(STM32/main/X-CUBE-53L0A1/STM32CubeExpansion_VL53L0X_V1.2.0/Drivers/CMSIS/Device) by extensions ['colcon_meta']
[0.330s] Level 1:colcon.colcon_core.package_identification:_identify(STM32/main/X-CUBE-53L0A1/STM32CubeExpansion_VL53L0X_V1.2.0/Drivers/CMSIS/Device) by extension 'colcon_meta'
[0.330s] Level 1:colcon.colcon_core.package_identification:_identify(STM32/main/X-CUBE-53L0A1/STM32CubeExpansion_VL53L0X_V1.2.0/Drivers/CMSIS/Device) by extensions ['ros']
[0.330s] Level 1:colcon.colcon_core.package_identification:_identify(STM32/main/X-CUBE-53L0A1/STM32CubeExpansion_VL53L0X_V1.2.0/Drivers/CMSIS/Device) by extension 'ros'
[0.330s] Level 1:colcon.colcon_core.package_identification:_identify(STM32/main/X-CUBE-53L0A1/STM32CubeExpansion_VL53L0X_V1.2.0/Drivers/CMSIS/Device) by extensions ['cmake', 'python']
[0.330s] Level 1:colcon.colcon_core.package_identification:_identify(STM32/main/X-CUBE-53L0A1/STM32CubeExpansion_VL53L0X_V1.2.0/Drivers/CMSIS/Device) by extension 'cmake'
[0.330s] Level 1:colcon.colcon_core.package_identification:_identify(STM32/main/X-CUBE-53L0A1/STM32CubeExpansion_VL53L0X_V1.2.0/Drivers/CMSIS/Device) by extension 'python'
[0.330s] Level 1:colcon.colcon_core.package_identification:_identify(STM32/main/X-CUBE-53L0A1/STM32CubeExpansion_VL53L0X_V1.2.0/Drivers/CMSIS/Device) by extensions ['python_setup_py']
[0.330s] Level 1:colcon.colcon_core.package_identification:_identify(STM32/main/X-CUBE-53L0A1/STM32CubeExpansion_VL53L0X_V1.2.0/Drivers/CMSIS/Device) by extension 'python_setup_py'
[0.330s] Level 1:colcon.colcon_core.package_identification:_identify(STM32/main/X-CUBE-53L0A1/STM32CubeExpansion_VL53L0X_V1.2.0/Drivers/CMSIS/Device/ST) by extensions ['ignore', 'ignore_ament_install']
[0.330s] Level 1:colcon.colcon_core.package_identification:_identify(STM32/main/X-CUBE-53L0A1/STM32CubeExpansion_VL53L0X_V1.2.0/Drivers/CMSIS/Device/ST) by extension 'ignore'
[0.330s] Level 1:colcon.colcon_core.package_identification:_identify(STM32/main/X-CUBE-53L0A1/STM32CubeExpansion_VL53L0X_V1.2.0/Drivers/CMSIS/Device/ST) by extension 'ignore_ament_install'
[0.330s] Level 1:colcon.colcon_core.package_identification:_identify(STM32/main/X-CUBE-53L0A1/STM32CubeExpansion_VL53L0X_V1.2.0/Drivers/CMSIS/Device/ST) by extensions ['colcon_pkg']
[0.330s] Level 1:colcon.colcon_core.package_identification:_identify(STM32/main/X-CUBE-53L0A1/STM32CubeExpansion_VL53L0X_V1.2.0/Drivers/CMSIS/Device/ST) by extension 'colcon_pkg'
[0.330s] Level 1:colcon.colcon_core.package_identification:_identify(STM32/main/X-CUBE-53L0A1/STM32CubeExpansion_VL53L0X_V1.2.0/Drivers/CMSIS/Device/ST) by extensions ['colcon_meta']
[0.330s] Level 1:colcon.colcon_core.package_identification:_identify(STM32/main/X-CUBE-53L0A1/STM32CubeExpansion_VL53L0X_V1.2.0/Drivers/CMSIS/Device/ST) by extension 'colcon_meta'
[0.330s] Level 1:colcon.colcon_core.package_identification:_identify(STM32/main/X-CUBE-53L0A1/STM32CubeExpansion_VL53L0X_V1.2.0/Drivers/CMSIS/Device/ST) by extensions ['ros']
[0.331s] Level 1:colcon.colcon_core.package_identification:_identify(STM32/main/X-CUBE-53L0A1/STM32CubeExpansion_VL53L0X_V1.2.0/Drivers/CMSIS/Device/ST) by extension 'ros'
[0.331s] Level 1:colcon.colcon_core.package_identification:_identify(STM32/main/X-CUBE-53L0A1/STM32CubeExpansion_VL53L0X_V1.2.0/Drivers/CMSIS/Device/ST) by extensions ['cmake', 'python']
[0.331s] Level 1:colcon.colcon_core.package_identification:_identify(STM32/main/X-CUBE-53L0A1/STM32CubeExpansion_VL53L0X_V1.2.0/Drivers/CMSIS/Device/ST) by extension 'cmake'
[0.331s] Level 1:colcon.colcon_core.package_identification:_identify(STM32/main/X-CUBE-53L0A1/STM32CubeExpansion_VL53L0X_V1.2.0/Drivers/CMSIS/Device/ST) by extension 'python'
[0.331s] Level 1:colcon.colcon_core.package_identification:_identify(STM32/main/X-CUBE-53L0A1/STM32CubeExpansion_VL53L0X_V1.2.0/Drivers/CMSIS/Device/ST) by extensions ['python_setup_py']
[0.331s] Level 1:colcon.colcon_core.package_identification:_identify(STM32/main/X-CUBE-53L0A1/STM32CubeExpansion_VL53L0X_V1.2.0/Drivers/CMSIS/Device/ST) by extension 'python_setup_py'
[0.331s] Level 1:colcon.colcon_core.package_identification:_identify(STM32/main/X-CUBE-53L0A1/STM32CubeExpansion_VL53L0X_V1.2.0/Drivers/CMSIS/Device/ST/STM32F4xx) by extensions ['ignore', 'ignore_ament_install']
[0.331s] Level 1:colcon.colcon_core.package_identification:_identify(STM32/main/X-CUBE-53L0A1/STM32CubeExpansion_VL53L0X_V1.2.0/Drivers/CMSIS/Device/ST/STM32F4xx) by extension 'ignore'
[0.331s] Level 1:colcon.colcon_core.package_identification:_identify(STM32/main/X-CUBE-53L0A1/STM32CubeExpansion_VL53L0X_V1.2.0/Drivers/CMSIS/Device/ST/STM32F4xx) by extension 'ignore_ament_install'
[0.331s] Level 1:colcon.colcon_core.package_identification:_identify(STM32/main/X-CUBE-53L0A1/STM32CubeExpansion_VL53L0X_V1.2.0/Drivers/CMSIS/Device/ST/STM32F4xx) by extensions ['colcon_pkg']
[0.331s] Level 1:colcon.colcon_core.package_identification:_identify(STM32/main/X-CUBE-53L0A1/STM32CubeExpansion_VL53L0X_V1.2.0/Drivers/CMSIS/Device/ST/STM32F4xx) by extension 'colcon_pkg'
[0.331s] Level 1:colcon.colcon_core.package_identification:_identify(STM32/main/X-CUBE-53L0A1/STM32CubeExpansion_VL53L0X_V1.2.0/Drivers/CMSIS/Device/ST/STM32F4xx) by extensions ['colcon_meta']
[0.331s] Level 1:colcon.colcon_core.package_identification:_identify(STM32/main/X-CUBE-53L0A1/STM32CubeExpansion_VL53L0X_V1.2.0/Drivers/CMSIS/Device/ST/STM32F4xx) by extension 'colcon_meta'
[0.331s] Level 1:colcon.colcon_core.package_identification:_identify(STM32/main/X-CUBE-53L0A1/STM32CubeExpansion_VL53L0X_V1.2.0/Drivers/CMSIS/Device/ST/STM32F4xx) by extensions ['ros']
[0.331s] Level 1:colcon.colcon_core.package_identification:_identify(STM32/main/X-CUBE-53L0A1/STM32CubeExpansion_VL53L0X_V1.2.0/Drivers/CMSIS/Device/ST/STM32F4xx) by extension 'ros'
[0.332s] Level 1:colcon.colcon_core.package_identification:_identify(STM32/main/X-CUBE-53L0A1/STM32CubeExpansion_VL53L0X_V1.2.0/Drivers/CMSIS/Device/ST/STM32F4xx) by extensions ['cmake', 'python']
[0.332s] Level 1:colcon.colcon_core.package_identification:_identify(STM32/main/X-CUBE-53L0A1/STM32CubeExpansion_VL53L0X_V1.2.0/Drivers/CMSIS/Device/ST/STM32F4xx) by extension 'cmake'
[0.332s] Level 1:colcon.colcon_core.package_identification:_identify(STM32/main/X-CUBE-53L0A1/STM32CubeExpansion_VL53L0X_V1.2.0/Drivers/CMSIS/Device/ST/STM32F4xx) by extension 'python'
[0.332s] Level 1:colcon.colcon_core.package_identification:_identify(STM32/main/X-CUBE-53L0A1/STM32CubeExpansion_VL53L0X_V1.2.0/Drivers/CMSIS/Device/ST/STM32F4xx) by extensions ['python_setup_py']
[0.332s] Level 1:colcon.colcon_core.package_identification:_identify(STM32/main/X-CUBE-53L0A1/STM32CubeExpansion_VL53L0X_V1.2.0/Drivers/CMSIS/Device/ST/STM32F4xx) by extension 'python_setup_py'
[0.332s] Level 1:colcon.colcon_core.package_identification:_identify(STM32/main/X-CUBE-53L0A1/STM32CubeExpansion_VL53L0X_V1.2.0/Drivers/CMSIS/Device/ST/STM32F4xx/Include) by extensions ['ignore', 'ignore_ament_install']
[0.332s] Level 1:colcon.colcon_core.package_identification:_identify(STM32/main/X-CUBE-53L0A1/STM32CubeExpansion_VL53L0X_V1.2.0/Drivers/CMSIS/Device/ST/STM32F4xx/Include) by extension 'ignore'
[0.332s] Level 1:colcon.colcon_core.package_identification:_identify(STM32/main/X-CUBE-53L0A1/STM32CubeExpansion_VL53L0X_V1.2.0/Drivers/CMSIS/Device/ST/STM32F4xx/Include) by extension 'ignore_ament_install'
[0.332s] Level 1:colcon.colcon_core.package_identification:_identify(STM32/main/X-CUBE-53L0A1/STM32CubeExpansion_VL53L0X_V1.2.0/Drivers/CMSIS/Device/ST/STM32F4xx/Include) by extensions ['colcon_pkg']
[0.332s] Level 1:colcon.colcon_core.package_identification:_identify(STM32/main/X-CUBE-53L0A1/STM32CubeExpansion_VL53L0X_V1.2.0/Drivers/CMSIS/Device/ST/STM32F4xx/Include) by extension 'colcon_pkg'
[0.332s] Level 1:colcon.colcon_core.package_identification:_identify(STM32/main/X-CUBE-53L0A1/STM32CubeExpansion_VL53L0X_V1.2.0/Drivers/CMSIS/Device/ST/STM32F4xx/Include) by extensions ['colcon_meta']
[0.332s] Level 1:colcon.colcon_core.package_identification:_identify(STM32/main/X-CUBE-53L0A1/STM32CubeExpansion_VL53L0X_V1.2.0/Drivers/CMSIS/Device/ST/STM32F4xx/Include) by extension 'colcon_meta'
[0.332s] Level 1:colcon.colcon_core.package_identification:_identify(STM32/main/X-CUBE-53L0A1/STM32CubeExpansion_VL53L0X_V1.2.0/Drivers/CMSIS/Device/ST/STM32F4xx/Include) by extensions ['ros']
[0.332s] Level 1:colcon.colcon_core.package_identification:_identify(STM32/main/X-CUBE-53L0A1/STM32CubeExpansion_VL53L0X_V1.2.0/Drivers/CMSIS/Device/ST/STM32F4xx/Include) by extension 'ros'
[0.333s] Level 1:colcon.colcon_core.package_identification:_identify(STM32/main/X-CUBE-53L0A1/STM32CubeExpansion_VL53L0X_V1.2.0/Drivers/CMSIS/Device/ST/STM32F4xx/Include) by extensions ['cmake', 'python']
[0.333s] Level 1:colcon.colcon_core.package_identification:_identify(STM32/main/X-CUBE-53L0A1/STM32CubeExpansion_VL53L0X_V1.2.0/Drivers/CMSIS/Device/ST/STM32F4xx/Include) by extension 'cmake'
[0.333s] Level 1:colcon.colcon_core.package_identification:_identify(STM32/main/X-CUBE-53L0A1/STM32CubeExpansion_VL53L0X_V1.2.0/Drivers/CMSIS/Device/ST/STM32F4xx/Include) by extension 'python'
[0.333s] Level 1:colcon.colcon_core.package_identification:_identify(STM32/main/X-CUBE-53L0A1/STM32CubeExpansion_VL53L0X_V1.2.0/Drivers/CMSIS/Device/ST/STM32F4xx/Include) by extensions ['python_setup_py']
[0.333s] Level 1:colcon.colcon_core.package_identification:_identify(STM32/main/X-CUBE-53L0A1/STM32CubeExpansion_VL53L0X_V1.2.0/Drivers/CMSIS/Device/ST/STM32F4xx/Include) by extension 'python_setup_py'
[0.333s] Level 1:colcon.colcon_core.package_identification:_identify(STM32/main/X-CUBE-53L0A1/STM32CubeExpansion_VL53L0X_V1.2.0/Drivers/CMSIS/Device/ST/STM32F4xx/Source) by extensions ['ignore', 'ignore_ament_install']
[0.333s] Level 1:colcon.colcon_core.package_identification:_identify(STM32/main/X-CUBE-53L0A1/STM32CubeExpansion_VL53L0X_V1.2.0/Drivers/CMSIS/Device/ST/STM32F4xx/Source) by extension 'ignore'
[0.333s] Level 1:colcon.colcon_core.package_identification:_identify(STM32/main/X-CUBE-53L0A1/STM32CubeExpansion_VL53L0X_V1.2.0/Drivers/CMSIS/Device/ST/STM32F4xx/Source) by extension 'ignore_ament_install'
[0.333s] Level 1:colcon.colcon_core.package_identification:_identify(STM32/main/X-CUBE-53L0A1/STM32CubeExpansion_VL53L0X_V1.2.0/Drivers/CMSIS/Device/ST/STM32F4xx/Source) by extensions ['colcon_pkg']
[0.333s] Level 1:colcon.colcon_core.package_identification:_identify(STM32/main/X-CUBE-53L0A1/STM32CubeExpansion_VL53L0X_V1.2.0/Drivers/CMSIS/Device/ST/STM32F4xx/Source) by extension 'colcon_pkg'
[0.333s] Level 1:colcon.colcon_core.package_identification:_identify(STM32/main/X-CUBE-53L0A1/STM32CubeExpansion_VL53L0X_V1.2.0/Drivers/CMSIS/Device/ST/STM32F4xx/Source) by extensions ['colcon_meta']
[0.333s] Level 1:colcon.colcon_core.package_identification:_identify(STM32/main/X-CUBE-53L0A1/STM32CubeExpansion_VL53L0X_V1.2.0/Drivers/CMSIS/Device/ST/STM32F4xx/Source) by extension 'colcon_meta'
[0.333s] Level 1:colcon.colcon_core.package_identification:_identify(STM32/main/X-CUBE-53L0A1/STM32CubeExpansion_VL53L0X_V1.2.0/Drivers/CMSIS/Device/ST/STM32F4xx/Source) by extensions ['ros']
[0.333s] Level 1:colcon.colcon_core.package_identification:_identify(STM32/main/X-CUBE-53L0A1/STM32CubeExpansion_VL53L0X_V1.2.0/Drivers/CMSIS/Device/ST/STM32F4xx/Source) by extension 'ros'
[0.333s] Level 1:colcon.colcon_core.package_identification:_identify(STM32/main/X-CUBE-53L0A1/STM32CubeExpansion_VL53L0X_V1.2.0/Drivers/CMSIS/Device/ST/STM32F4xx/Source) by extensions ['cmake', 'python']
[0.333s] Level 1:colcon.colcon_core.package_identification:_identify(STM32/main/X-CUBE-53L0A1/STM32CubeExpansion_VL53L0X_V1.2.0/Drivers/CMSIS/Device/ST/STM32F4xx/Source) by extension 'cmake'
[0.334s] Level 1:colcon.colcon_core.package_identification:_identify(STM32/main/X-CUBE-53L0A1/STM32CubeExpansion_VL53L0X_V1.2.0/Drivers/CMSIS/Device/ST/STM32F4xx/Source) by extension 'python'
[0.334s] Level 1:colcon.colcon_core.package_identification:_identify(STM32/main/X-CUBE-53L0A1/STM32CubeExpansion_VL53L0X_V1.2.0/Drivers/CMSIS/Device/ST/STM32F4xx/Source) by extensions ['python_setup_py']
[0.334s] Level 1:colcon.colcon_core.package_identification:_identify(STM32/main/X-CUBE-53L0A1/STM32CubeExpansion_VL53L0X_V1.2.0/Drivers/CMSIS/Device/ST/STM32F4xx/Source) by extension 'python_setup_py'
[0.334s] Level 1:colcon.colcon_core.package_identification:_identify(STM32/main/X-CUBE-53L0A1/STM32CubeExpansion_VL53L0X_V1.2.0/Drivers/CMSIS/Device/ST/STM32F4xx/Source/Templates) by extensions ['ignore', 'ignore_ament_install']
[0.334s] Level 1:colcon.colcon_core.package_identification:_identify(STM32/main/X-CUBE-53L0A1/STM32CubeExpansion_VL53L0X_V1.2.0/Drivers/CMSIS/Device/ST/STM32F4xx/Source/Templates) by extension 'ignore'
[0.334s] Level 1:colcon.colcon_core.package_identification:_identify(STM32/main/X-CUBE-53L0A1/STM32CubeExpansion_VL53L0X_V1.2.0/Drivers/CMSIS/Device/ST/STM32F4xx/Source/Templates) by extension 'ignore_ament_install'
[0.334s] Level 1:colcon.colcon_core.package_identification:_identify(STM32/main/X-CUBE-53L0A1/STM32CubeExpansion_VL53L0X_V1.2.0/Drivers/CMSIS/Device/ST/STM32F4xx/Source/Templates) by extensions ['colcon_pkg']
[0.334s] Level 1:colcon.colcon_core.package_identification:_identify(STM32/main/X-CUBE-53L0A1/STM32CubeExpansion_VL53L0X_V1.2.0/Drivers/CMSIS/Device/ST/STM32F4xx/Source/Templates) by extension 'colcon_pkg'
[0.334s] Level 1:colcon.colcon_core.package_identification:_identify(STM32/main/X-CUBE-53L0A1/STM32CubeExpansion_VL53L0X_V1.2.0/Drivers/CMSIS/Device/ST/STM32F4xx/Source/Templates) by extensions ['colcon_meta']
[0.334s] Level 1:colcon.colcon_core.package_identification:_identify(STM32/main/X-CUBE-53L0A1/STM32CubeExpansion_VL53L0X_V1.2.0/Drivers/CMSIS/Device/ST/STM32F4xx/Source/Templates) by extension 'colcon_meta'
[0.334s] Level 1:colcon.colcon_core.package_identification:_identify(STM32/main/X-CUBE-53L0A1/STM32CubeExpansion_VL53L0X_V1.2.0/Drivers/CMSIS/Device/ST/STM32F4xx/Source/Templates) by extensions ['ros']
[0.334s] Level 1:colcon.colcon_core.package_identification:_identify(STM32/main/X-CUBE-53L0A1/STM32CubeExpansion_VL53L0X_V1.2.0/Drivers/CMSIS/Device/ST/STM32F4xx/Source/Templates) by extension 'ros'
[0.334s] Level 1:colcon.colcon_core.package_identification:_identify(STM32/main/X-CUBE-53L0A1/STM32CubeExpansion_VL53L0X_V1.2.0/Drivers/CMSIS/Device/ST/STM32F4xx/Source/Templates) by extensions ['cmake', 'python']
[0.334s] Level 1:colcon.colcon_core.package_identification:_identify(STM32/main/X-CUBE-53L0A1/STM32CubeExpansion_VL53L0X_V1.2.0/Drivers/CMSIS/Device/ST/STM32F4xx/Source/Templates) by extension 'cmake'
[0.335s] Level 1:colcon.colcon_core.package_identification:_identify(STM32/main/X-CUBE-53L0A1/STM32CubeExpansion_VL53L0X_V1.2.0/Drivers/CMSIS/Device/ST/STM32F4xx/Source/Templates) by extension 'python'
[0.335s] Level 1:colcon.colcon_core.package_identification:_identify(STM32/main/X-CUBE-53L0A1/STM32CubeExpansion_VL53L0X_V1.2.0/Drivers/CMSIS/Device/ST/STM32F4xx/Source/Templates) by extensions ['python_setup_py']
[0.335s] Level 1:colcon.colcon_core.package_identification:_identify(STM32/main/X-CUBE-53L0A1/STM32CubeExpansion_VL53L0X_V1.2.0/Drivers/CMSIS/Device/ST/STM32F4xx/Source/Templates) by extension 'python_setup_py'
[0.335s] Level 1:colcon.colcon_core.package_identification:_identify(STM32/main/X-CUBE-53L0A1/STM32CubeExpansion_VL53L0X_V1.2.0/Drivers/CMSIS/Device/ST/STM32F4xx/Source/Templates/arm) by extensions ['ignore', 'ignore_ament_install']
[0.335s] Level 1:colcon.colcon_core.package_identification:_identify(STM32/main/X-CUBE-53L0A1/STM32CubeExpansion_VL53L0X_V1.2.0/Drivers/CMSIS/Device/ST/STM32F4xx/Source/Templates/arm) by extension 'ignore'
[0.335s] Level 1:colcon.colcon_core.package_identification:_identify(STM32/main/X-CUBE-53L0A1/STM32CubeExpansion_VL53L0X_V1.2.0/Drivers/CMSIS/Device/ST/STM32F4xx/Source/Templates/arm) by extension 'ignore_ament_install'
[0.335s] Level 1:colcon.colcon_core.package_identification:_identify(STM32/main/X-CUBE-53L0A1/STM32CubeExpansion_VL53L0X_V1.2.0/Drivers/CMSIS/Device/ST/STM32F4xx/Source/Templates/arm) by extensions ['colcon_pkg']
[0.335s] Level 1:colcon.colcon_core.package_identification:_identify(STM32/main/X-CUBE-53L0A1/STM32CubeExpansion_VL53L0X_V1.2.0/Drivers/CMSIS/Device/ST/STM32F4xx/Source/Templates/arm) by extension 'colcon_pkg'
[0.335s] Level 1:colcon.colcon_core.package_identification:_identify(STM32/main/X-CUBE-53L0A1/STM32CubeExpansion_VL53L0X_V1.2.0/Drivers/CMSIS/Device/ST/STM32F4xx/Source/Templates/arm) by extensions ['colcon_meta']
[0.335s] Level 1:colcon.colcon_core.package_identification:_identify(STM32/main/X-CUBE-53L0A1/STM32CubeExpansion_VL53L0X_V1.2.0/Drivers/CMSIS/Device/ST/STM32F4xx/Source/Templates/arm) by extension 'colcon_meta'
[0.335s] Level 1:colcon.colcon_core.package_identification:_identify(STM32/main/X-CUBE-53L0A1/STM32CubeExpansion_VL53L0X_V1.2.0/Drivers/CMSIS/Device/ST/STM32F4xx/Source/Templates/arm) by extensions ['ros']
[0.335s] Level 1:colcon.colcon_core.package_identification:_identify(STM32/main/X-CUBE-53L0A1/STM32CubeExpansion_VL53L0X_V1.2.0/Drivers/CMSIS/Device/ST/STM32F4xx/Source/Templates/arm) by extension 'ros'
[0.335s] Level 1:colcon.colcon_core.package_identification:_identify(STM32/main/X-CUBE-53L0A1/STM32CubeExpansion_VL53L0X_V1.2.0/Drivers/CMSIS/Device/ST/STM32F4xx/Source/Templates/arm) by extensions ['cmake', 'python']
[0.335s] Level 1:colcon.colcon_core.package_identification:_identify(STM32/main/X-CUBE-53L0A1/STM32CubeExpansion_VL53L0X_V1.2.0/Drivers/CMSIS/Device/ST/STM32F4xx/Source/Templates/arm) by extension 'cmake'
[0.336s] Level 1:colcon.colcon_core.package_identification:_identify(STM32/main/X-CUBE-53L0A1/STM32CubeExpansion_VL53L0X_V1.2.0/Drivers/CMSIS/Device/ST/STM32F4xx/Source/Templates/arm) by extension 'python'
[0.336s] Level 1:colcon.colcon_core.package_identification:_identify(STM32/main/X-CUBE-53L0A1/STM32CubeExpansion_VL53L0X_V1.2.0/Drivers/CMSIS/Device/ST/STM32F4xx/Source/Templates/arm) by extensions ['python_setup_py']
[0.336s] Level 1:colcon.colcon_core.package_identification:_identify(STM32/main/X-CUBE-53L0A1/STM32CubeExpansion_VL53L0X_V1.2.0/Drivers/CMSIS/Device/ST/STM32F4xx/Source/Templates/arm) by extension 'python_setup_py'
[0.336s] Level 1:colcon.colcon_core.package_identification:_identify(STM32/main/X-CUBE-53L0A1/STM32CubeExpansion_VL53L0X_V1.2.0/Drivers/CMSIS/Device/ST/STM32F4xx/Source/Templates/gcc) by extensions ['ignore', 'ignore_ament_install']
[0.336s] Level 1:colcon.colcon_core.package_identification:_identify(STM32/main/X-CUBE-53L0A1/STM32CubeExpansion_VL53L0X_V1.2.0/Drivers/CMSIS/Device/ST/STM32F4xx/Source/Templates/gcc) by extension 'ignore'
[0.336s] Level 1:colcon.colcon_core.package_identification:_identify(STM32/main/X-CUBE-53L0A1/STM32CubeExpansion_VL53L0X_V1.2.0/Drivers/CMSIS/Device/ST/STM32F4xx/Source/Templates/gcc) by extension 'ignore_ament_install'
[0.336s] Level 1:colcon.colcon_core.package_identification:_identify(STM32/main/X-CUBE-53L0A1/STM32CubeExpansion_VL53L0X_V1.2.0/Drivers/CMSIS/Device/ST/STM32F4xx/Source/Templates/gcc) by extensions ['colcon_pkg']
[0.336s] Level 1:colcon.colcon_core.package_identification:_identify(STM32/main/X-CUBE-53L0A1/STM32CubeExpansion_VL53L0X_V1.2.0/Drivers/CMSIS/Device/ST/STM32F4xx/Source/Templates/gcc) by extension 'colcon_pkg'
[0.336s] Level 1:colcon.colcon_core.package_identification:_identify(STM32/main/X-CUBE-53L0A1/STM32CubeExpansion_VL53L0X_V1.2.0/Drivers/CMSIS/Device/ST/STM32F4xx/Source/Templates/gcc) by extensions ['colcon_meta']
[0.336s] Level 1:colcon.colcon_core.package_identification:_identify(STM32/main/X-CUBE-53L0A1/STM32CubeExpansion_VL53L0X_V1.2.0/Drivers/CMSIS/Device/ST/STM32F4xx/Source/Templates/gcc) by extension 'colcon_meta'
[0.336s] Level 1:colcon.colcon_core.package_identification:_identify(STM32/main/X-CUBE-53L0A1/STM32CubeExpansion_VL53L0X_V1.2.0/Drivers/CMSIS/Device/ST/STM32F4xx/Source/Templates/gcc) by extensions ['ros']
[0.336s] Level 1:colcon.colcon_core.package_identification:_identify(STM32/main/X-CUBE-53L0A1/STM32CubeExpansion_VL53L0X_V1.2.0/Drivers/CMSIS/Device/ST/STM32F4xx/Source/Templates/gcc) by extension 'ros'
[0.336s] Level 1:colcon.colcon_core.package_identification:_identify(STM32/main/X-CUBE-53L0A1/STM32CubeExpansion_VL53L0X_V1.2.0/Drivers/CMSIS/Device/ST/STM32F4xx/Source/Templates/gcc) by extensions ['cmake', 'python']
[0.336s] Level 1:colcon.colcon_core.package_identification:_identify(STM32/main/X-CUBE-53L0A1/STM32CubeExpansion_VL53L0X_V1.2.0/Drivers/CMSIS/Device/ST/STM32F4xx/Source/Templates/gcc) by extension 'cmake'
[0.336s] Level 1:colcon.colcon_core.package_identification:_identify(STM32/main/X-CUBE-53L0A1/STM32CubeExpansion_VL53L0X_V1.2.0/Drivers/CMSIS/Device/ST/STM32F4xx/Source/Templates/gcc) by extension 'python'
[0.337s] Level 1:colcon.colcon_core.package_identification:_identify(STM32/main/X-CUBE-53L0A1/STM32CubeExpansion_VL53L0X_V1.2.0/Drivers/CMSIS/Device/ST/STM32F4xx/Source/Templates/gcc) by extensions ['python_setup_py']
[0.337s] Level 1:colcon.colcon_core.package_identification:_identify(STM32/main/X-CUBE-53L0A1/STM32CubeExpansion_VL53L0X_V1.2.0/Drivers/CMSIS/Device/ST/STM32F4xx/Source/Templates/gcc) by extension 'python_setup_py'
[0.337s] Level 1:colcon.colcon_core.package_identification:_identify(STM32/main/X-CUBE-53L0A1/STM32CubeExpansion_VL53L0X_V1.2.0/Drivers/CMSIS/Device/ST/STM32F4xx/Source/Templates/iar) by extensions ['ignore', 'ignore_ament_install']
[0.337s] Level 1:colcon.colcon_core.package_identification:_identify(STM32/main/X-CUBE-53L0A1/STM32CubeExpansion_VL53L0X_V1.2.0/Drivers/CMSIS/Device/ST/STM32F4xx/Source/Templates/iar) by extension 'ignore'
[0.337s] Level 1:colcon.colcon_core.package_identification:_identify(STM32/main/X-CUBE-53L0A1/STM32CubeExpansion_VL53L0X_V1.2.0/Drivers/CMSIS/Device/ST/STM32F4xx/Source/Templates/iar) by extension 'ignore_ament_install'
[0.337s] Level 1:colcon.colcon_core.package_identification:_identify(STM32/main/X-CUBE-53L0A1/STM32CubeExpansion_VL53L0X_V1.2.0/Drivers/CMSIS/Device/ST/STM32F4xx/Source/Templates/iar) by extensions ['colcon_pkg']
[0.337s] Level 1:colcon.colcon_core.package_identification:_identify(STM32/main/X-CUBE-53L0A1/STM32CubeExpansion_VL53L0X_V1.2.0/Drivers/CMSIS/Device/ST/STM32F4xx/Source/Templates/iar) by extension 'colcon_pkg'
[0.337s] Level 1:colcon.colcon_core.package_identification:_identify(STM32/main/X-CUBE-53L0A1/STM32CubeExpansion_VL53L0X_V1.2.0/Drivers/CMSIS/Device/ST/STM32F4xx/Source/Templates/iar) by extensions ['colcon_meta']
[0.337s] Level 1:colcon.colcon_core.package_identification:_identify(STM32/main/X-CUBE-53L0A1/STM32CubeExpansion_VL53L0X_V1.2.0/Drivers/CMSIS/Device/ST/STM32F4xx/Source/Templates/iar) by extension 'colcon_meta'
[0.337s] Level 1:colcon.colcon_core.package_identification:_identify(STM32/main/X-CUBE-53L0A1/STM32CubeExpansion_VL53L0X_V1.2.0/Drivers/CMSIS/Device/ST/STM32F4xx/Source/Templates/iar) by extensions ['ros']
[0.337s] Level 1:colcon.colcon_core.package_identification:_identify(STM32/main/X-CUBE-53L0A1/STM32CubeExpansion_VL53L0X_V1.2.0/Drivers/CMSIS/Device/ST/STM32F4xx/Source/Templates/iar) by extension 'ros'
[0.337s] Level 1:colcon.colcon_core.package_identification:_identify(STM32/main/X-CUBE-53L0A1/STM32CubeExpansion_VL53L0X_V1.2.0/Drivers/CMSIS/Device/ST/STM32F4xx/Source/Templates/iar) by extensions ['cmake', 'python']
[0.337s] Level 1:colcon.colcon_core.package_identification:_identify(STM32/main/X-CUBE-53L0A1/STM32CubeExpansion_VL53L0X_V1.2.0/Drivers/CMSIS/Device/ST/STM32F4xx/Source/Templates/iar) by extension 'cmake'
[0.337s] Level 1:colcon.colcon_core.package_identification:_identify(STM32/main/X-CUBE-53L0A1/STM32CubeExpansion_VL53L0X_V1.2.0/Drivers/CMSIS/Device/ST/STM32F4xx/Source/Templates/iar) by extension 'python'
[0.338s] Level 1:colcon.colcon_core.package_identification:_identify(STM32/main/X-CUBE-53L0A1/STM32CubeExpansion_VL53L0X_V1.2.0/Drivers/CMSIS/Device/ST/STM32F4xx/Source/Templates/iar) by extensions ['python_setup_py']
[0.338s] Level 1:colcon.colcon_core.package_identification:_identify(STM32/main/X-CUBE-53L0A1/STM32CubeExpansion_VL53L0X_V1.2.0/Drivers/CMSIS/Device/ST/STM32F4xx/Source/Templates/iar) by extension 'python_setup_py'
[0.338s] Level 1:colcon.colcon_core.package_identification:_identify(STM32/main/X-CUBE-53L0A1/STM32CubeExpansion_VL53L0X_V1.2.0/Drivers/CMSIS/Device/ST/STM32F4xx/Source/Templates/iar/linker) by extensions ['ignore', 'ignore_ament_install']
[0.338s] Level 1:colcon.colcon_core.package_identification:_identify(STM32/main/X-CUBE-53L0A1/STM32CubeExpansion_VL53L0X_V1.2.0/Drivers/CMSIS/Device/ST/STM32F4xx/Source/Templates/iar/linker) by extension 'ignore'
[0.338s] Level 1:colcon.colcon_core.package_identification:_identify(STM32/main/X-CUBE-53L0A1/STM32CubeExpansion_VL53L0X_V1.2.0/Drivers/CMSIS/Device/ST/STM32F4xx/Source/Templates/iar/linker) by extension 'ignore_ament_install'
[0.338s] Level 1:colcon.colcon_core.package_identification:_identify(STM32/main/X-CUBE-53L0A1/STM32CubeExpansion_VL53L0X_V1.2.0/Drivers/CMSIS/Device/ST/STM32F4xx/Source/Templates/iar/linker) by extensions ['colcon_pkg']
[0.338s] Level 1:colcon.colcon_core.package_identification:_identify(STM32/main/X-CUBE-53L0A1/STM32CubeExpansion_VL53L0X_V1.2.0/Drivers/CMSIS/Device/ST/STM32F4xx/Source/Templates/iar/linker) by extension 'colcon_pkg'
[0.338s] Level 1:colcon.colcon_core.package_identification:_identify(STM32/main/X-CUBE-53L0A1/STM32CubeExpansion_VL53L0X_V1.2.0/Drivers/CMSIS/Device/ST/STM32F4xx/Source/Templates/iar/linker) by extensions ['colcon_meta']
[0.338s] Level 1:colcon.colcon_core.package_identification:_identify(STM32/main/X-CUBE-53L0A1/STM32CubeExpansion_VL53L0X_V1.2.0/Drivers/CMSIS/Device/ST/STM32F4xx/Source/Templates/iar/linker) by extension 'colcon_meta'
[0.338s] Level 1:colcon.colcon_core.package_identification:_identify(STM32/main/X-CUBE-53L0A1/STM32CubeExpansion_VL53L0X_V1.2.0/Drivers/CMSIS/Device/ST/STM32F4xx/Source/Templates/iar/linker) by extensions ['ros']
[0.338s] Level 1:colcon.colcon_core.package_identification:_identify(STM32/main/X-CUBE-53L0A1/STM32CubeExpansion_VL53L0X_V1.2.0/Drivers/CMSIS/Device/ST/STM32F4xx/Source/Templates/iar/linker) by extension 'ros'
[0.338s] Level 1:colcon.colcon_core.package_identification:_identify(STM32/main/X-CUBE-53L0A1/STM32CubeExpansion_VL53L0X_V1.2.0/Drivers/CMSIS/Device/ST/STM32F4xx/Source/Templates/iar/linker) by extensions ['cmake', 'python']
[0.338s] Level 1:colcon.colcon_core.package_identification:_identify(STM32/main/X-CUBE-53L0A1/STM32CubeExpansion_VL53L0X_V1.2.0/Drivers/CMSIS/Device/ST/STM32F4xx/Source/Templates/iar/linker) by extension 'cmake'
[0.338s] Level 1:colcon.colcon_core.package_identification:_identify(STM32/main/X-CUBE-53L0A1/STM32CubeExpansion_VL53L0X_V1.2.0/Drivers/CMSIS/Device/ST/STM32F4xx/Source/Templates/iar/linker) by extension 'python'
[0.339s] Level 1:colcon.colcon_core.package_identification:_identify(STM32/main/X-CUBE-53L0A1/STM32CubeExpansion_VL53L0X_V1.2.0/Drivers/CMSIS/Device/ST/STM32F4xx/Source/Templates/iar/linker) by extensions ['python_setup_py']
[0.339s] Level 1:colcon.colcon_core.package_identification:_identify(STM32/main/X-CUBE-53L0A1/STM32CubeExpansion_VL53L0X_V1.2.0/Drivers/CMSIS/Device/ST/STM32F4xx/Source/Templates/iar/linker) by extension 'python_setup_py'
[0.339s] Level 1:colcon.colcon_core.package_identification:_identify(STM32/main/X-CUBE-53L0A1/STM32CubeExpansion_VL53L0X_V1.2.0/Drivers/CMSIS/Device/ST/STM32L4xx) by extensions ['ignore', 'ignore_ament_install']
[0.339s] Level 1:colcon.colcon_core.package_identification:_identify(STM32/main/X-CUBE-53L0A1/STM32CubeExpansion_VL53L0X_V1.2.0/Drivers/CMSIS/Device/ST/STM32L4xx) by extension 'ignore'
[0.339s] Level 1:colcon.colcon_core.package_identification:_identify(STM32/main/X-CUBE-53L0A1/STM32CubeExpansion_VL53L0X_V1.2.0/Drivers/CMSIS/Device/ST/STM32L4xx) by extension 'ignore_ament_install'
[0.339s] Level 1:colcon.colcon_core.package_identification:_identify(STM32/main/X-CUBE-53L0A1/STM32CubeExpansion_VL53L0X_V1.2.0/Drivers/CMSIS/Device/ST/STM32L4xx) by extensions ['colcon_pkg']
[0.339s] Level 1:colcon.colcon_core.package_identification:_identify(STM32/main/X-CUBE-53L0A1/STM32CubeExpansion_VL53L0X_V1.2.0/Drivers/CMSIS/Device/ST/STM32L4xx) by extension 'colcon_pkg'
[0.339s] Level 1:colcon.colcon_core.package_identification:_identify(STM32/main/X-CUBE-53L0A1/STM32CubeExpansion_VL53L0X_V1.2.0/Drivers/CMSIS/Device/ST/STM32L4xx) by extensions ['colcon_meta']
[0.339s] Level 1:colcon.colcon_core.package_identification:_identify(STM32/main/X-CUBE-53L0A1/STM32CubeExpansion_VL53L0X_V1.2.0/Drivers/CMSIS/Device/ST/STM32L4xx) by extension 'colcon_meta'
[0.339s] Level 1:colcon.colcon_core.package_identification:_identify(STM32/main/X-CUBE-53L0A1/STM32CubeExpansion_VL53L0X_V1.2.0/Drivers/CMSIS/Device/ST/STM32L4xx) by extensions ['ros']
[0.339s] Level 1:colcon.colcon_core.package_identification:_identify(STM32/main/X-CUBE-53L0A1/STM32CubeExpansion_VL53L0X_V1.2.0/Drivers/CMSIS/Device/ST/STM32L4xx) by extension 'ros'
[0.339s] Level 1:colcon.colcon_core.package_identification:_identify(STM32/main/X-CUBE-53L0A1/STM32CubeExpansion_VL53L0X_V1.2.0/Drivers/CMSIS/Device/ST/STM32L4xx) by extensions ['cmake', 'python']
[0.339s] Level 1:colcon.colcon_core.package_identification:_identify(STM32/main/X-CUBE-53L0A1/STM32CubeExpansion_VL53L0X_V1.2.0/Drivers/CMSIS/Device/ST/STM32L4xx) by extension 'cmake'
[0.339s] Level 1:colcon.colcon_core.package_identification:_identify(STM32/main/X-CUBE-53L0A1/STM32CubeExpansion_VL53L0X_V1.2.0/Drivers/CMSIS/Device/ST/STM32L4xx) by extension 'python'
[0.339s] Level 1:colcon.colcon_core.package_identification:_identify(STM32/main/X-CUBE-53L0A1/STM32CubeExpansion_VL53L0X_V1.2.0/Drivers/CMSIS/Device/ST/STM32L4xx) by extensions ['python_setup_py']
[0.340s] Level 1:colcon.colcon_core.package_identification:_identify(STM32/main/X-CUBE-53L0A1/STM32CubeExpansion_VL53L0X_V1.2.0/Drivers/CMSIS/Device/ST/STM32L4xx) by extension 'python_setup_py'
[0.340s] Level 1:colcon.colcon_core.package_identification:_identify(STM32/main/X-CUBE-53L0A1/STM32CubeExpansion_VL53L0X_V1.2.0/Drivers/CMSIS/Device/ST/STM32L4xx/Include) by extensions ['ignore', 'ignore_ament_install']
[0.340s] Level 1:colcon.colcon_core.package_identification:_identify(STM32/main/X-CUBE-53L0A1/STM32CubeExpansion_VL53L0X_V1.2.0/Drivers/CMSIS/Device/ST/STM32L4xx/Include) by extension 'ignore'
[0.340s] Level 1:colcon.colcon_core.package_identification:_identify(STM32/main/X-CUBE-53L0A1/STM32CubeExpansion_VL53L0X_V1.2.0/Drivers/CMSIS/Device/ST/STM32L4xx/Include) by extension 'ignore_ament_install'
[0.340s] Level 1:colcon.colcon_core.package_identification:_identify(STM32/main/X-CUBE-53L0A1/STM32CubeExpansion_VL53L0X_V1.2.0/Drivers/CMSIS/Device/ST/STM32L4xx/Include) by extensions ['colcon_pkg']
[0.340s] Level 1:colcon.colcon_core.package_identification:_identify(STM32/main/X-CUBE-53L0A1/STM32CubeExpansion_VL53L0X_V1.2.0/Drivers/CMSIS/Device/ST/STM32L4xx/Include) by extension 'colcon_pkg'
[0.340s] Level 1:colcon.colcon_core.package_identification:_identify(STM32/main/X-CUBE-53L0A1/STM32CubeExpansion_VL53L0X_V1.2.0/Drivers/CMSIS/Device/ST/STM32L4xx/Include) by extensions ['colcon_meta']
[0.340s] Level 1:colcon.colcon_core.package_identification:_identify(STM32/main/X-CUBE-53L0A1/STM32CubeExpansion_VL53L0X_V1.2.0/Drivers/CMSIS/Device/ST/STM32L4xx/Include) by extension 'colcon_meta'
[0.340s] Level 1:colcon.colcon_core.package_identification:_identify(STM32/main/X-CUBE-53L0A1/STM32CubeExpansion_VL53L0X_V1.2.0/Drivers/CMSIS/Device/ST/STM32L4xx/Include) by extensions ['ros']
[0.340s] Level 1:colcon.colcon_core.package_identification:_identify(STM32/main/X-CUBE-53L0A1/STM32CubeExpansion_VL53L0X_V1.2.0/Drivers/CMSIS/Device/ST/STM32L4xx/Include) by extension 'ros'
[0.340s] Level 1:colcon.colcon_core.package_identification:_identify(STM32/main/X-CUBE-53L0A1/STM32CubeExpansion_VL53L0X_V1.2.0/Drivers/CMSIS/Device/ST/STM32L4xx/Include) by extensions ['cmake', 'python']
[0.340s] Level 1:colcon.colcon_core.package_identification:_identify(STM32/main/X-CUBE-53L0A1/STM32CubeExpansion_VL53L0X_V1.2.0/Drivers/CMSIS/Device/ST/STM32L4xx/Include) by extension 'cmake'
[0.340s] Level 1:colcon.colcon_core.package_identification:_identify(STM32/main/X-CUBE-53L0A1/STM32CubeExpansion_VL53L0X_V1.2.0/Drivers/CMSIS/Device/ST/STM32L4xx/Include) by extension 'python'
[0.340s] Level 1:colcon.colcon_core.package_identification:_identify(STM32/main/X-CUBE-53L0A1/STM32CubeExpansion_VL53L0X_V1.2.0/Drivers/CMSIS/Device/ST/STM32L4xx/Include) by extensions ['python_setup_py']
[0.340s] Level 1:colcon.colcon_core.package_identification:_identify(STM32/main/X-CUBE-53L0A1/STM32CubeExpansion_VL53L0X_V1.2.0/Drivers/CMSIS/Device/ST/STM32L4xx/Include) by extension 'python_setup_py'
[0.341s] Level 1:colcon.colcon_core.package_identification:_identify(STM32/main/X-CUBE-53L0A1/STM32CubeExpansion_VL53L0X_V1.2.0/Drivers/CMSIS/Device/ST/STM32L4xx/Source) by extensions ['ignore', 'ignore_ament_install']
[0.341s] Level 1:colcon.colcon_core.package_identification:_identify(STM32/main/X-CUBE-53L0A1/STM32CubeExpansion_VL53L0X_V1.2.0/Drivers/CMSIS/Device/ST/STM32L4xx/Source) by extension 'ignore'
[0.341s] Level 1:colcon.colcon_core.package_identification:_identify(STM32/main/X-CUBE-53L0A1/STM32CubeExpansion_VL53L0X_V1.2.0/Drivers/CMSIS/Device/ST/STM32L4xx/Source) by extension 'ignore_ament_install'
[0.341s] Level 1:colcon.colcon_core.package_identification:_identify(STM32/main/X-CUBE-53L0A1/STM32CubeExpansion_VL53L0X_V1.2.0/Drivers/CMSIS/Device/ST/STM32L4xx/Source) by extensions ['colcon_pkg']
[0.341s] Level 1:colcon.colcon_core.package_identification:_identify(STM32/main/X-CUBE-53L0A1/STM32CubeExpansion_VL53L0X_V1.2.0/Drivers/CMSIS/Device/ST/STM32L4xx/Source) by extension 'colcon_pkg'
[0.341s] Level 1:colcon.colcon_core.package_identification:_identify(STM32/main/X-CUBE-53L0A1/STM32CubeExpansion_VL53L0X_V1.2.0/Drivers/CMSIS/Device/ST/STM32L4xx/Source) by extensions ['colcon_meta']
[0.341s] Level 1:colcon.colcon_core.package_identification:_identify(STM32/main/X-CUBE-53L0A1/STM32CubeExpansion_VL53L0X_V1.2.0/Drivers/CMSIS/Device/ST/STM32L4xx/Source) by extension 'colcon_meta'
[0.341s] Level 1:colcon.colcon_core.package_identification:_identify(STM32/main/X-CUBE-53L0A1/STM32CubeExpansion_VL53L0X_V1.2.0/Drivers/CMSIS/Device/ST/STM32L4xx/Source) by extensions ['ros']
[0.341s] Level 1:colcon.colcon_core.package_identification:_identify(STM32/main/X-CUBE-53L0A1/STM32CubeExpansion_VL53L0X_V1.2.0/Drivers/CMSIS/Device/ST/STM32L4xx/Source) by extension 'ros'
[0.341s] Level 1:colcon.colcon_core.package_identification:_identify(STM32/main/X-CUBE-53L0A1/STM32CubeExpansion_VL53L0X_V1.2.0/Drivers/CMSIS/Device/ST/STM32L4xx/Source) by extensions ['cmake', 'python']
[0.341s] Level 1:colcon.colcon_core.package_identification:_identify(STM32/main/X-CUBE-53L0A1/STM32CubeExpansion_VL53L0X_V1.2.0/Drivers/CMSIS/Device/ST/STM32L4xx/Source) by extension 'cmake'
[0.341s] Level 1:colcon.colcon_core.package_identification:_identify(STM32/main/X-CUBE-53L0A1/STM32CubeExpansion_VL53L0X_V1.2.0/Drivers/CMSIS/Device/ST/STM32L4xx/Source) by extension 'python'
[0.341s] Level 1:colcon.colcon_core.package_identification:_identify(STM32/main/X-CUBE-53L0A1/STM32CubeExpansion_VL53L0X_V1.2.0/Drivers/CMSIS/Device/ST/STM32L4xx/Source) by extensions ['python_setup_py']
[0.341s] Level 1:colcon.colcon_core.package_identification:_identify(STM32/main/X-CUBE-53L0A1/STM32CubeExpansion_VL53L0X_V1.2.0/Drivers/CMSIS/Device/ST/STM32L4xx/Source) by extension 'python_setup_py'
[0.342s] Level 1:colcon.colcon_core.package_identification:_identify(STM32/main/X-CUBE-53L0A1/STM32CubeExpansion_VL53L0X_V1.2.0/Drivers/CMSIS/Device/ST/STM32L4xx/Source/Templates) by extensions ['ignore', 'ignore_ament_install']
[0.342s] Level 1:colcon.colcon_core.package_identification:_identify(STM32/main/X-CUBE-53L0A1/STM32CubeExpansion_VL53L0X_V1.2.0/Drivers/CMSIS/Device/ST/STM32L4xx/Source/Templates) by extension 'ignore'
[0.342s] Level 1:colcon.colcon_core.package_identification:_identify(STM32/main/X-CUBE-53L0A1/STM32CubeExpansion_VL53L0X_V1.2.0/Drivers/CMSIS/Device/ST/STM32L4xx/Source/Templates) by extension 'ignore_ament_install'
[0.342s] Level 1:colcon.colcon_core.package_identification:_identify(STM32/main/X-CUBE-53L0A1/STM32CubeExpansion_VL53L0X_V1.2.0/Drivers/CMSIS/Device/ST/STM32L4xx/Source/Templates) by extensions ['colcon_pkg']
[0.342s] Level 1:colcon.colcon_core.package_identification:_identify(STM32/main/X-CUBE-53L0A1/STM32CubeExpansion_VL53L0X_V1.2.0/Drivers/CMSIS/Device/ST/STM32L4xx/Source/Templates) by extension 'colcon_pkg'
[0.342s] Level 1:colcon.colcon_core.package_identification:_identify(STM32/main/X-CUBE-53L0A1/STM32CubeExpansion_VL53L0X_V1.2.0/Drivers/CMSIS/Device/ST/STM32L4xx/Source/Templates) by extensions ['colcon_meta']
[0.342s] Level 1:colcon.colcon_core.package_identification:_identify(STM32/main/X-CUBE-53L0A1/STM32CubeExpansion_VL53L0X_V1.2.0/Drivers/CMSIS/Device/ST/STM32L4xx/Source/Templates) by extension 'colcon_meta'
[0.342s] Level 1:colcon.colcon_core.package_identification:_identify(STM32/main/X-CUBE-53L0A1/STM32CubeExpansion_VL53L0X_V1.2.0/Drivers/CMSIS/Device/ST/STM32L4xx/Source/Templates) by extensions ['ros']
[0.342s] Level 1:colcon.colcon_core.package_identification:_identify(STM32/main/X-CUBE-53L0A1/STM32CubeExpansion_VL53L0X_V1.2.0/Drivers/CMSIS/Device/ST/STM32L4xx/Source/Templates) by extension 'ros'
[0.342s] Level 1:colcon.colcon_core.package_identification:_identify(STM32/main/X-CUBE-53L0A1/STM32CubeExpansion_VL53L0X_V1.2.0/Drivers/CMSIS/Device/ST/STM32L4xx/Source/Templates) by extensions ['cmake', 'python']
[0.342s] Level 1:colcon.colcon_core.package_identification:_identify(STM32/main/X-CUBE-53L0A1/STM32CubeExpansion_VL53L0X_V1.2.0/Drivers/CMSIS/Device/ST/STM32L4xx/Source/Templates) by extension 'cmake'
[0.342s] Level 1:colcon.colcon_core.package_identification:_identify(STM32/main/X-CUBE-53L0A1/STM32CubeExpansion_VL53L0X_V1.2.0/Drivers/CMSIS/Device/ST/STM32L4xx/Source/Templates) by extension 'python'
[0.342s] Level 1:colcon.colcon_core.package_identification:_identify(STM32/main/X-CUBE-53L0A1/STM32CubeExpansion_VL53L0X_V1.2.0/Drivers/CMSIS/Device/ST/STM32L4xx/Source/Templates) by extensions ['python_setup_py']
[0.342s] Level 1:colcon.colcon_core.package_identification:_identify(STM32/main/X-CUBE-53L0A1/STM32CubeExpansion_VL53L0X_V1.2.0/Drivers/CMSIS/Device/ST/STM32L4xx/Source/Templates) by extension 'python_setup_py'
[0.343s] Level 1:colcon.colcon_core.package_identification:_identify(STM32/main/X-CUBE-53L0A1/STM32CubeExpansion_VL53L0X_V1.2.0/Drivers/CMSIS/Device/ST/STM32L4xx/Source/Templates/arm) by extensions ['ignore', 'ignore_ament_install']
[0.343s] Level 1:colcon.colcon_core.package_identification:_identify(STM32/main/X-CUBE-53L0A1/STM32CubeExpansion_VL53L0X_V1.2.0/Drivers/CMSIS/Device/ST/STM32L4xx/Source/Templates/arm) by extension 'ignore'
[0.343s] Level 1:colcon.colcon_core.package_identification:_identify(STM32/main/X-CUBE-53L0A1/STM32CubeExpansion_VL53L0X_V1.2.0/Drivers/CMSIS/Device/ST/STM32L4xx/Source/Templates/arm) by extension 'ignore_ament_install'
[0.343s] Level 1:colcon.colcon_core.package_identification:_identify(STM32/main/X-CUBE-53L0A1/STM32CubeExpansion_VL53L0X_V1.2.0/Drivers/CMSIS/Device/ST/STM32L4xx/Source/Templates/arm) by extensions ['colcon_pkg']
[0.343s] Level 1:colcon.colcon_core.package_identification:_identify(STM32/main/X-CUBE-53L0A1/STM32CubeExpansion_VL53L0X_V1.2.0/Drivers/CMSIS/Device/ST/STM32L4xx/Source/Templates/arm) by extension 'colcon_pkg'
[0.343s] Level 1:colcon.colcon_core.package_identification:_identify(STM32/main/X-CUBE-53L0A1/STM32CubeExpansion_VL53L0X_V1.2.0/Drivers/CMSIS/Device/ST/STM32L4xx/Source/Templates/arm) by extensions ['colcon_meta']
[0.343s] Level 1:colcon.colcon_core.package_identification:_identify(STM32/main/X-CUBE-53L0A1/STM32CubeExpansion_VL53L0X_V1.2.0/Drivers/CMSIS/Device/ST/STM32L4xx/Source/Templates/arm) by extension 'colcon_meta'
[0.343s] Level 1:colcon.colcon_core.package_identification:_identify(STM32/main/X-CUBE-53L0A1/STM32CubeExpansion_VL53L0X_V1.2.0/Drivers/CMSIS/Device/ST/STM32L4xx/Source/Templates/arm) by extensions ['ros']
[0.343s] Level 1:colcon.colcon_core.package_identification:_identify(STM32/main/X-CUBE-53L0A1/STM32CubeExpansion_VL53L0X_V1.2.0/Drivers/CMSIS/Device/ST/STM32L4xx/Source/Templates/arm) by extension 'ros'
[0.343s] Level 1:colcon.colcon_core.package_identification:_identify(STM32/main/X-CUBE-53L0A1/STM32CubeExpansion_VL53L0X_V1.2.0/Drivers/CMSIS/Device/ST/STM32L4xx/Source/Templates/arm) by extensions ['cmake', 'python']
[0.343s] Level 1:colcon.colcon_core.package_identification:_identify(STM32/main/X-CUBE-53L0A1/STM32CubeExpansion_VL53L0X_V1.2.0/Drivers/CMSIS/Device/ST/STM32L4xx/Source/Templates/arm) by extension 'cmake'
[0.343s] Level 1:colcon.colcon_core.package_identification:_identify(STM32/main/X-CUBE-53L0A1/STM32CubeExpansion_VL53L0X_V1.2.0/Drivers/CMSIS/Device/ST/STM32L4xx/Source/Templates/arm) by extension 'python'
[0.343s] Level 1:colcon.colcon_core.package_identification:_identify(STM32/main/X-CUBE-53L0A1/STM32CubeExpansion_VL53L0X_V1.2.0/Drivers/CMSIS/Device/ST/STM32L4xx/Source/Templates/arm) by extensions ['python_setup_py']
[0.343s] Level 1:colcon.colcon_core.package_identification:_identify(STM32/main/X-CUBE-53L0A1/STM32CubeExpansion_VL53L0X_V1.2.0/Drivers/CMSIS/Device/ST/STM32L4xx/Source/Templates/arm) by extension 'python_setup_py'
[0.343s] Level 1:colcon.colcon_core.package_identification:_identify(STM32/main/X-CUBE-53L0A1/STM32CubeExpansion_VL53L0X_V1.2.0/Drivers/CMSIS/Device/ST/STM32L4xx/Source/Templates/gcc) by extensions ['ignore', 'ignore_ament_install']
[0.344s] Level 1:colcon.colcon_core.package_identification:_identify(STM32/main/X-CUBE-53L0A1/STM32CubeExpansion_VL53L0X_V1.2.0/Drivers/CMSIS/Device/ST/STM32L4xx/Source/Templates/gcc) by extension 'ignore'
[0.344s] Level 1:colcon.colcon_core.package_identification:_identify(STM32/main/X-CUBE-53L0A1/STM32CubeExpansion_VL53L0X_V1.2.0/Drivers/CMSIS/Device/ST/STM32L4xx/Source/Templates/gcc) by extension 'ignore_ament_install'
[0.344s] Level 1:colcon.colcon_core.package_identification:_identify(STM32/main/X-CUBE-53L0A1/STM32CubeExpansion_VL53L0X_V1.2.0/Drivers/CMSIS/Device/ST/STM32L4xx/Source/Templates/gcc) by extensions ['colcon_pkg']
[0.344s] Level 1:colcon.colcon_core.package_identification:_identify(STM32/main/X-CUBE-53L0A1/STM32CubeExpansion_VL53L0X_V1.2.0/Drivers/CMSIS/Device/ST/STM32L4xx/Source/Templates/gcc) by extension 'colcon_pkg'
[0.344s] Level 1:colcon.colcon_core.package_identification:_identify(STM32/main/X-CUBE-53L0A1/STM32CubeExpansion_VL53L0X_V1.2.0/Drivers/CMSIS/Device/ST/STM32L4xx/Source/Templates/gcc) by extensions ['colcon_meta']
[0.344s] Level 1:colcon.colcon_core.package_identification:_identify(STM32/main/X-CUBE-53L0A1/STM32CubeExpansion_VL53L0X_V1.2.0/Drivers/CMSIS/Device/ST/STM32L4xx/Source/Templates/gcc) by extension 'colcon_meta'
[0.344s] Level 1:colcon.colcon_core.package_identification:_identify(STM32/main/X-CUBE-53L0A1/STM32CubeExpansion_VL53L0X_V1.2.0/Drivers/CMSIS/Device/ST/STM32L4xx/Source/Templates/gcc) by extensions ['ros']
[0.344s] Level 1:colcon.colcon_core.package_identification:_identify(STM32/main/X-CUBE-53L0A1/STM32CubeExpansion_VL53L0X_V1.2.0/Drivers/CMSIS/Device/ST/STM32L4xx/Source/Templates/gcc) by extension 'ros'
[0.344s] Level 1:colcon.colcon_core.package_identification:_identify(STM32/main/X-CUBE-53L0A1/STM32CubeExpansion_VL53L0X_V1.2.0/Drivers/CMSIS/Device/ST/STM32L4xx/Source/Templates/gcc) by extensions ['cmake', 'python']
[0.344s] Level 1:colcon.colcon_core.package_identification:_identify(STM32/main/X-CUBE-53L0A1/STM32CubeExpansion_VL53L0X_V1.2.0/Drivers/CMSIS/Device/ST/STM32L4xx/Source/Templates/gcc) by extension 'cmake'
[0.344s] Level 1:colcon.colcon_core.package_identification:_identify(STM32/main/X-CUBE-53L0A1/STM32CubeExpansion_VL53L0X_V1.2.0/Drivers/CMSIS/Device/ST/STM32L4xx/Source/Templates/gcc) by extension 'python'
[0.344s] Level 1:colcon.colcon_core.package_identification:_identify(STM32/main/X-CUBE-53L0A1/STM32CubeExpansion_VL53L0X_V1.2.0/Drivers/CMSIS/Device/ST/STM32L4xx/Source/Templates/gcc) by extensions ['python_setup_py']
[0.344s] Level 1:colcon.colcon_core.package_identification:_identify(STM32/main/X-CUBE-53L0A1/STM32CubeExpansion_VL53L0X_V1.2.0/Drivers/CMSIS/Device/ST/STM32L4xx/Source/Templates/gcc) by extension 'python_setup_py'
[0.344s] Level 1:colcon.colcon_core.package_identification:_identify(STM32/main/X-CUBE-53L0A1/STM32CubeExpansion_VL53L0X_V1.2.0/Drivers/CMSIS/Device/ST/STM32L4xx/Source/Templates/iar) by extensions ['ignore', 'ignore_ament_install']
[0.345s] Level 1:colcon.colcon_core.package_identification:_identify(STM32/main/X-CUBE-53L0A1/STM32CubeExpansion_VL53L0X_V1.2.0/Drivers/CMSIS/Device/ST/STM32L4xx/Source/Templates/iar) by extension 'ignore'
[0.345s] Level 1:colcon.colcon_core.package_identification:_identify(STM32/main/X-CUBE-53L0A1/STM32CubeExpansion_VL53L0X_V1.2.0/Drivers/CMSIS/Device/ST/STM32L4xx/Source/Templates/iar) by extension 'ignore_ament_install'
[0.345s] Level 1:colcon.colcon_core.package_identification:_identify(STM32/main/X-CUBE-53L0A1/STM32CubeExpansion_VL53L0X_V1.2.0/Drivers/CMSIS/Device/ST/STM32L4xx/Source/Templates/iar) by extensions ['colcon_pkg']
[0.345s] Level 1:colcon.colcon_core.package_identification:_identify(STM32/main/X-CUBE-53L0A1/STM32CubeExpansion_VL53L0X_V1.2.0/Drivers/CMSIS/Device/ST/STM32L4xx/Source/Templates/iar) by extension 'colcon_pkg'
[0.345s] Level 1:colcon.colcon_core.package_identification:_identify(STM32/main/X-CUBE-53L0A1/STM32CubeExpansion_VL53L0X_V1.2.0/Drivers/CMSIS/Device/ST/STM32L4xx/Source/Templates/iar) by extensions ['colcon_meta']
[0.345s] Level 1:colcon.colcon_core.package_identification:_identify(STM32/main/X-CUBE-53L0A1/STM32CubeExpansion_VL53L0X_V1.2.0/Drivers/CMSIS/Device/ST/STM32L4xx/Source/Templates/iar) by extension 'colcon_meta'
[0.345s] Level 1:colcon.colcon_core.package_identification:_identify(STM32/main/X-CUBE-53L0A1/STM32CubeExpansion_VL53L0X_V1.2.0/Drivers/CMSIS/Device/ST/STM32L4xx/Source/Templates/iar) by extensions ['ros']
[0.345s] Level 1:colcon.colcon_core.package_identification:_identify(STM32/main/X-CUBE-53L0A1/STM32CubeExpansion_VL53L0X_V1.2.0/Drivers/CMSIS/Device/ST/STM32L4xx/Source/Templates/iar) by extension 'ros'
[0.345s] Level 1:colcon.colcon_core.package_identification:_identify(STM32/main/X-CUBE-53L0A1/STM32CubeExpansion_VL53L0X_V1.2.0/Drivers/CMSIS/Device/ST/STM32L4xx/Source/Templates/iar) by extensions ['cmake', 'python']
[0.345s] Level 1:colcon.colcon_core.package_identification:_identify(STM32/main/X-CUBE-53L0A1/STM32CubeExpansion_VL53L0X_V1.2.0/Drivers/CMSIS/Device/ST/STM32L4xx/Source/Templates/iar) by extension 'cmake'
[0.345s] Level 1:colcon.colcon_core.package_identification:_identify(STM32/main/X-CUBE-53L0A1/STM32CubeExpansion_VL53L0X_V1.2.0/Drivers/CMSIS/Device/ST/STM32L4xx/Source/Templates/iar) by extension 'python'
[0.345s] Level 1:colcon.colcon_core.package_identification:_identify(STM32/main/X-CUBE-53L0A1/STM32CubeExpansion_VL53L0X_V1.2.0/Drivers/CMSIS/Device/ST/STM32L4xx/Source/Templates/iar) by extensions ['python_setup_py']
[0.345s] Level 1:colcon.colcon_core.package_identification:_identify(STM32/main/X-CUBE-53L0A1/STM32CubeExpansion_VL53L0X_V1.2.0/Drivers/CMSIS/Device/ST/STM32L4xx/Source/Templates/iar) by extension 'python_setup_py'
[0.345s] Level 1:colcon.colcon_core.package_identification:_identify(STM32/main/X-CUBE-53L0A1/STM32CubeExpansion_VL53L0X_V1.2.0/Drivers/CMSIS/Device/ST/STM32L4xx/Source/Templates/iar/linker) by extensions ['ignore', 'ignore_ament_install']
[0.346s] Level 1:colcon.colcon_core.package_identification:_identify(STM32/main/X-CUBE-53L0A1/STM32CubeExpansion_VL53L0X_V1.2.0/Drivers/CMSIS/Device/ST/STM32L4xx/Source/Templates/iar/linker) by extension 'ignore'
[0.346s] Level 1:colcon.colcon_core.package_identification:_identify(STM32/main/X-CUBE-53L0A1/STM32CubeExpansion_VL53L0X_V1.2.0/Drivers/CMSIS/Device/ST/STM32L4xx/Source/Templates/iar/linker) by extension 'ignore_ament_install'
[0.346s] Level 1:colcon.colcon_core.package_identification:_identify(STM32/main/X-CUBE-53L0A1/STM32CubeExpansion_VL53L0X_V1.2.0/Drivers/CMSIS/Device/ST/STM32L4xx/Source/Templates/iar/linker) by extensions ['colcon_pkg']
[0.346s] Level 1:colcon.colcon_core.package_identification:_identify(STM32/main/X-CUBE-53L0A1/STM32CubeExpansion_VL53L0X_V1.2.0/Drivers/CMSIS/Device/ST/STM32L4xx/Source/Templates/iar/linker) by extension 'colcon_pkg'
[0.346s] Level 1:colcon.colcon_core.package_identification:_identify(STM32/main/X-CUBE-53L0A1/STM32CubeExpansion_VL53L0X_V1.2.0/Drivers/CMSIS/Device/ST/STM32L4xx/Source/Templates/iar/linker) by extensions ['colcon_meta']
[0.346s] Level 1:colcon.colcon_core.package_identification:_identify(STM32/main/X-CUBE-53L0A1/STM32CubeExpansion_VL53L0X_V1.2.0/Drivers/CMSIS/Device/ST/STM32L4xx/Source/Templates/iar/linker) by extension 'colcon_meta'
[0.346s] Level 1:colcon.colcon_core.package_identification:_identify(STM32/main/X-CUBE-53L0A1/STM32CubeExpansion_VL53L0X_V1.2.0/Drivers/CMSIS/Device/ST/STM32L4xx/Source/Templates/iar/linker) by extensions ['ros']
[0.346s] Level 1:colcon.colcon_core.package_identification:_identify(STM32/main/X-CUBE-53L0A1/STM32CubeExpansion_VL53L0X_V1.2.0/Drivers/CMSIS/Device/ST/STM32L4xx/Source/Templates/iar/linker) by extension 'ros'
[0.346s] Level 1:colcon.colcon_core.package_identification:_identify(STM32/main/X-CUBE-53L0A1/STM32CubeExpansion_VL53L0X_V1.2.0/Drivers/CMSIS/Device/ST/STM32L4xx/Source/Templates/iar/linker) by extensions ['cmake', 'python']
[0.346s] Level 1:colcon.colcon_core.package_identification:_identify(STM32/main/X-CUBE-53L0A1/STM32CubeExpansion_VL53L0X_V1.2.0/Drivers/CMSIS/Device/ST/STM32L4xx/Source/Templates/iar/linker) by extension 'cmake'
[0.346s] Level 1:colcon.colcon_core.package_identification:_identify(STM32/main/X-CUBE-53L0A1/STM32CubeExpansion_VL53L0X_V1.2.0/Drivers/CMSIS/Device/ST/STM32L4xx/Source/Templates/iar/linker) by extension 'python'
[0.346s] Level 1:colcon.colcon_core.package_identification:_identify(STM32/main/X-CUBE-53L0A1/STM32CubeExpansion_VL53L0X_V1.2.0/Drivers/CMSIS/Device/ST/STM32L4xx/Source/Templates/iar/linker) by extensions ['python_setup_py']
[0.346s] Level 1:colcon.colcon_core.package_identification:_identify(STM32/main/X-CUBE-53L0A1/STM32CubeExpansion_VL53L0X_V1.2.0/Drivers/CMSIS/Device/ST/STM32L4xx/Source/Templates/iar/linker) by extension 'python_setup_py'
[0.346s] Level 1:colcon.colcon_core.package_identification:_identify(STM32/main/X-CUBE-53L0A1/STM32CubeExpansion_VL53L0X_V1.2.0/Drivers/CMSIS/Include) by extensions ['ignore', 'ignore_ament_install']
[0.347s] Level 1:colcon.colcon_core.package_identification:_identify(STM32/main/X-CUBE-53L0A1/STM32CubeExpansion_VL53L0X_V1.2.0/Drivers/CMSIS/Include) by extension 'ignore'
[0.347s] Level 1:colcon.colcon_core.package_identification:_identify(STM32/main/X-CUBE-53L0A1/STM32CubeExpansion_VL53L0X_V1.2.0/Drivers/CMSIS/Include) by extension 'ignore_ament_install'
[0.347s] Level 1:colcon.colcon_core.package_identification:_identify(STM32/main/X-CUBE-53L0A1/STM32CubeExpansion_VL53L0X_V1.2.0/Drivers/CMSIS/Include) by extensions ['colcon_pkg']
[0.347s] Level 1:colcon.colcon_core.package_identification:_identify(STM32/main/X-CUBE-53L0A1/STM32CubeExpansion_VL53L0X_V1.2.0/Drivers/CMSIS/Include) by extension 'colcon_pkg'
[0.347s] Level 1:colcon.colcon_core.package_identification:_identify(STM32/main/X-CUBE-53L0A1/STM32CubeExpansion_VL53L0X_V1.2.0/Drivers/CMSIS/Include) by extensions ['colcon_meta']
[0.347s] Level 1:colcon.colcon_core.package_identification:_identify(STM32/main/X-CUBE-53L0A1/STM32CubeExpansion_VL53L0X_V1.2.0/Drivers/CMSIS/Include) by extension 'colcon_meta'
[0.347s] Level 1:colcon.colcon_core.package_identification:_identify(STM32/main/X-CUBE-53L0A1/STM32CubeExpansion_VL53L0X_V1.2.0/Drivers/CMSIS/Include) by extensions ['ros']
[0.347s] Level 1:colcon.colcon_core.package_identification:_identify(STM32/main/X-CUBE-53L0A1/STM32CubeExpansion_VL53L0X_V1.2.0/Drivers/CMSIS/Include) by extension 'ros'
[0.347s] Level 1:colcon.colcon_core.package_identification:_identify(STM32/main/X-CUBE-53L0A1/STM32CubeExpansion_VL53L0X_V1.2.0/Drivers/CMSIS/Include) by extensions ['cmake', 'python']
[0.347s] Level 1:colcon.colcon_core.package_identification:_identify(STM32/main/X-CUBE-53L0A1/STM32CubeExpansion_VL53L0X_V1.2.0/Drivers/CMSIS/Include) by extension 'cmake'
[0.347s] Level 1:colcon.colcon_core.package_identification:_identify(STM32/main/X-CUBE-53L0A1/STM32CubeExpansion_VL53L0X_V1.2.0/Drivers/CMSIS/Include) by extension 'python'
[0.347s] Level 1:colcon.colcon_core.package_identification:_identify(STM32/main/X-CUBE-53L0A1/STM32CubeExpansion_VL53L0X_V1.2.0/Drivers/CMSIS/Include) by extensions ['python_setup_py']
[0.347s] Level 1:colcon.colcon_core.package_identification:_identify(STM32/main/X-CUBE-53L0A1/STM32CubeExpansion_VL53L0X_V1.2.0/Drivers/CMSIS/Include) by extension 'python_setup_py'
[0.347s] Level 1:colcon.colcon_core.package_identification:_identify(STM32/main/X-CUBE-53L0A1/STM32CubeExpansion_VL53L0X_V1.2.0/Drivers/STM32F4xx_HAL_Driver) by extensions ['ignore', 'ignore_ament_install']
[0.347s] Level 1:colcon.colcon_core.package_identification:_identify(STM32/main/X-CUBE-53L0A1/STM32CubeExpansion_VL53L0X_V1.2.0/Drivers/STM32F4xx_HAL_Driver) by extension 'ignore'
[0.348s] Level 1:colcon.colcon_core.package_identification:_identify(STM32/main/X-CUBE-53L0A1/STM32CubeExpansion_VL53L0X_V1.2.0/Drivers/STM32F4xx_HAL_Driver) by extension 'ignore_ament_install'
[0.348s] Level 1:colcon.colcon_core.package_identification:_identify(STM32/main/X-CUBE-53L0A1/STM32CubeExpansion_VL53L0X_V1.2.0/Drivers/STM32F4xx_HAL_Driver) by extensions ['colcon_pkg']
[0.348s] Level 1:colcon.colcon_core.package_identification:_identify(STM32/main/X-CUBE-53L0A1/STM32CubeExpansion_VL53L0X_V1.2.0/Drivers/STM32F4xx_HAL_Driver) by extension 'colcon_pkg'
[0.348s] Level 1:colcon.colcon_core.package_identification:_identify(STM32/main/X-CUBE-53L0A1/STM32CubeExpansion_VL53L0X_V1.2.0/Drivers/STM32F4xx_HAL_Driver) by extensions ['colcon_meta']
[0.348s] Level 1:colcon.colcon_core.package_identification:_identify(STM32/main/X-CUBE-53L0A1/STM32CubeExpansion_VL53L0X_V1.2.0/Drivers/STM32F4xx_HAL_Driver) by extension 'colcon_meta'
[0.348s] Level 1:colcon.colcon_core.package_identification:_identify(STM32/main/X-CUBE-53L0A1/STM32CubeExpansion_VL53L0X_V1.2.0/Drivers/STM32F4xx_HAL_Driver) by extensions ['ros']
[0.348s] Level 1:colcon.colcon_core.package_identification:_identify(STM32/main/X-CUBE-53L0A1/STM32CubeExpansion_VL53L0X_V1.2.0/Drivers/STM32F4xx_HAL_Driver) by extension 'ros'
[0.348s] Level 1:colcon.colcon_core.package_identification:_identify(STM32/main/X-CUBE-53L0A1/STM32CubeExpansion_VL53L0X_V1.2.0/Drivers/STM32F4xx_HAL_Driver) by extensions ['cmake', 'python']
[0.348s] Level 1:colcon.colcon_core.package_identification:_identify(STM32/main/X-CUBE-53L0A1/STM32CubeExpansion_VL53L0X_V1.2.0/Drivers/STM32F4xx_HAL_Driver) by extension 'cmake'
[0.348s] Level 1:colcon.colcon_core.package_identification:_identify(STM32/main/X-CUBE-53L0A1/STM32CubeExpansion_VL53L0X_V1.2.0/Drivers/STM32F4xx_HAL_Driver) by extension 'python'
[0.348s] Level 1:colcon.colcon_core.package_identification:_identify(STM32/main/X-CUBE-53L0A1/STM32CubeExpansion_VL53L0X_V1.2.0/Drivers/STM32F4xx_HAL_Driver) by extensions ['python_setup_py']
[0.348s] Level 1:colcon.colcon_core.package_identification:_identify(STM32/main/X-CUBE-53L0A1/STM32CubeExpansion_VL53L0X_V1.2.0/Drivers/STM32F4xx_HAL_Driver) by extension 'python_setup_py'
[0.348s] Level 1:colcon.colcon_core.package_identification:_identify(STM32/main/X-CUBE-53L0A1/STM32CubeExpansion_VL53L0X_V1.2.0/Drivers/STM32F4xx_HAL_Driver/Inc) by extensions ['ignore', 'ignore_ament_install']
[0.348s] Level 1:colcon.colcon_core.package_identification:_identify(STM32/main/X-CUBE-53L0A1/STM32CubeExpansion_VL53L0X_V1.2.0/Drivers/STM32F4xx_HAL_Driver/Inc) by extension 'ignore'
[0.348s] Level 1:colcon.colcon_core.package_identification:_identify(STM32/main/X-CUBE-53L0A1/STM32CubeExpansion_VL53L0X_V1.2.0/Drivers/STM32F4xx_HAL_Driver/Inc) by extension 'ignore_ament_install'
[0.349s] Level 1:colcon.colcon_core.package_identification:_identify(STM32/main/X-CUBE-53L0A1/STM32CubeExpansion_VL53L0X_V1.2.0/Drivers/STM32F4xx_HAL_Driver/Inc) by extensions ['colcon_pkg']
[0.349s] Level 1:colcon.colcon_core.package_identification:_identify(STM32/main/X-CUBE-53L0A1/STM32CubeExpansion_VL53L0X_V1.2.0/Drivers/STM32F4xx_HAL_Driver/Inc) by extension 'colcon_pkg'
[0.349s] Level 1:colcon.colcon_core.package_identification:_identify(STM32/main/X-CUBE-53L0A1/STM32CubeExpansion_VL53L0X_V1.2.0/Drivers/STM32F4xx_HAL_Driver/Inc) by extensions ['colcon_meta']
[0.349s] Level 1:colcon.colcon_core.package_identification:_identify(STM32/main/X-CUBE-53L0A1/STM32CubeExpansion_VL53L0X_V1.2.0/Drivers/STM32F4xx_HAL_Driver/Inc) by extension 'colcon_meta'
[0.349s] Level 1:colcon.colcon_core.package_identification:_identify(STM32/main/X-CUBE-53L0A1/STM32CubeExpansion_VL53L0X_V1.2.0/Drivers/STM32F4xx_HAL_Driver/Inc) by extensions ['ros']
[0.349s] Level 1:colcon.colcon_core.package_identification:_identify(STM32/main/X-CUBE-53L0A1/STM32CubeExpansion_VL53L0X_V1.2.0/Drivers/STM32F4xx_HAL_Driver/Inc) by extension 'ros'
[0.349s] Level 1:colcon.colcon_core.package_identification:_identify(STM32/main/X-CUBE-53L0A1/STM32CubeExpansion_VL53L0X_V1.2.0/Drivers/STM32F4xx_HAL_Driver/Inc) by extensions ['cmake', 'python']
[0.349s] Level 1:colcon.colcon_core.package_identification:_identify(STM32/main/X-CUBE-53L0A1/STM32CubeExpansion_VL53L0X_V1.2.0/Drivers/STM32F4xx_HAL_Driver/Inc) by extension 'cmake'
[0.349s] Level 1:colcon.colcon_core.package_identification:_identify(STM32/main/X-CUBE-53L0A1/STM32CubeExpansion_VL53L0X_V1.2.0/Drivers/STM32F4xx_HAL_Driver/Inc) by extension 'python'
[0.349s] Level 1:colcon.colcon_core.package_identification:_identify(STM32/main/X-CUBE-53L0A1/STM32CubeExpansion_VL53L0X_V1.2.0/Drivers/STM32F4xx_HAL_Driver/Inc) by extensions ['python_setup_py']
[0.349s] Level 1:colcon.colcon_core.package_identification:_identify(STM32/main/X-CUBE-53L0A1/STM32CubeExpansion_VL53L0X_V1.2.0/Drivers/STM32F4xx_HAL_Driver/Inc) by extension 'python_setup_py'
[0.349s] Level 1:colcon.colcon_core.package_identification:_identify(STM32/main/X-CUBE-53L0A1/STM32CubeExpansion_VL53L0X_V1.2.0/Drivers/STM32F4xx_HAL_Driver/Inc/Legacy) by extensions ['ignore', 'ignore_ament_install']
[0.349s] Level 1:colcon.colcon_core.package_identification:_identify(STM32/main/X-CUBE-53L0A1/STM32CubeExpansion_VL53L0X_V1.2.0/Drivers/STM32F4xx_HAL_Driver/Inc/Legacy) by extension 'ignore'
[0.349s] Level 1:colcon.colcon_core.package_identification:_identify(STM32/main/X-CUBE-53L0A1/STM32CubeExpansion_VL53L0X_V1.2.0/Drivers/STM32F4xx_HAL_Driver/Inc/Legacy) by extension 'ignore_ament_install'
[0.349s] Level 1:colcon.colcon_core.package_identification:_identify(STM32/main/X-CUBE-53L0A1/STM32CubeExpansion_VL53L0X_V1.2.0/Drivers/STM32F4xx_HAL_Driver/Inc/Legacy) by extensions ['colcon_pkg']
[0.349s] Level 1:colcon.colcon_core.package_identification:_identify(STM32/main/X-CUBE-53L0A1/STM32CubeExpansion_VL53L0X_V1.2.0/Drivers/STM32F4xx_HAL_Driver/Inc/Legacy) by extension 'colcon_pkg'
[0.350s] Level 1:colcon.colcon_core.package_identification:_identify(STM32/main/X-CUBE-53L0A1/STM32CubeExpansion_VL53L0X_V1.2.0/Drivers/STM32F4xx_HAL_Driver/Inc/Legacy) by extensions ['colcon_meta']
[0.350s] Level 1:colcon.colcon_core.package_identification:_identify(STM32/main/X-CUBE-53L0A1/STM32CubeExpansion_VL53L0X_V1.2.0/Drivers/STM32F4xx_HAL_Driver/Inc/Legacy) by extension 'colcon_meta'
[0.350s] Level 1:colcon.colcon_core.package_identification:_identify(STM32/main/X-CUBE-53L0A1/STM32CubeExpansion_VL53L0X_V1.2.0/Drivers/STM32F4xx_HAL_Driver/Inc/Legacy) by extensions ['ros']
[0.350s] Level 1:colcon.colcon_core.package_identification:_identify(STM32/main/X-CUBE-53L0A1/STM32CubeExpansion_VL53L0X_V1.2.0/Drivers/STM32F4xx_HAL_Driver/Inc/Legacy) by extension 'ros'
[0.350s] Level 1:colcon.colcon_core.package_identification:_identify(STM32/main/X-CUBE-53L0A1/STM32CubeExpansion_VL53L0X_V1.2.0/Drivers/STM32F4xx_HAL_Driver/Inc/Legacy) by extensions ['cmake', 'python']
[0.350s] Level 1:colcon.colcon_core.package_identification:_identify(STM32/main/X-CUBE-53L0A1/STM32CubeExpansion_VL53L0X_V1.2.0/Drivers/STM32F4xx_HAL_Driver/Inc/Legacy) by extension 'cmake'
[0.350s] Level 1:colcon.colcon_core.package_identification:_identify(STM32/main/X-CUBE-53L0A1/STM32CubeExpansion_VL53L0X_V1.2.0/Drivers/STM32F4xx_HAL_Driver/Inc/Legacy) by extension 'python'
[0.350s] Level 1:colcon.colcon_core.package_identification:_identify(STM32/main/X-CUBE-53L0A1/STM32CubeExpansion_VL53L0X_V1.2.0/Drivers/STM32F4xx_HAL_Driver/Inc/Legacy) by extensions ['python_setup_py']
[0.350s] Level 1:colcon.colcon_core.package_identification:_identify(STM32/main/X-CUBE-53L0A1/STM32CubeExpansion_VL53L0X_V1.2.0/Drivers/STM32F4xx_HAL_Driver/Inc/Legacy) by extension 'python_setup_py'
[0.350s] Level 1:colcon.colcon_core.package_identification:_identify(STM32/main/X-CUBE-53L0A1/STM32CubeExpansion_VL53L0X_V1.2.0/Drivers/STM32F4xx_HAL_Driver/Src) by extensions ['ignore', 'ignore_ament_install']
[0.350s] Level 1:colcon.colcon_core.package_identification:_identify(STM32/main/X-CUBE-53L0A1/STM32CubeExpansion_VL53L0X_V1.2.0/Drivers/STM32F4xx_HAL_Driver/Src) by extension 'ignore'
[0.350s] Level 1:colcon.colcon_core.package_identification:_identify(STM32/main/X-CUBE-53L0A1/STM32CubeExpansion_VL53L0X_V1.2.0/Drivers/STM32F4xx_HAL_Driver/Src) by extension 'ignore_ament_install'
[0.350s] Level 1:colcon.colcon_core.package_identification:_identify(STM32/main/X-CUBE-53L0A1/STM32CubeExpansion_VL53L0X_V1.2.0/Drivers/STM32F4xx_HAL_Driver/Src) by extensions ['colcon_pkg']
[0.350s] Level 1:colcon.colcon_core.package_identification:_identify(STM32/main/X-CUBE-53L0A1/STM32CubeExpansion_VL53L0X_V1.2.0/Drivers/STM32F4xx_HAL_Driver/Src) by extension 'colcon_pkg'
[0.351s] Level 1:colcon.colcon_core.package_identification:_identify(STM32/main/X-CUBE-53L0A1/STM32CubeExpansion_VL53L0X_V1.2.0/Drivers/STM32F4xx_HAL_Driver/Src) by extensions ['colcon_meta']
[0.351s] Level 1:colcon.colcon_core.package_identification:_identify(STM32/main/X-CUBE-53L0A1/STM32CubeExpansion_VL53L0X_V1.2.0/Drivers/STM32F4xx_HAL_Driver/Src) by extension 'colcon_meta'
[0.351s] Level 1:colcon.colcon_core.package_identification:_identify(STM32/main/X-CUBE-53L0A1/STM32CubeExpansion_VL53L0X_V1.2.0/Drivers/STM32F4xx_HAL_Driver/Src) by extensions ['ros']
[0.351s] Level 1:colcon.colcon_core.package_identification:_identify(STM32/main/X-CUBE-53L0A1/STM32CubeExpansion_VL53L0X_V1.2.0/Drivers/STM32F4xx_HAL_Driver/Src) by extension 'ros'
[0.351s] Level 1:colcon.colcon_core.package_identification:_identify(STM32/main/X-CUBE-53L0A1/STM32CubeExpansion_VL53L0X_V1.2.0/Drivers/STM32F4xx_HAL_Driver/Src) by extensions ['cmake', 'python']
[0.351s] Level 1:colcon.colcon_core.package_identification:_identify(STM32/main/X-CUBE-53L0A1/STM32CubeExpansion_VL53L0X_V1.2.0/Drivers/STM32F4xx_HAL_Driver/Src) by extension 'cmake'
[0.351s] Level 1:colcon.colcon_core.package_identification:_identify(STM32/main/X-CUBE-53L0A1/STM32CubeExpansion_VL53L0X_V1.2.0/Drivers/STM32F4xx_HAL_Driver/Src) by extension 'python'
[0.351s] Level 1:colcon.colcon_core.package_identification:_identify(STM32/main/X-CUBE-53L0A1/STM32CubeExpansion_VL53L0X_V1.2.0/Drivers/STM32F4xx_HAL_Driver/Src) by extensions ['python_setup_py']
[0.351s] Level 1:colcon.colcon_core.package_identification:_identify(STM32/main/X-CUBE-53L0A1/STM32CubeExpansion_VL53L0X_V1.2.0/Drivers/STM32F4xx_HAL_Driver/Src) by extension 'python_setup_py'
[0.351s] Level 1:colcon.colcon_core.package_identification:_identify(STM32/main/X-CUBE-53L0A1/STM32CubeExpansion_VL53L0X_V1.2.0/Drivers/STM32L4xx_HAL_Driver) by extensions ['ignore', 'ignore_ament_install']
[0.351s] Level 1:colcon.colcon_core.package_identification:_identify(STM32/main/X-CUBE-53L0A1/STM32CubeExpansion_VL53L0X_V1.2.0/Drivers/STM32L4xx_HAL_Driver) by extension 'ignore'
[0.351s] Level 1:colcon.colcon_core.package_identification:_identify(STM32/main/X-CUBE-53L0A1/STM32CubeExpansion_VL53L0X_V1.2.0/Drivers/STM32L4xx_HAL_Driver) by extension 'ignore_ament_install'
[0.351s] Level 1:colcon.colcon_core.package_identification:_identify(STM32/main/X-CUBE-53L0A1/STM32CubeExpansion_VL53L0X_V1.2.0/Drivers/STM32L4xx_HAL_Driver) by extensions ['colcon_pkg']
[0.351s] Level 1:colcon.colcon_core.package_identification:_identify(STM32/main/X-CUBE-53L0A1/STM32CubeExpansion_VL53L0X_V1.2.0/Drivers/STM32L4xx_HAL_Driver) by extension 'colcon_pkg'
[0.351s] Level 1:colcon.colcon_core.package_identification:_identify(STM32/main/X-CUBE-53L0A1/STM32CubeExpansion_VL53L0X_V1.2.0/Drivers/STM32L4xx_HAL_Driver) by extensions ['colcon_meta']
[0.351s] Level 1:colcon.colcon_core.package_identification:_identify(STM32/main/X-CUBE-53L0A1/STM32CubeExpansion_VL53L0X_V1.2.0/Drivers/STM32L4xx_HAL_Driver) by extension 'colcon_meta'
[0.351s] Level 1:colcon.colcon_core.package_identification:_identify(STM32/main/X-CUBE-53L0A1/STM32CubeExpansion_VL53L0X_V1.2.0/Drivers/STM32L4xx_HAL_Driver) by extensions ['ros']
[0.352s] Level 1:colcon.colcon_core.package_identification:_identify(STM32/main/X-CUBE-53L0A1/STM32CubeExpansion_VL53L0X_V1.2.0/Drivers/STM32L4xx_HAL_Driver) by extension 'ros'
[0.352s] Level 1:colcon.colcon_core.package_identification:_identify(STM32/main/X-CUBE-53L0A1/STM32CubeExpansion_VL53L0X_V1.2.0/Drivers/STM32L4xx_HAL_Driver) by extensions ['cmake', 'python']
[0.352s] Level 1:colcon.colcon_core.package_identification:_identify(STM32/main/X-CUBE-53L0A1/STM32CubeExpansion_VL53L0X_V1.2.0/Drivers/STM32L4xx_HAL_Driver) by extension 'cmake'
[0.352s] Level 1:colcon.colcon_core.package_identification:_identify(STM32/main/X-CUBE-53L0A1/STM32CubeExpansion_VL53L0X_V1.2.0/Drivers/STM32L4xx_HAL_Driver) by extension 'python'
[0.352s] Level 1:colcon.colcon_core.package_identification:_identify(STM32/main/X-CUBE-53L0A1/STM32CubeExpansion_VL53L0X_V1.2.0/Drivers/STM32L4xx_HAL_Driver) by extensions ['python_setup_py']
[0.352s] Level 1:colcon.colcon_core.package_identification:_identify(STM32/main/X-CUBE-53L0A1/STM32CubeExpansion_VL53L0X_V1.2.0/Drivers/STM32L4xx_HAL_Driver) by extension 'python_setup_py'
[0.352s] Level 1:colcon.colcon_core.package_identification:_identify(STM32/main/X-CUBE-53L0A1/STM32CubeExpansion_VL53L0X_V1.2.0/Drivers/STM32L4xx_HAL_Driver/Inc) by extensions ['ignore', 'ignore_ament_install']
[0.352s] Level 1:colcon.colcon_core.package_identification:_identify(STM32/main/X-CUBE-53L0A1/STM32CubeExpansion_VL53L0X_V1.2.0/Drivers/STM32L4xx_HAL_Driver/Inc) by extension 'ignore'
[0.352s] Level 1:colcon.colcon_core.package_identification:_identify(STM32/main/X-CUBE-53L0A1/STM32CubeExpansion_VL53L0X_V1.2.0/Drivers/STM32L4xx_HAL_Driver/Inc) by extension 'ignore_ament_install'
[0.352s] Level 1:colcon.colcon_core.package_identification:_identify(STM32/main/X-CUBE-53L0A1/STM32CubeExpansion_VL53L0X_V1.2.0/Drivers/STM32L4xx_HAL_Driver/Inc) by extensions ['colcon_pkg']
[0.352s] Level 1:colcon.colcon_core.package_identification:_identify(STM32/main/X-CUBE-53L0A1/STM32CubeExpansion_VL53L0X_V1.2.0/Drivers/STM32L4xx_HAL_Driver/Inc) by extension 'colcon_pkg'
[0.352s] Level 1:colcon.colcon_core.package_identification:_identify(STM32/main/X-CUBE-53L0A1/STM32CubeExpansion_VL53L0X_V1.2.0/Drivers/STM32L4xx_HAL_Driver/Inc) by extensions ['colcon_meta']
[0.352s] Level 1:colcon.colcon_core.package_identification:_identify(STM32/main/X-CUBE-53L0A1/STM32CubeExpansion_VL53L0X_V1.2.0/Drivers/STM32L4xx_HAL_Driver/Inc) by extension 'colcon_meta'
[0.352s] Level 1:colcon.colcon_core.package_identification:_identify(STM32/main/X-CUBE-53L0A1/STM32CubeExpansion_VL53L0X_V1.2.0/Drivers/STM32L4xx_HAL_Driver/Inc) by extensions ['ros']
[0.353s] Level 1:colcon.colcon_core.package_identification:_identify(STM32/main/X-CUBE-53L0A1/STM32CubeExpansion_VL53L0X_V1.2.0/Drivers/STM32L4xx_HAL_Driver/Inc) by extension 'ros'
[0.353s] Level 1:colcon.colcon_core.package_identification:_identify(STM32/main/X-CUBE-53L0A1/STM32CubeExpansion_VL53L0X_V1.2.0/Drivers/STM32L4xx_HAL_Driver/Inc) by extensions ['cmake', 'python']
[0.353s] Level 1:colcon.colcon_core.package_identification:_identify(STM32/main/X-CUBE-53L0A1/STM32CubeExpansion_VL53L0X_V1.2.0/Drivers/STM32L4xx_HAL_Driver/Inc) by extension 'cmake'
[0.353s] Level 1:colcon.colcon_core.package_identification:_identify(STM32/main/X-CUBE-53L0A1/STM32CubeExpansion_VL53L0X_V1.2.0/Drivers/STM32L4xx_HAL_Driver/Inc) by extension 'python'
[0.353s] Level 1:colcon.colcon_core.package_identification:_identify(STM32/main/X-CUBE-53L0A1/STM32CubeExpansion_VL53L0X_V1.2.0/Drivers/STM32L4xx_HAL_Driver/Inc) by extensions ['python_setup_py']
[0.353s] Level 1:colcon.colcon_core.package_identification:_identify(STM32/main/X-CUBE-53L0A1/STM32CubeExpansion_VL53L0X_V1.2.0/Drivers/STM32L4xx_HAL_Driver/Inc) by extension 'python_setup_py'
[0.353s] Level 1:colcon.colcon_core.package_identification:_identify(STM32/main/X-CUBE-53L0A1/STM32CubeExpansion_VL53L0X_V1.2.0/Drivers/STM32L4xx_HAL_Driver/Inc/Legacy) by extensions ['ignore', 'ignore_ament_install']
[0.353s] Level 1:colcon.colcon_core.package_identification:_identify(STM32/main/X-CUBE-53L0A1/STM32CubeExpansion_VL53L0X_V1.2.0/Drivers/STM32L4xx_HAL_Driver/Inc/Legacy) by extension 'ignore'
[0.353s] Level 1:colcon.colcon_core.package_identification:_identify(STM32/main/X-CUBE-53L0A1/STM32CubeExpansion_VL53L0X_V1.2.0/Drivers/STM32L4xx_HAL_Driver/Inc/Legacy) by extension 'ignore_ament_install'
[0.353s] Level 1:colcon.colcon_core.package_identification:_identify(STM32/main/X-CUBE-53L0A1/STM32CubeExpansion_VL53L0X_V1.2.0/Drivers/STM32L4xx_HAL_Driver/Inc/Legacy) by extensions ['colcon_pkg']
[0.353s] Level 1:colcon.colcon_core.package_identification:_identify(STM32/main/X-CUBE-53L0A1/STM32CubeExpansion_VL53L0X_V1.2.0/Drivers/STM32L4xx_HAL_Driver/Inc/Legacy) by extension 'colcon_pkg'
[0.353s] Level 1:colcon.colcon_core.package_identification:_identify(STM32/main/X-CUBE-53L0A1/STM32CubeExpansion_VL53L0X_V1.2.0/Drivers/STM32L4xx_HAL_Driver/Inc/Legacy) by extensions ['colcon_meta']
[0.353s] Level 1:colcon.colcon_core.package_identification:_identify(STM32/main/X-CUBE-53L0A1/STM32CubeExpansion_VL53L0X_V1.2.0/Drivers/STM32L4xx_HAL_Driver/Inc/Legacy) by extension 'colcon_meta'
[0.353s] Level 1:colcon.colcon_core.package_identification:_identify(STM32/main/X-CUBE-53L0A1/STM32CubeExpansion_VL53L0X_V1.2.0/Drivers/STM32L4xx_HAL_Driver/Inc/Legacy) by extensions ['ros']
[0.353s] Level 1:colcon.colcon_core.package_identification:_identify(STM32/main/X-CUBE-53L0A1/STM32CubeExpansion_VL53L0X_V1.2.0/Drivers/STM32L4xx_HAL_Driver/Inc/Legacy) by extension 'ros'
[0.354s] Level 1:colcon.colcon_core.package_identification:_identify(STM32/main/X-CUBE-53L0A1/STM32CubeExpansion_VL53L0X_V1.2.0/Drivers/STM32L4xx_HAL_Driver/Inc/Legacy) by extensions ['cmake', 'python']
[0.354s] Level 1:colcon.colcon_core.package_identification:_identify(STM32/main/X-CUBE-53L0A1/STM32CubeExpansion_VL53L0X_V1.2.0/Drivers/STM32L4xx_HAL_Driver/Inc/Legacy) by extension 'cmake'
[0.354s] Level 1:colcon.colcon_core.package_identification:_identify(STM32/main/X-CUBE-53L0A1/STM32CubeExpansion_VL53L0X_V1.2.0/Drivers/STM32L4xx_HAL_Driver/Inc/Legacy) by extension 'python'
[0.354s] Level 1:colcon.colcon_core.package_identification:_identify(STM32/main/X-CUBE-53L0A1/STM32CubeExpansion_VL53L0X_V1.2.0/Drivers/STM32L4xx_HAL_Driver/Inc/Legacy) by extensions ['python_setup_py']
[0.354s] Level 1:colcon.colcon_core.package_identification:_identify(STM32/main/X-CUBE-53L0A1/STM32CubeExpansion_VL53L0X_V1.2.0/Drivers/STM32L4xx_HAL_Driver/Inc/Legacy) by extension 'python_setup_py'
[0.354s] Level 1:colcon.colcon_core.package_identification:_identify(STM32/main/X-CUBE-53L0A1/STM32CubeExpansion_VL53L0X_V1.2.0/Drivers/STM32L4xx_HAL_Driver/Src) by extensions ['ignore', 'ignore_ament_install']
[0.354s] Level 1:colcon.colcon_core.package_identification:_identify(STM32/main/X-CUBE-53L0A1/STM32CubeExpansion_VL53L0X_V1.2.0/Drivers/STM32L4xx_HAL_Driver/Src) by extension 'ignore'
[0.354s] Level 1:colcon.colcon_core.package_identification:_identify(STM32/main/X-CUBE-53L0A1/STM32CubeExpansion_VL53L0X_V1.2.0/Drivers/STM32L4xx_HAL_Driver/Src) by extension 'ignore_ament_install'
[0.354s] Level 1:colcon.colcon_core.package_identification:_identify(STM32/main/X-CUBE-53L0A1/STM32CubeExpansion_VL53L0X_V1.2.0/Drivers/STM32L4xx_HAL_Driver/Src) by extensions ['colcon_pkg']
[0.354s] Level 1:colcon.colcon_core.package_identification:_identify(STM32/main/X-CUBE-53L0A1/STM32CubeExpansion_VL53L0X_V1.2.0/Drivers/STM32L4xx_HAL_Driver/Src) by extension 'colcon_pkg'
[0.354s] Level 1:colcon.colcon_core.package_identification:_identify(STM32/main/X-CUBE-53L0A1/STM32CubeExpansion_VL53L0X_V1.2.0/Drivers/STM32L4xx_HAL_Driver/Src) by extensions ['colcon_meta']
[0.354s] Level 1:colcon.colcon_core.package_identification:_identify(STM32/main/X-CUBE-53L0A1/STM32CubeExpansion_VL53L0X_V1.2.0/Drivers/STM32L4xx_HAL_Driver/Src) by extension 'colcon_meta'
[0.354s] Level 1:colcon.colcon_core.package_identification:_identify(STM32/main/X-CUBE-53L0A1/STM32CubeExpansion_VL53L0X_V1.2.0/Drivers/STM32L4xx_HAL_Driver/Src) by extensions ['ros']
[0.354s] Level 1:colcon.colcon_core.package_identification:_identify(STM32/main/X-CUBE-53L0A1/STM32CubeExpansion_VL53L0X_V1.2.0/Drivers/STM32L4xx_HAL_Driver/Src) by extension 'ros'
[0.355s] Level 1:colcon.colcon_core.package_identification:_identify(STM32/main/X-CUBE-53L0A1/STM32CubeExpansion_VL53L0X_V1.2.0/Drivers/STM32L4xx_HAL_Driver/Src) by extensions ['cmake', 'python']
[0.355s] Level 1:colcon.colcon_core.package_identification:_identify(STM32/main/X-CUBE-53L0A1/STM32CubeExpansion_VL53L0X_V1.2.0/Drivers/STM32L4xx_HAL_Driver/Src) by extension 'cmake'
[0.355s] Level 1:colcon.colcon_core.package_identification:_identify(STM32/main/X-CUBE-53L0A1/STM32CubeExpansion_VL53L0X_V1.2.0/Drivers/STM32L4xx_HAL_Driver/Src) by extension 'python'
[0.355s] Level 1:colcon.colcon_core.package_identification:_identify(STM32/main/X-CUBE-53L0A1/STM32CubeExpansion_VL53L0X_V1.2.0/Drivers/STM32L4xx_HAL_Driver/Src) by extensions ['python_setup_py']
[0.355s] Level 1:colcon.colcon_core.package_identification:_identify(STM32/main/X-CUBE-53L0A1/STM32CubeExpansion_VL53L0X_V1.2.0/Drivers/STM32L4xx_HAL_Driver/Src) by extension 'python_setup_py'
[0.355s] Level 1:colcon.colcon_core.package_identification:_identify(STM32/main/X-CUBE-53L0A1/STM32CubeExpansion_VL53L0X_V1.2.0/Middlewares) by extensions ['ignore', 'ignore_ament_install']
[0.355s] Level 1:colcon.colcon_core.package_identification:_identify(STM32/main/X-CUBE-53L0A1/STM32CubeExpansion_VL53L0X_V1.2.0/Middlewares) by extension 'ignore'
[0.355s] Level 1:colcon.colcon_core.package_identification:_identify(STM32/main/X-CUBE-53L0A1/STM32CubeExpansion_VL53L0X_V1.2.0/Middlewares) by extension 'ignore_ament_install'
[0.355s] Level 1:colcon.colcon_core.package_identification:_identify(STM32/main/X-CUBE-53L0A1/STM32CubeExpansion_VL53L0X_V1.2.0/Middlewares) by extensions ['colcon_pkg']
[0.355s] Level 1:colcon.colcon_core.package_identification:_identify(STM32/main/X-CUBE-53L0A1/STM32CubeExpansion_VL53L0X_V1.2.0/Middlewares) by extension 'colcon_pkg'
[0.355s] Level 1:colcon.colcon_core.package_identification:_identify(STM32/main/X-CUBE-53L0A1/STM32CubeExpansion_VL53L0X_V1.2.0/Middlewares) by extensions ['colcon_meta']
[0.355s] Level 1:colcon.colcon_core.package_identification:_identify(STM32/main/X-CUBE-53L0A1/STM32CubeExpansion_VL53L0X_V1.2.0/Middlewares) by extension 'colcon_meta'
[0.355s] Level 1:colcon.colcon_core.package_identification:_identify(STM32/main/X-CUBE-53L0A1/STM32CubeExpansion_VL53L0X_V1.2.0/Middlewares) by extensions ['ros']
[0.355s] Level 1:colcon.colcon_core.package_identification:_identify(STM32/main/X-CUBE-53L0A1/STM32CubeExpansion_VL53L0X_V1.2.0/Middlewares) by extension 'ros'
[0.355s] Level 1:colcon.colcon_core.package_identification:_identify(STM32/main/X-CUBE-53L0A1/STM32CubeExpansion_VL53L0X_V1.2.0/Middlewares) by extensions ['cmake', 'python']
[0.355s] Level 1:colcon.colcon_core.package_identification:_identify(STM32/main/X-CUBE-53L0A1/STM32CubeExpansion_VL53L0X_V1.2.0/Middlewares) by extension 'cmake'
[0.355s] Level 1:colcon.colcon_core.package_identification:_identify(STM32/main/X-CUBE-53L0A1/STM32CubeExpansion_VL53L0X_V1.2.0/Middlewares) by extension 'python'
[0.356s] Level 1:colcon.colcon_core.package_identification:_identify(STM32/main/X-CUBE-53L0A1/STM32CubeExpansion_VL53L0X_V1.2.0/Middlewares) by extensions ['python_setup_py']
[0.356s] Level 1:colcon.colcon_core.package_identification:_identify(STM32/main/X-CUBE-53L0A1/STM32CubeExpansion_VL53L0X_V1.2.0/Middlewares) by extension 'python_setup_py'
[0.356s] Level 1:colcon.colcon_core.package_identification:_identify(STM32/main/X-CUBE-53L0A1/STM32CubeExpansion_VL53L0X_V1.2.0/Middlewares/ST) by extensions ['ignore', 'ignore_ament_install']
[0.356s] Level 1:colcon.colcon_core.package_identification:_identify(STM32/main/X-CUBE-53L0A1/STM32CubeExpansion_VL53L0X_V1.2.0/Middlewares/ST) by extension 'ignore'
[0.356s] Level 1:colcon.colcon_core.package_identification:_identify(STM32/main/X-CUBE-53L0A1/STM32CubeExpansion_VL53L0X_V1.2.0/Middlewares/ST) by extension 'ignore_ament_install'
[0.356s] Level 1:colcon.colcon_core.package_identification:_identify(STM32/main/X-CUBE-53L0A1/STM32CubeExpansion_VL53L0X_V1.2.0/Middlewares/ST) by extensions ['colcon_pkg']
[0.356s] Level 1:colcon.colcon_core.package_identification:_identify(STM32/main/X-CUBE-53L0A1/STM32CubeExpansion_VL53L0X_V1.2.0/Middlewares/ST) by extension 'colcon_pkg'
[0.356s] Level 1:colcon.colcon_core.package_identification:_identify(STM32/main/X-CUBE-53L0A1/STM32CubeExpansion_VL53L0X_V1.2.0/Middlewares/ST) by extensions ['colcon_meta']
[0.356s] Level 1:colcon.colcon_core.package_identification:_identify(STM32/main/X-CUBE-53L0A1/STM32CubeExpansion_VL53L0X_V1.2.0/Middlewares/ST) by extension 'colcon_meta'
[0.356s] Level 1:colcon.colcon_core.package_identification:_identify(STM32/main/X-CUBE-53L0A1/STM32CubeExpansion_VL53L0X_V1.2.0/Middlewares/ST) by extensions ['ros']
[0.356s] Level 1:colcon.colcon_core.package_identification:_identify(STM32/main/X-CUBE-53L0A1/STM32CubeExpansion_VL53L0X_V1.2.0/Middlewares/ST) by extension 'ros'
[0.356s] Level 1:colcon.colcon_core.package_identification:_identify(STM32/main/X-CUBE-53L0A1/STM32CubeExpansion_VL53L0X_V1.2.0/Middlewares/ST) by extensions ['cmake', 'python']
[0.356s] Level 1:colcon.colcon_core.package_identification:_identify(STM32/main/X-CUBE-53L0A1/STM32CubeExpansion_VL53L0X_V1.2.0/Middlewares/ST) by extension 'cmake'
[0.356s] Level 1:colcon.colcon_core.package_identification:_identify(STM32/main/X-CUBE-53L0A1/STM32CubeExpansion_VL53L0X_V1.2.0/Middlewares/ST) by extension 'python'
[0.356s] Level 1:colcon.colcon_core.package_identification:_identify(STM32/main/X-CUBE-53L0A1/STM32CubeExpansion_VL53L0X_V1.2.0/Middlewares/ST) by extensions ['python_setup_py']
[0.356s] Level 1:colcon.colcon_core.package_identification:_identify(STM32/main/X-CUBE-53L0A1/STM32CubeExpansion_VL53L0X_V1.2.0/Middlewares/ST) by extension 'python_setup_py'
[0.357s] Level 1:colcon.colcon_core.package_identification:_identify(STM32/main/X-CUBE-53L0A1/STM32CubeExpansion_VL53L0X_V1.2.0/Middlewares/ST/Gestures) by extensions ['ignore', 'ignore_ament_install']
[0.357s] Level 1:colcon.colcon_core.package_identification:_identify(STM32/main/X-CUBE-53L0A1/STM32CubeExpansion_VL53L0X_V1.2.0/Middlewares/ST/Gestures) by extension 'ignore'
[0.357s] Level 1:colcon.colcon_core.package_identification:_identify(STM32/main/X-CUBE-53L0A1/STM32CubeExpansion_VL53L0X_V1.2.0/Middlewares/ST/Gestures) by extension 'ignore_ament_install'
[0.357s] Level 1:colcon.colcon_core.package_identification:_identify(STM32/main/X-CUBE-53L0A1/STM32CubeExpansion_VL53L0X_V1.2.0/Middlewares/ST/Gestures) by extensions ['colcon_pkg']
[0.357s] Level 1:colcon.colcon_core.package_identification:_identify(STM32/main/X-CUBE-53L0A1/STM32CubeExpansion_VL53L0X_V1.2.0/Middlewares/ST/Gestures) by extension 'colcon_pkg'
[0.357s] Level 1:colcon.colcon_core.package_identification:_identify(STM32/main/X-CUBE-53L0A1/STM32CubeExpansion_VL53L0X_V1.2.0/Middlewares/ST/Gestures) by extensions ['colcon_meta']
[0.357s] Level 1:colcon.colcon_core.package_identification:_identify(STM32/main/X-CUBE-53L0A1/STM32CubeExpansion_VL53L0X_V1.2.0/Middlewares/ST/Gestures) by extension 'colcon_meta'
[0.357s] Level 1:colcon.colcon_core.package_identification:_identify(STM32/main/X-CUBE-53L0A1/STM32CubeExpansion_VL53L0X_V1.2.0/Middlewares/ST/Gestures) by extensions ['ros']
[0.357s] Level 1:colcon.colcon_core.package_identification:_identify(STM32/main/X-CUBE-53L0A1/STM32CubeExpansion_VL53L0X_V1.2.0/Middlewares/ST/Gestures) by extension 'ros'
[0.357s] Level 1:colcon.colcon_core.package_identification:_identify(STM32/main/X-CUBE-53L0A1/STM32CubeExpansion_VL53L0X_V1.2.0/Middlewares/ST/Gestures) by extensions ['cmake', 'python']
[0.357s] Level 1:colcon.colcon_core.package_identification:_identify(STM32/main/X-CUBE-53L0A1/STM32CubeExpansion_VL53L0X_V1.2.0/Middlewares/ST/Gestures) by extension 'cmake'
[0.357s] Level 1:colcon.colcon_core.package_identification:_identify(STM32/main/X-CUBE-53L0A1/STM32CubeExpansion_VL53L0X_V1.2.0/Middlewares/ST/Gestures) by extension 'python'
[0.357s] Level 1:colcon.colcon_core.package_identification:_identify(STM32/main/X-CUBE-53L0A1/STM32CubeExpansion_VL53L0X_V1.2.0/Middlewares/ST/Gestures) by extensions ['python_setup_py']
[0.357s] Level 1:colcon.colcon_core.package_identification:_identify(STM32/main/X-CUBE-53L0A1/STM32CubeExpansion_VL53L0X_V1.2.0/Middlewares/ST/Gestures) by extension 'python_setup_py'
[0.357s] Level 1:colcon.colcon_core.package_identification:_identify(STM32/main/X-CUBE-53L0A1/STM32CubeExpansion_VL53L0X_V1.2.0/Middlewares/ST/Gestures/GesturesDetect) by extensions ['ignore', 'ignore_ament_install']
[0.358s] Level 1:colcon.colcon_core.package_identification:_identify(STM32/main/X-CUBE-53L0A1/STM32CubeExpansion_VL53L0X_V1.2.0/Middlewares/ST/Gestures/GesturesDetect) by extension 'ignore'
[0.358s] Level 1:colcon.colcon_core.package_identification:_identify(STM32/main/X-CUBE-53L0A1/STM32CubeExpansion_VL53L0X_V1.2.0/Middlewares/ST/Gestures/GesturesDetect) by extension 'ignore_ament_install'
[0.358s] Level 1:colcon.colcon_core.package_identification:_identify(STM32/main/X-CUBE-53L0A1/STM32CubeExpansion_VL53L0X_V1.2.0/Middlewares/ST/Gestures/GesturesDetect) by extensions ['colcon_pkg']
[0.358s] Level 1:colcon.colcon_core.package_identification:_identify(STM32/main/X-CUBE-53L0A1/STM32CubeExpansion_VL53L0X_V1.2.0/Middlewares/ST/Gestures/GesturesDetect) by extension 'colcon_pkg'
[0.358s] Level 1:colcon.colcon_core.package_identification:_identify(STM32/main/X-CUBE-53L0A1/STM32CubeExpansion_VL53L0X_V1.2.0/Middlewares/ST/Gestures/GesturesDetect) by extensions ['colcon_meta']
[0.358s] Level 1:colcon.colcon_core.package_identification:_identify(STM32/main/X-CUBE-53L0A1/STM32CubeExpansion_VL53L0X_V1.2.0/Middlewares/ST/Gestures/GesturesDetect) by extension 'colcon_meta'
[0.358s] Level 1:colcon.colcon_core.package_identification:_identify(STM32/main/X-CUBE-53L0A1/STM32CubeExpansion_VL53L0X_V1.2.0/Middlewares/ST/Gestures/GesturesDetect) by extensions ['ros']
[0.358s] Level 1:colcon.colcon_core.package_identification:_identify(STM32/main/X-CUBE-53L0A1/STM32CubeExpansion_VL53L0X_V1.2.0/Middlewares/ST/Gestures/GesturesDetect) by extension 'ros'
[0.358s] Level 1:colcon.colcon_core.package_identification:_identify(STM32/main/X-CUBE-53L0A1/STM32CubeExpansion_VL53L0X_V1.2.0/Middlewares/ST/Gestures/GesturesDetect) by extensions ['cmake', 'python']
[0.358s] Level 1:colcon.colcon_core.package_identification:_identify(STM32/main/X-CUBE-53L0A1/STM32CubeExpansion_VL53L0X_V1.2.0/Middlewares/ST/Gestures/GesturesDetect) by extension 'cmake'
[0.358s] Level 1:colcon.colcon_core.package_identification:_identify(STM32/main/X-CUBE-53L0A1/STM32CubeExpansion_VL53L0X_V1.2.0/Middlewares/ST/Gestures/GesturesDetect) by extension 'python'
[0.358s] Level 1:colcon.colcon_core.package_identification:_identify(STM32/main/X-CUBE-53L0A1/STM32CubeExpansion_VL53L0X_V1.2.0/Middlewares/ST/Gestures/GesturesDetect) by extensions ['python_setup_py']
[0.358s] Level 1:colcon.colcon_core.package_identification:_identify(STM32/main/X-CUBE-53L0A1/STM32CubeExpansion_VL53L0X_V1.2.0/Middlewares/ST/Gestures/GesturesDetect) by extension 'python_setup_py'
[0.358s] Level 1:colcon.colcon_core.package_identification:_identify(STM32/main/X-CUBE-53L0A1/STM32CubeExpansion_VL53L0X_V1.2.0/Middlewares/ST/Gestures/GesturesDetect/Inc) by extensions ['ignore', 'ignore_ament_install']
[0.358s] Level 1:colcon.colcon_core.package_identification:_identify(STM32/main/X-CUBE-53L0A1/STM32CubeExpansion_VL53L0X_V1.2.0/Middlewares/ST/Gestures/GesturesDetect/Inc) by extension 'ignore'
[0.359s] Level 1:colcon.colcon_core.package_identification:_identify(STM32/main/X-CUBE-53L0A1/STM32CubeExpansion_VL53L0X_V1.2.0/Middlewares/ST/Gestures/GesturesDetect/Inc) by extension 'ignore_ament_install'
[0.359s] Level 1:colcon.colcon_core.package_identification:_identify(STM32/main/X-CUBE-53L0A1/STM32CubeExpansion_VL53L0X_V1.2.0/Middlewares/ST/Gestures/GesturesDetect/Inc) by extensions ['colcon_pkg']
[0.359s] Level 1:colcon.colcon_core.package_identification:_identify(STM32/main/X-CUBE-53L0A1/STM32CubeExpansion_VL53L0X_V1.2.0/Middlewares/ST/Gestures/GesturesDetect/Inc) by extension 'colcon_pkg'
[0.359s] Level 1:colcon.colcon_core.package_identification:_identify(STM32/main/X-CUBE-53L0A1/STM32CubeExpansion_VL53L0X_V1.2.0/Middlewares/ST/Gestures/GesturesDetect/Inc) by extensions ['colcon_meta']
[0.359s] Level 1:colcon.colcon_core.package_identification:_identify(STM32/main/X-CUBE-53L0A1/STM32CubeExpansion_VL53L0X_V1.2.0/Middlewares/ST/Gestures/GesturesDetect/Inc) by extension 'colcon_meta'
[0.359s] Level 1:colcon.colcon_core.package_identification:_identify(STM32/main/X-CUBE-53L0A1/STM32CubeExpansion_VL53L0X_V1.2.0/Middlewares/ST/Gestures/GesturesDetect/Inc) by extensions ['ros']
[0.359s] Level 1:colcon.colcon_core.package_identification:_identify(STM32/main/X-CUBE-53L0A1/STM32CubeExpansion_VL53L0X_V1.2.0/Middlewares/ST/Gestures/GesturesDetect/Inc) by extension 'ros'
[0.359s] Level 1:colcon.colcon_core.package_identification:_identify(STM32/main/X-CUBE-53L0A1/STM32CubeExpansion_VL53L0X_V1.2.0/Middlewares/ST/Gestures/GesturesDetect/Inc) by extensions ['cmake', 'python']
[0.359s] Level 1:colcon.colcon_core.package_identification:_identify(STM32/main/X-CUBE-53L0A1/STM32CubeExpansion_VL53L0X_V1.2.0/Middlewares/ST/Gestures/GesturesDetect/Inc) by extension 'cmake'
[0.359s] Level 1:colcon.colcon_core.package_identification:_identify(STM32/main/X-CUBE-53L0A1/STM32CubeExpansion_VL53L0X_V1.2.0/Middlewares/ST/Gestures/GesturesDetect/Inc) by extension 'python'
[0.359s] Level 1:colcon.colcon_core.package_identification:_identify(STM32/main/X-CUBE-53L0A1/STM32CubeExpansion_VL53L0X_V1.2.0/Middlewares/ST/Gestures/GesturesDetect/Inc) by extensions ['python_setup_py']
[0.359s] Level 1:colcon.colcon_core.package_identification:_identify(STM32/main/X-CUBE-53L0A1/STM32CubeExpansion_VL53L0X_V1.2.0/Middlewares/ST/Gestures/GesturesDetect/Inc) by extension 'python_setup_py'
[0.359s] Level 1:colcon.colcon_core.package_identification:_identify(STM32/main/X-CUBE-53L0A1/STM32CubeExpansion_VL53L0X_V1.2.0/Middlewares/ST/Gestures/GesturesDetect/Inc/diag) by extensions ['ignore', 'ignore_ament_install']
[0.359s] Level 1:colcon.colcon_core.package_identification:_identify(STM32/main/X-CUBE-53L0A1/STM32CubeExpansion_VL53L0X_V1.2.0/Middlewares/ST/Gestures/GesturesDetect/Inc/diag) by extension 'ignore'
[0.359s] Level 1:colcon.colcon_core.package_identification:_identify(STM32/main/X-CUBE-53L0A1/STM32CubeExpansion_VL53L0X_V1.2.0/Middlewares/ST/Gestures/GesturesDetect/Inc/diag) by extension 'ignore_ament_install'
[0.360s] Level 1:colcon.colcon_core.package_identification:_identify(STM32/main/X-CUBE-53L0A1/STM32CubeExpansion_VL53L0X_V1.2.0/Middlewares/ST/Gestures/GesturesDetect/Inc/diag) by extensions ['colcon_pkg']
[0.360s] Level 1:colcon.colcon_core.package_identification:_identify(STM32/main/X-CUBE-53L0A1/STM32CubeExpansion_VL53L0X_V1.2.0/Middlewares/ST/Gestures/GesturesDetect/Inc/diag) by extension 'colcon_pkg'
[0.360s] Level 1:colcon.colcon_core.package_identification:_identify(STM32/main/X-CUBE-53L0A1/STM32CubeExpansion_VL53L0X_V1.2.0/Middlewares/ST/Gestures/GesturesDetect/Inc/diag) by extensions ['colcon_meta']
[0.360s] Level 1:colcon.colcon_core.package_identification:_identify(STM32/main/X-CUBE-53L0A1/STM32CubeExpansion_VL53L0X_V1.2.0/Middlewares/ST/Gestures/GesturesDetect/Inc/diag) by extension 'colcon_meta'
[0.360s] Level 1:colcon.colcon_core.package_identification:_identify(STM32/main/X-CUBE-53L0A1/STM32CubeExpansion_VL53L0X_V1.2.0/Middlewares/ST/Gestures/GesturesDetect/Inc/diag) by extensions ['ros']
[0.360s] Level 1:colcon.colcon_core.package_identification:_identify(STM32/main/X-CUBE-53L0A1/STM32CubeExpansion_VL53L0X_V1.2.0/Middlewares/ST/Gestures/GesturesDetect/Inc/diag) by extension 'ros'
[0.360s] Level 1:colcon.colcon_core.package_identification:_identify(STM32/main/X-CUBE-53L0A1/STM32CubeExpansion_VL53L0X_V1.2.0/Middlewares/ST/Gestures/GesturesDetect/Inc/diag) by extensions ['cmake', 'python']
[0.360s] Level 1:colcon.colcon_core.package_identification:_identify(STM32/main/X-CUBE-53L0A1/STM32CubeExpansion_VL53L0X_V1.2.0/Middlewares/ST/Gestures/GesturesDetect/Inc/diag) by extension 'cmake'
[0.360s] Level 1:colcon.colcon_core.package_identification:_identify(STM32/main/X-CUBE-53L0A1/STM32CubeExpansion_VL53L0X_V1.2.0/Middlewares/ST/Gestures/GesturesDetect/Inc/diag) by extension 'python'
[0.360s] Level 1:colcon.colcon_core.package_identification:_identify(STM32/main/X-CUBE-53L0A1/STM32CubeExpansion_VL53L0X_V1.2.0/Middlewares/ST/Gestures/GesturesDetect/Inc/diag) by extensions ['python_setup_py']
[0.360s] Level 1:colcon.colcon_core.package_identification:_identify(STM32/main/X-CUBE-53L0A1/STM32CubeExpansion_VL53L0X_V1.2.0/Middlewares/ST/Gestures/GesturesDetect/Inc/diag) by extension 'python_setup_py'
[0.360s] Level 1:colcon.colcon_core.package_identification:_identify(STM32/main/X-CUBE-53L0A1/STM32CubeExpansion_VL53L0X_V1.2.0/Middlewares/ST/Gestures/GesturesDetect/Src) by extensions ['ignore', 'ignore_ament_install']
[0.360s] Level 1:colcon.colcon_core.package_identification:_identify(STM32/main/X-CUBE-53L0A1/STM32CubeExpansion_VL53L0X_V1.2.0/Middlewares/ST/Gestures/GesturesDetect/Src) by extension 'ignore'
[0.360s] Level 1:colcon.colcon_core.package_identification:_identify(STM32/main/X-CUBE-53L0A1/STM32CubeExpansion_VL53L0X_V1.2.0/Middlewares/ST/Gestures/GesturesDetect/Src) by extension 'ignore_ament_install'
[0.361s] Level 1:colcon.colcon_core.package_identification:_identify(STM32/main/X-CUBE-53L0A1/STM32CubeExpansion_VL53L0X_V1.2.0/Middlewares/ST/Gestures/GesturesDetect/Src) by extensions ['colcon_pkg']
[0.361s] Level 1:colcon.colcon_core.package_identification:_identify(STM32/main/X-CUBE-53L0A1/STM32CubeExpansion_VL53L0X_V1.2.0/Middlewares/ST/Gestures/GesturesDetect/Src) by extension 'colcon_pkg'
[0.361s] Level 1:colcon.colcon_core.package_identification:_identify(STM32/main/X-CUBE-53L0A1/STM32CubeExpansion_VL53L0X_V1.2.0/Middlewares/ST/Gestures/GesturesDetect/Src) by extensions ['colcon_meta']
[0.361s] Level 1:colcon.colcon_core.package_identification:_identify(STM32/main/X-CUBE-53L0A1/STM32CubeExpansion_VL53L0X_V1.2.0/Middlewares/ST/Gestures/GesturesDetect/Src) by extension 'colcon_meta'
[0.361s] Level 1:colcon.colcon_core.package_identification:_identify(STM32/main/X-CUBE-53L0A1/STM32CubeExpansion_VL53L0X_V1.2.0/Middlewares/ST/Gestures/GesturesDetect/Src) by extensions ['ros']
[0.361s] Level 1:colcon.colcon_core.package_identification:_identify(STM32/main/X-CUBE-53L0A1/STM32CubeExpansion_VL53L0X_V1.2.0/Middlewares/ST/Gestures/GesturesDetect/Src) by extension 'ros'
[0.361s] Level 1:colcon.colcon_core.package_identification:_identify(STM32/main/X-CUBE-53L0A1/STM32CubeExpansion_VL53L0X_V1.2.0/Middlewares/ST/Gestures/GesturesDetect/Src) by extensions ['cmake', 'python']
[0.361s] Level 1:colcon.colcon_core.package_identification:_identify(STM32/main/X-CUBE-53L0A1/STM32CubeExpansion_VL53L0X_V1.2.0/Middlewares/ST/Gestures/GesturesDetect/Src) by extension 'cmake'
[0.361s] Level 1:colcon.colcon_core.package_identification:_identify(STM32/main/X-CUBE-53L0A1/STM32CubeExpansion_VL53L0X_V1.2.0/Middlewares/ST/Gestures/GesturesDetect/Src) by extension 'python'
[0.361s] Level 1:colcon.colcon_core.package_identification:_identify(STM32/main/X-CUBE-53L0A1/STM32CubeExpansion_VL53L0X_V1.2.0/Middlewares/ST/Gestures/GesturesDetect/Src) by extensions ['python_setup_py']
[0.361s] Level 1:colcon.colcon_core.package_identification:_identify(STM32/main/X-CUBE-53L0A1/STM32CubeExpansion_VL53L0X_V1.2.0/Middlewares/ST/Gestures/GesturesDetect/Src) by extension 'python_setup_py'
[0.361s] Level 1:colcon.colcon_core.package_identification:_identify(STM32/main/X-CUBE-53L0A1/STM32CubeExpansion_VL53L0X_V1.2.0/Middlewares/ST/Gestures/GesturesDetect/Src/diag) by extensions ['ignore', 'ignore_ament_install']
[0.361s] Level 1:colcon.colcon_core.package_identification:_identify(STM32/main/X-CUBE-53L0A1/STM32CubeExpansion_VL53L0X_V1.2.0/Middlewares/ST/Gestures/GesturesDetect/Src/diag) by extension 'ignore'
[0.361s] Level 1:colcon.colcon_core.package_identification:_identify(STM32/main/X-CUBE-53L0A1/STM32CubeExpansion_VL53L0X_V1.2.0/Middlewares/ST/Gestures/GesturesDetect/Src/diag) by extension 'ignore_ament_install'
[0.361s] Level 1:colcon.colcon_core.package_identification:_identify(STM32/main/X-CUBE-53L0A1/STM32CubeExpansion_VL53L0X_V1.2.0/Middlewares/ST/Gestures/GesturesDetect/Src/diag) by extensions ['colcon_pkg']
[0.361s] Level 1:colcon.colcon_core.package_identification:_identify(STM32/main/X-CUBE-53L0A1/STM32CubeExpansion_VL53L0X_V1.2.0/Middlewares/ST/Gestures/GesturesDetect/Src/diag) by extension 'colcon_pkg'
[0.362s] Level 1:colcon.colcon_core.package_identification:_identify(STM32/main/X-CUBE-53L0A1/STM32CubeExpansion_VL53L0X_V1.2.0/Middlewares/ST/Gestures/GesturesDetect/Src/diag) by extensions ['colcon_meta']
[0.362s] Level 1:colcon.colcon_core.package_identification:_identify(STM32/main/X-CUBE-53L0A1/STM32CubeExpansion_VL53L0X_V1.2.0/Middlewares/ST/Gestures/GesturesDetect/Src/diag) by extension 'colcon_meta'
[0.362s] Level 1:colcon.colcon_core.package_identification:_identify(STM32/main/X-CUBE-53L0A1/STM32CubeExpansion_VL53L0X_V1.2.0/Middlewares/ST/Gestures/GesturesDetect/Src/diag) by extensions ['ros']
[0.362s] Level 1:colcon.colcon_core.package_identification:_identify(STM32/main/X-CUBE-53L0A1/STM32CubeExpansion_VL53L0X_V1.2.0/Middlewares/ST/Gestures/GesturesDetect/Src/diag) by extension 'ros'
[0.362s] Level 1:colcon.colcon_core.package_identification:_identify(STM32/main/X-CUBE-53L0A1/STM32CubeExpansion_VL53L0X_V1.2.0/Middlewares/ST/Gestures/GesturesDetect/Src/diag) by extensions ['cmake', 'python']
[0.362s] Level 1:colcon.colcon_core.package_identification:_identify(STM32/main/X-CUBE-53L0A1/STM32CubeExpansion_VL53L0X_V1.2.0/Middlewares/ST/Gestures/GesturesDetect/Src/diag) by extension 'cmake'
[0.362s] Level 1:colcon.colcon_core.package_identification:_identify(STM32/main/X-CUBE-53L0A1/STM32CubeExpansion_VL53L0X_V1.2.0/Middlewares/ST/Gestures/GesturesDetect/Src/diag) by extension 'python'
[0.362s] Level 1:colcon.colcon_core.package_identification:_identify(STM32/main/X-CUBE-53L0A1/STM32CubeExpansion_VL53L0X_V1.2.0/Middlewares/ST/Gestures/GesturesDetect/Src/diag) by extensions ['python_setup_py']
[0.362s] Level 1:colcon.colcon_core.package_identification:_identify(STM32/main/X-CUBE-53L0A1/STM32CubeExpansion_VL53L0X_V1.2.0/Middlewares/ST/Gestures/GesturesDetect/Src/diag) by extension 'python_setup_py'
[0.362s] Level 1:colcon.colcon_core.package_identification:_identify(STM32/main/X-CUBE-53L0A1/STM32CubeExpansion_VL53L0X_V1.2.0/Projects) by extensions ['ignore', 'ignore_ament_install']
[0.362s] Level 1:colcon.colcon_core.package_identification:_identify(STM32/main/X-CUBE-53L0A1/STM32CubeExpansion_VL53L0X_V1.2.0/Projects) by extension 'ignore'
[0.362s] Level 1:colcon.colcon_core.package_identification:_identify(STM32/main/X-CUBE-53L0A1/STM32CubeExpansion_VL53L0X_V1.2.0/Projects) by extension 'ignore_ament_install'
[0.362s] Level 1:colcon.colcon_core.package_identification:_identify(STM32/main/X-CUBE-53L0A1/STM32CubeExpansion_VL53L0X_V1.2.0/Projects) by extensions ['colcon_pkg']
[0.362s] Level 1:colcon.colcon_core.package_identification:_identify(STM32/main/X-CUBE-53L0A1/STM32CubeExpansion_VL53L0X_V1.2.0/Projects) by extension 'colcon_pkg'
[0.362s] Level 1:colcon.colcon_core.package_identification:_identify(STM32/main/X-CUBE-53L0A1/STM32CubeExpansion_VL53L0X_V1.2.0/Projects) by extensions ['colcon_meta']
[0.362s] Level 1:colcon.colcon_core.package_identification:_identify(STM32/main/X-CUBE-53L0A1/STM32CubeExpansion_VL53L0X_V1.2.0/Projects) by extension 'colcon_meta'
[0.363s] Level 1:colcon.colcon_core.package_identification:_identify(STM32/main/X-CUBE-53L0A1/STM32CubeExpansion_VL53L0X_V1.2.0/Projects) by extensions ['ros']
[0.363s] Level 1:colcon.colcon_core.package_identification:_identify(STM32/main/X-CUBE-53L0A1/STM32CubeExpansion_VL53L0X_V1.2.0/Projects) by extension 'ros'
[0.363s] Level 1:colcon.colcon_core.package_identification:_identify(STM32/main/X-CUBE-53L0A1/STM32CubeExpansion_VL53L0X_V1.2.0/Projects) by extensions ['cmake', 'python']
[0.363s] Level 1:colcon.colcon_core.package_identification:_identify(STM32/main/X-CUBE-53L0A1/STM32CubeExpansion_VL53L0X_V1.2.0/Projects) by extension 'cmake'
[0.363s] Level 1:colcon.colcon_core.package_identification:_identify(STM32/main/X-CUBE-53L0A1/STM32CubeExpansion_VL53L0X_V1.2.0/Projects) by extension 'python'
[0.363s] Level 1:colcon.colcon_core.package_identification:_identify(STM32/main/X-CUBE-53L0A1/STM32CubeExpansion_VL53L0X_V1.2.0/Projects) by extensions ['python_setup_py']
[0.363s] Level 1:colcon.colcon_core.package_identification:_identify(STM32/main/X-CUBE-53L0A1/STM32CubeExpansion_VL53L0X_V1.2.0/Projects) by extension 'python_setup_py'
[0.363s] Level 1:colcon.colcon_core.package_identification:_identify(STM32/main/X-CUBE-53L0A1/STM32CubeExpansion_VL53L0X_V1.2.0/Projects/Multi) by extensions ['ignore', 'ignore_ament_install']
[0.363s] Level 1:colcon.colcon_core.package_identification:_identify(STM32/main/X-CUBE-53L0A1/STM32CubeExpansion_VL53L0X_V1.2.0/Projects/Multi) by extension 'ignore'
[0.363s] Level 1:colcon.colcon_core.package_identification:_identify(STM32/main/X-CUBE-53L0A1/STM32CubeExpansion_VL53L0X_V1.2.0/Projects/Multi) by extension 'ignore_ament_install'
[0.363s] Level 1:colcon.colcon_core.package_identification:_identify(STM32/main/X-CUBE-53L0A1/STM32CubeExpansion_VL53L0X_V1.2.0/Projects/Multi) by extensions ['colcon_pkg']
[0.363s] Level 1:colcon.colcon_core.package_identification:_identify(STM32/main/X-CUBE-53L0A1/STM32CubeExpansion_VL53L0X_V1.2.0/Projects/Multi) by extension 'colcon_pkg'
[0.363s] Level 1:colcon.colcon_core.package_identification:_identify(STM32/main/X-CUBE-53L0A1/STM32CubeExpansion_VL53L0X_V1.2.0/Projects/Multi) by extensions ['colcon_meta']
[0.363s] Level 1:colcon.colcon_core.package_identification:_identify(STM32/main/X-CUBE-53L0A1/STM32CubeExpansion_VL53L0X_V1.2.0/Projects/Multi) by extension 'colcon_meta'
[0.363s] Level 1:colcon.colcon_core.package_identification:_identify(STM32/main/X-CUBE-53L0A1/STM32CubeExpansion_VL53L0X_V1.2.0/Projects/Multi) by extensions ['ros']
[0.363s] Level 1:colcon.colcon_core.package_identification:_identify(STM32/main/X-CUBE-53L0A1/STM32CubeExpansion_VL53L0X_V1.2.0/Projects/Multi) by extension 'ros'
[0.364s] Level 1:colcon.colcon_core.package_identification:_identify(STM32/main/X-CUBE-53L0A1/STM32CubeExpansion_VL53L0X_V1.2.0/Projects/Multi) by extensions ['cmake', 'python']
[0.364s] Level 1:colcon.colcon_core.package_identification:_identify(STM32/main/X-CUBE-53L0A1/STM32CubeExpansion_VL53L0X_V1.2.0/Projects/Multi) by extension 'cmake'
[0.364s] Level 1:colcon.colcon_core.package_identification:_identify(STM32/main/X-CUBE-53L0A1/STM32CubeExpansion_VL53L0X_V1.2.0/Projects/Multi) by extension 'python'
[0.364s] Level 1:colcon.colcon_core.package_identification:_identify(STM32/main/X-CUBE-53L0A1/STM32CubeExpansion_VL53L0X_V1.2.0/Projects/Multi) by extensions ['python_setup_py']
[0.364s] Level 1:colcon.colcon_core.package_identification:_identify(STM32/main/X-CUBE-53L0A1/STM32CubeExpansion_VL53L0X_V1.2.0/Projects/Multi) by extension 'python_setup_py'
[0.364s] Level 1:colcon.colcon_core.package_identification:_identify(STM32/main/X-CUBE-53L0A1/STM32CubeExpansion_VL53L0X_V1.2.0/Projects/Multi/Applications) by extensions ['ignore', 'ignore_ament_install']
[0.364s] Level 1:colcon.colcon_core.package_identification:_identify(STM32/main/X-CUBE-53L0A1/STM32CubeExpansion_VL53L0X_V1.2.0/Projects/Multi/Applications) by extension 'ignore'
[0.364s] Level 1:colcon.colcon_core.package_identification:_identify(STM32/main/X-CUBE-53L0A1/STM32CubeExpansion_VL53L0X_V1.2.0/Projects/Multi/Applications) by extension 'ignore_ament_install'
[0.364s] Level 1:colcon.colcon_core.package_identification:_identify(STM32/main/X-CUBE-53L0A1/STM32CubeExpansion_VL53L0X_V1.2.0/Projects/Multi/Applications) by extensions ['colcon_pkg']
[0.364s] Level 1:colcon.colcon_core.package_identification:_identify(STM32/main/X-CUBE-53L0A1/STM32CubeExpansion_VL53L0X_V1.2.0/Projects/Multi/Applications) by extension 'colcon_pkg'
[0.364s] Level 1:colcon.colcon_core.package_identification:_identify(STM32/main/X-CUBE-53L0A1/STM32CubeExpansion_VL53L0X_V1.2.0/Projects/Multi/Applications) by extensions ['colcon_meta']
[0.364s] Level 1:colcon.colcon_core.package_identification:_identify(STM32/main/X-CUBE-53L0A1/STM32CubeExpansion_VL53L0X_V1.2.0/Projects/Multi/Applications) by extension 'colcon_meta'
[0.364s] Level 1:colcon.colcon_core.package_identification:_identify(STM32/main/X-CUBE-53L0A1/STM32CubeExpansion_VL53L0X_V1.2.0/Projects/Multi/Applications) by extensions ['ros']
[0.364s] Level 1:colcon.colcon_core.package_identification:_identify(STM32/main/X-CUBE-53L0A1/STM32CubeExpansion_VL53L0X_V1.2.0/Projects/Multi/Applications) by extension 'ros'
[0.364s] Level 1:colcon.colcon_core.package_identification:_identify(STM32/main/X-CUBE-53L0A1/STM32CubeExpansion_VL53L0X_V1.2.0/Projects/Multi/Applications) by extensions ['cmake', 'python']
[0.364s] Level 1:colcon.colcon_core.package_identification:_identify(STM32/main/X-CUBE-53L0A1/STM32CubeExpansion_VL53L0X_V1.2.0/Projects/Multi/Applications) by extension 'cmake'
[0.365s] Level 1:colcon.colcon_core.package_identification:_identify(STM32/main/X-CUBE-53L0A1/STM32CubeExpansion_VL53L0X_V1.2.0/Projects/Multi/Applications) by extension 'python'
[0.365s] Level 1:colcon.colcon_core.package_identification:_identify(STM32/main/X-CUBE-53L0A1/STM32CubeExpansion_VL53L0X_V1.2.0/Projects/Multi/Applications) by extensions ['python_setup_py']
[0.365s] Level 1:colcon.colcon_core.package_identification:_identify(STM32/main/X-CUBE-53L0A1/STM32CubeExpansion_VL53L0X_V1.2.0/Projects/Multi/Applications) by extension 'python_setup_py'
[0.365s] Level 1:colcon.colcon_core.package_identification:_identify(STM32/main/X-CUBE-53L0A1/STM32CubeExpansion_VL53L0X_V1.2.0/Projects/Multi/Applications/VL53L0X) by extensions ['ignore', 'ignore_ament_install']
[0.365s] Level 1:colcon.colcon_core.package_identification:_identify(STM32/main/X-CUBE-53L0A1/STM32CubeExpansion_VL53L0X_V1.2.0/Projects/Multi/Applications/VL53L0X) by extension 'ignore'
[0.365s] Level 1:colcon.colcon_core.package_identification:_identify(STM32/main/X-CUBE-53L0A1/STM32CubeExpansion_VL53L0X_V1.2.0/Projects/Multi/Applications/VL53L0X) by extension 'ignore_ament_install'
[0.365s] Level 1:colcon.colcon_core.package_identification:_identify(STM32/main/X-CUBE-53L0A1/STM32CubeExpansion_VL53L0X_V1.2.0/Projects/Multi/Applications/VL53L0X) by extensions ['colcon_pkg']
[0.365s] Level 1:colcon.colcon_core.package_identification:_identify(STM32/main/X-CUBE-53L0A1/STM32CubeExpansion_VL53L0X_V1.2.0/Projects/Multi/Applications/VL53L0X) by extension 'colcon_pkg'
[0.365s] Level 1:colcon.colcon_core.package_identification:_identify(STM32/main/X-CUBE-53L0A1/STM32CubeExpansion_VL53L0X_V1.2.0/Projects/Multi/Applications/VL53L0X) by extensions ['colcon_meta']
[0.365s] Level 1:colcon.colcon_core.package_identification:_identify(STM32/main/X-CUBE-53L0A1/STM32CubeExpansion_VL53L0X_V1.2.0/Projects/Multi/Applications/VL53L0X) by extension 'colcon_meta'
[0.365s] Level 1:colcon.colcon_core.package_identification:_identify(STM32/main/X-CUBE-53L0A1/STM32CubeExpansion_VL53L0X_V1.2.0/Projects/Multi/Applications/VL53L0X) by extensions ['ros']
[0.365s] Level 1:colcon.colcon_core.package_identification:_identify(STM32/main/X-CUBE-53L0A1/STM32CubeExpansion_VL53L0X_V1.2.0/Projects/Multi/Applications/VL53L0X) by extension 'ros'
[0.365s] Level 1:colcon.colcon_core.package_identification:_identify(STM32/main/X-CUBE-53L0A1/STM32CubeExpansion_VL53L0X_V1.2.0/Projects/Multi/Applications/VL53L0X) by extensions ['cmake', 'python']
[0.365s] Level 1:colcon.colcon_core.package_identification:_identify(STM32/main/X-CUBE-53L0A1/STM32CubeExpansion_VL53L0X_V1.2.0/Projects/Multi/Applications/VL53L0X) by extension 'cmake'
[0.365s] Level 1:colcon.colcon_core.package_identification:_identify(STM32/main/X-CUBE-53L0A1/STM32CubeExpansion_VL53L0X_V1.2.0/Projects/Multi/Applications/VL53L0X) by extension 'python'
[0.365s] Level 1:colcon.colcon_core.package_identification:_identify(STM32/main/X-CUBE-53L0A1/STM32CubeExpansion_VL53L0X_V1.2.0/Projects/Multi/Applications/VL53L0X) by extensions ['python_setup_py']
[0.365s] Level 1:colcon.colcon_core.package_identification:_identify(STM32/main/X-CUBE-53L0A1/STM32CubeExpansion_VL53L0X_V1.2.0/Projects/Multi/Applications/VL53L0X) by extension 'python_setup_py'
[0.366s] Level 1:colcon.colcon_core.package_identification:_identify(STM32/main/X-CUBE-53L0A1/STM32CubeExpansion_VL53L0X_V1.2.0/Projects/Multi/Applications/VL53L0X/GestureDetect) by extensions ['ignore', 'ignore_ament_install']
[0.366s] Level 1:colcon.colcon_core.package_identification:_identify(STM32/main/X-CUBE-53L0A1/STM32CubeExpansion_VL53L0X_V1.2.0/Projects/Multi/Applications/VL53L0X/GestureDetect) by extension 'ignore'
[0.366s] Level 1:colcon.colcon_core.package_identification:_identify(STM32/main/X-CUBE-53L0A1/STM32CubeExpansion_VL53L0X_V1.2.0/Projects/Multi/Applications/VL53L0X/GestureDetect) by extension 'ignore_ament_install'
[0.366s] Level 1:colcon.colcon_core.package_identification:_identify(STM32/main/X-CUBE-53L0A1/STM32CubeExpansion_VL53L0X_V1.2.0/Projects/Multi/Applications/VL53L0X/GestureDetect) by extensions ['colcon_pkg']
[0.366s] Level 1:colcon.colcon_core.package_identification:_identify(STM32/main/X-CUBE-53L0A1/STM32CubeExpansion_VL53L0X_V1.2.0/Projects/Multi/Applications/VL53L0X/GestureDetect) by extension 'colcon_pkg'
[0.366s] Level 1:colcon.colcon_core.package_identification:_identify(STM32/main/X-CUBE-53L0A1/STM32CubeExpansion_VL53L0X_V1.2.0/Projects/Multi/Applications/VL53L0X/GestureDetect) by extensions ['colcon_meta']
[0.366s] Level 1:colcon.colcon_core.package_identification:_identify(STM32/main/X-CUBE-53L0A1/STM32CubeExpansion_VL53L0X_V1.2.0/Projects/Multi/Applications/VL53L0X/GestureDetect) by extension 'colcon_meta'
[0.366s] Level 1:colcon.colcon_core.package_identification:_identify(STM32/main/X-CUBE-53L0A1/STM32CubeExpansion_VL53L0X_V1.2.0/Projects/Multi/Applications/VL53L0X/GestureDetect) by extensions ['ros']
[0.366s] Level 1:colcon.colcon_core.package_identification:_identify(STM32/main/X-CUBE-53L0A1/STM32CubeExpansion_VL53L0X_V1.2.0/Projects/Multi/Applications/VL53L0X/GestureDetect) by extension 'ros'
[0.366s] Level 1:colcon.colcon_core.package_identification:_identify(STM32/main/X-CUBE-53L0A1/STM32CubeExpansion_VL53L0X_V1.2.0/Projects/Multi/Applications/VL53L0X/GestureDetect) by extensions ['cmake', 'python']
[0.366s] Level 1:colcon.colcon_core.package_identification:_identify(STM32/main/X-CUBE-53L0A1/STM32CubeExpansion_VL53L0X_V1.2.0/Projects/Multi/Applications/VL53L0X/GestureDetect) by extension 'cmake'
[0.366s] Level 1:colcon.colcon_core.package_identification:_identify(STM32/main/X-CUBE-53L0A1/STM32CubeExpansion_VL53L0X_V1.2.0/Projects/Multi/Applications/VL53L0X/GestureDetect) by extension 'python'
[0.366s] Level 1:colcon.colcon_core.package_identification:_identify(STM32/main/X-CUBE-53L0A1/STM32CubeExpansion_VL53L0X_V1.2.0/Projects/Multi/Applications/VL53L0X/GestureDetect) by extensions ['python_setup_py']
[0.366s] Level 1:colcon.colcon_core.package_identification:_identify(STM32/main/X-CUBE-53L0A1/STM32CubeExpansion_VL53L0X_V1.2.0/Projects/Multi/Applications/VL53L0X/GestureDetect) by extension 'python_setup_py'
[0.367s] Level 1:colcon.colcon_core.package_identification:_identify(STM32/main/X-CUBE-53L0A1/STM32CubeExpansion_VL53L0X_V1.2.0/Projects/Multi/Applications/VL53L0X/GestureDetect/Binary) by extensions ['ignore', 'ignore_ament_install']
[0.367s] Level 1:colcon.colcon_core.package_identification:_identify(STM32/main/X-CUBE-53L0A1/STM32CubeExpansion_VL53L0X_V1.2.0/Projects/Multi/Applications/VL53L0X/GestureDetect/Binary) by extension 'ignore'
[0.367s] Level 1:colcon.colcon_core.package_identification:_identify(STM32/main/X-CUBE-53L0A1/STM32CubeExpansion_VL53L0X_V1.2.0/Projects/Multi/Applications/VL53L0X/GestureDetect/Binary) by extension 'ignore_ament_install'
[0.367s] Level 1:colcon.colcon_core.package_identification:_identify(STM32/main/X-CUBE-53L0A1/STM32CubeExpansion_VL53L0X_V1.2.0/Projects/Multi/Applications/VL53L0X/GestureDetect/Binary) by extensions ['colcon_pkg']
[0.367s] Level 1:colcon.colcon_core.package_identification:_identify(STM32/main/X-CUBE-53L0A1/STM32CubeExpansion_VL53L0X_V1.2.0/Projects/Multi/Applications/VL53L0X/GestureDetect/Binary) by extension 'colcon_pkg'
[0.367s] Level 1:colcon.colcon_core.package_identification:_identify(STM32/main/X-CUBE-53L0A1/STM32CubeExpansion_VL53L0X_V1.2.0/Projects/Multi/Applications/VL53L0X/GestureDetect/Binary) by extensions ['colcon_meta']
[0.367s] Level 1:colcon.colcon_core.package_identification:_identify(STM32/main/X-CUBE-53L0A1/STM32CubeExpansion_VL53L0X_V1.2.0/Projects/Multi/Applications/VL53L0X/GestureDetect/Binary) by extension 'colcon_meta'
[0.367s] Level 1:colcon.colcon_core.package_identification:_identify(STM32/main/X-CUBE-53L0A1/STM32CubeExpansion_VL53L0X_V1.2.0/Projects/Multi/Applications/VL53L0X/GestureDetect/Binary) by extensions ['ros']
[0.367s] Level 1:colcon.colcon_core.package_identification:_identify(STM32/main/X-CUBE-53L0A1/STM32CubeExpansion_VL53L0X_V1.2.0/Projects/Multi/Applications/VL53L0X/GestureDetect/Binary) by extension 'ros'
[0.367s] Level 1:colcon.colcon_core.package_identification:_identify(STM32/main/X-CUBE-53L0A1/STM32CubeExpansion_VL53L0X_V1.2.0/Projects/Multi/Applications/VL53L0X/GestureDetect/Binary) by extensions ['cmake', 'python']
[0.367s] Level 1:colcon.colcon_core.package_identification:_identify(STM32/main/X-CUBE-53L0A1/STM32CubeExpansion_VL53L0X_V1.2.0/Projects/Multi/Applications/VL53L0X/GestureDetect/Binary) by extension 'cmake'
[0.367s] Level 1:colcon.colcon_core.package_identification:_identify(STM32/main/X-CUBE-53L0A1/STM32CubeExpansion_VL53L0X_V1.2.0/Projects/Multi/Applications/VL53L0X/GestureDetect/Binary) by extension 'python'
[0.367s] Level 1:colcon.colcon_core.package_identification:_identify(STM32/main/X-CUBE-53L0A1/STM32CubeExpansion_VL53L0X_V1.2.0/Projects/Multi/Applications/VL53L0X/GestureDetect/Binary) by extensions ['python_setup_py']
[0.367s] Level 1:colcon.colcon_core.package_identification:_identify(STM32/main/X-CUBE-53L0A1/STM32CubeExpansion_VL53L0X_V1.2.0/Projects/Multi/Applications/VL53L0X/GestureDetect/Binary) by extension 'python_setup_py'
[0.368s] Level 1:colcon.colcon_core.package_identification:_identify(STM32/main/X-CUBE-53L0A1/STM32CubeExpansion_VL53L0X_V1.2.0/Projects/Multi/Applications/VL53L0X/GestureDetect/EWARM) by extensions ['ignore', 'ignore_ament_install']
[0.368s] Level 1:colcon.colcon_core.package_identification:_identify(STM32/main/X-CUBE-53L0A1/STM32CubeExpansion_VL53L0X_V1.2.0/Projects/Multi/Applications/VL53L0X/GestureDetect/EWARM) by extension 'ignore'
[0.368s] Level 1:colcon.colcon_core.package_identification:_identify(STM32/main/X-CUBE-53L0A1/STM32CubeExpansion_VL53L0X_V1.2.0/Projects/Multi/Applications/VL53L0X/GestureDetect/EWARM) by extension 'ignore_ament_install'
[0.368s] Level 1:colcon.colcon_core.package_identification:_identify(STM32/main/X-CUBE-53L0A1/STM32CubeExpansion_VL53L0X_V1.2.0/Projects/Multi/Applications/VL53L0X/GestureDetect/EWARM) by extensions ['colcon_pkg']
[0.368s] Level 1:colcon.colcon_core.package_identification:_identify(STM32/main/X-CUBE-53L0A1/STM32CubeExpansion_VL53L0X_V1.2.0/Projects/Multi/Applications/VL53L0X/GestureDetect/EWARM) by extension 'colcon_pkg'
[0.368s] Level 1:colcon.colcon_core.package_identification:_identify(STM32/main/X-CUBE-53L0A1/STM32CubeExpansion_VL53L0X_V1.2.0/Projects/Multi/Applications/VL53L0X/GestureDetect/EWARM) by extensions ['colcon_meta']
[0.368s] Level 1:colcon.colcon_core.package_identification:_identify(STM32/main/X-CUBE-53L0A1/STM32CubeExpansion_VL53L0X_V1.2.0/Projects/Multi/Applications/VL53L0X/GestureDetect/EWARM) by extension 'colcon_meta'
[0.368s] Level 1:colcon.colcon_core.package_identification:_identify(STM32/main/X-CUBE-53L0A1/STM32CubeExpansion_VL53L0X_V1.2.0/Projects/Multi/Applications/VL53L0X/GestureDetect/EWARM) by extensions ['ros']
[0.368s] Level 1:colcon.colcon_core.package_identification:_identify(STM32/main/X-CUBE-53L0A1/STM32CubeExpansion_VL53L0X_V1.2.0/Projects/Multi/Applications/VL53L0X/GestureDetect/EWARM) by extension 'ros'
[0.368s] Level 1:colcon.colcon_core.package_identification:_identify(STM32/main/X-CUBE-53L0A1/STM32CubeExpansion_VL53L0X_V1.2.0/Projects/Multi/Applications/VL53L0X/GestureDetect/EWARM) by extensions ['cmake', 'python']
[0.368s] Level 1:colcon.colcon_core.package_identification:_identify(STM32/main/X-CUBE-53L0A1/STM32CubeExpansion_VL53L0X_V1.2.0/Projects/Multi/Applications/VL53L0X/GestureDetect/EWARM) by extension 'cmake'
[0.368s] Level 1:colcon.colcon_core.package_identification:_identify(STM32/main/X-CUBE-53L0A1/STM32CubeExpansion_VL53L0X_V1.2.0/Projects/Multi/Applications/VL53L0X/GestureDetect/EWARM) by extension 'python'
[0.368s] Level 1:colcon.colcon_core.package_identification:_identify(STM32/main/X-CUBE-53L0A1/STM32CubeExpansion_VL53L0X_V1.2.0/Projects/Multi/Applications/VL53L0X/GestureDetect/EWARM) by extensions ['python_setup_py']
[0.368s] Level 1:colcon.colcon_core.package_identification:_identify(STM32/main/X-CUBE-53L0A1/STM32CubeExpansion_VL53L0X_V1.2.0/Projects/Multi/Applications/VL53L0X/GestureDetect/EWARM) by extension 'python_setup_py'
[0.369s] Level 1:colcon.colcon_core.package_identification:_identify(STM32/main/X-CUBE-53L0A1/STM32CubeExpansion_VL53L0X_V1.2.0/Projects/Multi/Applications/VL53L0X/GestureDetect/EWARM/STM32F401RE-Nucleo) by extensions ['ignore', 'ignore_ament_install']
[0.369s] Level 1:colcon.colcon_core.package_identification:_identify(STM32/main/X-CUBE-53L0A1/STM32CubeExpansion_VL53L0X_V1.2.0/Projects/Multi/Applications/VL53L0X/GestureDetect/EWARM/STM32F401RE-Nucleo) by extension 'ignore'
[0.369s] Level 1:colcon.colcon_core.package_identification:_identify(STM32/main/X-CUBE-53L0A1/STM32CubeExpansion_VL53L0X_V1.2.0/Projects/Multi/Applications/VL53L0X/GestureDetect/EWARM/STM32F401RE-Nucleo) by extension 'ignore_ament_install'
[0.369s] Level 1:colcon.colcon_core.package_identification:_identify(STM32/main/X-CUBE-53L0A1/STM32CubeExpansion_VL53L0X_V1.2.0/Projects/Multi/Applications/VL53L0X/GestureDetect/EWARM/STM32F401RE-Nucleo) by extensions ['colcon_pkg']
[0.369s] Level 1:colcon.colcon_core.package_identification:_identify(STM32/main/X-CUBE-53L0A1/STM32CubeExpansion_VL53L0X_V1.2.0/Projects/Multi/Applications/VL53L0X/GestureDetect/EWARM/STM32F401RE-Nucleo) by extension 'colcon_pkg'
[0.369s] Level 1:colcon.colcon_core.package_identification:_identify(STM32/main/X-CUBE-53L0A1/STM32CubeExpansion_VL53L0X_V1.2.0/Projects/Multi/Applications/VL53L0X/GestureDetect/EWARM/STM32F401RE-Nucleo) by extensions ['colcon_meta']
[0.369s] Level 1:colcon.colcon_core.package_identification:_identify(STM32/main/X-CUBE-53L0A1/STM32CubeExpansion_VL53L0X_V1.2.0/Projects/Multi/Applications/VL53L0X/GestureDetect/EWARM/STM32F401RE-Nucleo) by extension 'colcon_meta'
[0.369s] Level 1:colcon.colcon_core.package_identification:_identify(STM32/main/X-CUBE-53L0A1/STM32CubeExpansion_VL53L0X_V1.2.0/Projects/Multi/Applications/VL53L0X/GestureDetect/EWARM/STM32F401RE-Nucleo) by extensions ['ros']
[0.369s] Level 1:colcon.colcon_core.package_identification:_identify(STM32/main/X-CUBE-53L0A1/STM32CubeExpansion_VL53L0X_V1.2.0/Projects/Multi/Applications/VL53L0X/GestureDetect/EWARM/STM32F401RE-Nucleo) by extension 'ros'
[0.369s] Level 1:colcon.colcon_core.package_identification:_identify(STM32/main/X-CUBE-53L0A1/STM32CubeExpansion_VL53L0X_V1.2.0/Projects/Multi/Applications/VL53L0X/GestureDetect/EWARM/STM32F401RE-Nucleo) by extensions ['cmake', 'python']
[0.369s] Level 1:colcon.colcon_core.package_identification:_identify(STM32/main/X-CUBE-53L0A1/STM32CubeExpansion_VL53L0X_V1.2.0/Projects/Multi/Applications/VL53L0X/GestureDetect/EWARM/STM32F401RE-Nucleo) by extension 'cmake'
[0.369s] Level 1:colcon.colcon_core.package_identification:_identify(STM32/main/X-CUBE-53L0A1/STM32CubeExpansion_VL53L0X_V1.2.0/Projects/Multi/Applications/VL53L0X/GestureDetect/EWARM/STM32F401RE-Nucleo) by extension 'python'
[0.369s] Level 1:colcon.colcon_core.package_identification:_identify(STM32/main/X-CUBE-53L0A1/STM32CubeExpansion_VL53L0X_V1.2.0/Projects/Multi/Applications/VL53L0X/GestureDetect/EWARM/STM32F401RE-Nucleo) by extensions ['python_setup_py']
[0.369s] Level 1:colcon.colcon_core.package_identification:_identify(STM32/main/X-CUBE-53L0A1/STM32CubeExpansion_VL53L0X_V1.2.0/Projects/Multi/Applications/VL53L0X/GestureDetect/EWARM/STM32F401RE-Nucleo) by extension 'python_setup_py'
[0.369s] Level 1:colcon.colcon_core.package_identification:_identify(STM32/main/X-CUBE-53L0A1/STM32CubeExpansion_VL53L0X_V1.2.0/Projects/Multi/Applications/VL53L0X/GestureDetect/EWARM/STM32L476RG-Nucleo) by extensions ['ignore', 'ignore_ament_install']
[0.370s] Level 1:colcon.colcon_core.package_identification:_identify(STM32/main/X-CUBE-53L0A1/STM32CubeExpansion_VL53L0X_V1.2.0/Projects/Multi/Applications/VL53L0X/GestureDetect/EWARM/STM32L476RG-Nucleo) by extension 'ignore'
[0.370s] Level 1:colcon.colcon_core.package_identification:_identify(STM32/main/X-CUBE-53L0A1/STM32CubeExpansion_VL53L0X_V1.2.0/Projects/Multi/Applications/VL53L0X/GestureDetect/EWARM/STM32L476RG-Nucleo) by extension 'ignore_ament_install'
[0.370s] Level 1:colcon.colcon_core.package_identification:_identify(STM32/main/X-CUBE-53L0A1/STM32CubeExpansion_VL53L0X_V1.2.0/Projects/Multi/Applications/VL53L0X/GestureDetect/EWARM/STM32L476RG-Nucleo) by extensions ['colcon_pkg']
[0.370s] Level 1:colcon.colcon_core.package_identification:_identify(STM32/main/X-CUBE-53L0A1/STM32CubeExpansion_VL53L0X_V1.2.0/Projects/Multi/Applications/VL53L0X/GestureDetect/EWARM/STM32L476RG-Nucleo) by extension 'colcon_pkg'
[0.370s] Level 1:colcon.colcon_core.package_identification:_identify(STM32/main/X-CUBE-53L0A1/STM32CubeExpansion_VL53L0X_V1.2.0/Projects/Multi/Applications/VL53L0X/GestureDetect/EWARM/STM32L476RG-Nucleo) by extensions ['colcon_meta']
[0.370s] Level 1:colcon.colcon_core.package_identification:_identify(STM32/main/X-CUBE-53L0A1/STM32CubeExpansion_VL53L0X_V1.2.0/Projects/Multi/Applications/VL53L0X/GestureDetect/EWARM/STM32L476RG-Nucleo) by extension 'colcon_meta'
[0.370s] Level 1:colcon.colcon_core.package_identification:_identify(STM32/main/X-CUBE-53L0A1/STM32CubeExpansion_VL53L0X_V1.2.0/Projects/Multi/Applications/VL53L0X/GestureDetect/EWARM/STM32L476RG-Nucleo) by extensions ['ros']
[0.370s] Level 1:colcon.colcon_core.package_identification:_identify(STM32/main/X-CUBE-53L0A1/STM32CubeExpansion_VL53L0X_V1.2.0/Projects/Multi/Applications/VL53L0X/GestureDetect/EWARM/STM32L476RG-Nucleo) by extension 'ros'
[0.370s] Level 1:colcon.colcon_core.package_identification:_identify(STM32/main/X-CUBE-53L0A1/STM32CubeExpansion_VL53L0X_V1.2.0/Projects/Multi/Applications/VL53L0X/GestureDetect/EWARM/STM32L476RG-Nucleo) by extensions ['cmake', 'python']
[0.370s] Level 1:colcon.colcon_core.package_identification:_identify(STM32/main/X-CUBE-53L0A1/STM32CubeExpansion_VL53L0X_V1.2.0/Projects/Multi/Applications/VL53L0X/GestureDetect/EWARM/STM32L476RG-Nucleo) by extension 'cmake'
[0.370s] Level 1:colcon.colcon_core.package_identification:_identify(STM32/main/X-CUBE-53L0A1/STM32CubeExpansion_VL53L0X_V1.2.0/Projects/Multi/Applications/VL53L0X/GestureDetect/EWARM/STM32L476RG-Nucleo) by extension 'python'
[0.370s] Level 1:colcon.colcon_core.package_identification:_identify(STM32/main/X-CUBE-53L0A1/STM32CubeExpansion_VL53L0X_V1.2.0/Projects/Multi/Applications/VL53L0X/GestureDetect/EWARM/STM32L476RG-Nucleo) by extensions ['python_setup_py']
[0.370s] Level 1:colcon.colcon_core.package_identification:_identify(STM32/main/X-CUBE-53L0A1/STM32CubeExpansion_VL53L0X_V1.2.0/Projects/Multi/Applications/VL53L0X/GestureDetect/EWARM/STM32L476RG-Nucleo) by extension 'python_setup_py'
[0.370s] Level 1:colcon.colcon_core.package_identification:_identify(STM32/main/X-CUBE-53L0A1/STM32CubeExpansion_VL53L0X_V1.2.0/Projects/Multi/Applications/VL53L0X/GestureDetect/Inc) by extensions ['ignore', 'ignore_ament_install']
[0.371s] Level 1:colcon.colcon_core.package_identification:_identify(STM32/main/X-CUBE-53L0A1/STM32CubeExpansion_VL53L0X_V1.2.0/Projects/Multi/Applications/VL53L0X/GestureDetect/Inc) by extension 'ignore'
[0.371s] Level 1:colcon.colcon_core.package_identification:_identify(STM32/main/X-CUBE-53L0A1/STM32CubeExpansion_VL53L0X_V1.2.0/Projects/Multi/Applications/VL53L0X/GestureDetect/Inc) by extension 'ignore_ament_install'
[0.371s] Level 1:colcon.colcon_core.package_identification:_identify(STM32/main/X-CUBE-53L0A1/STM32CubeExpansion_VL53L0X_V1.2.0/Projects/Multi/Applications/VL53L0X/GestureDetect/Inc) by extensions ['colcon_pkg']
[0.371s] Level 1:colcon.colcon_core.package_identification:_identify(STM32/main/X-CUBE-53L0A1/STM32CubeExpansion_VL53L0X_V1.2.0/Projects/Multi/Applications/VL53L0X/GestureDetect/Inc) by extension 'colcon_pkg'
[0.371s] Level 1:colcon.colcon_core.package_identification:_identify(STM32/main/X-CUBE-53L0A1/STM32CubeExpansion_VL53L0X_V1.2.0/Projects/Multi/Applications/VL53L0X/GestureDetect/Inc) by extensions ['colcon_meta']
[0.371s] Level 1:colcon.colcon_core.package_identification:_identify(STM32/main/X-CUBE-53L0A1/STM32CubeExpansion_VL53L0X_V1.2.0/Projects/Multi/Applications/VL53L0X/GestureDetect/Inc) by extension 'colcon_meta'
[0.371s] Level 1:colcon.colcon_core.package_identification:_identify(STM32/main/X-CUBE-53L0A1/STM32CubeExpansion_VL53L0X_V1.2.0/Projects/Multi/Applications/VL53L0X/GestureDetect/Inc) by extensions ['ros']
[0.371s] Level 1:colcon.colcon_core.package_identification:_identify(STM32/main/X-CUBE-53L0A1/STM32CubeExpansion_VL53L0X_V1.2.0/Projects/Multi/Applications/VL53L0X/GestureDetect/Inc) by extension 'ros'
[0.371s] Level 1:colcon.colcon_core.package_identification:_identify(STM32/main/X-CUBE-53L0A1/STM32CubeExpansion_VL53L0X_V1.2.0/Projects/Multi/Applications/VL53L0X/GestureDetect/Inc) by extensions ['cmake', 'python']
[0.371s] Level 1:colcon.colcon_core.package_identification:_identify(STM32/main/X-CUBE-53L0A1/STM32CubeExpansion_VL53L0X_V1.2.0/Projects/Multi/Applications/VL53L0X/GestureDetect/Inc) by extension 'cmake'
[0.371s] Level 1:colcon.colcon_core.package_identification:_identify(STM32/main/X-CUBE-53L0A1/STM32CubeExpansion_VL53L0X_V1.2.0/Projects/Multi/Applications/VL53L0X/GestureDetect/Inc) by extension 'python'
[0.371s] Level 1:colcon.colcon_core.package_identification:_identify(STM32/main/X-CUBE-53L0A1/STM32CubeExpansion_VL53L0X_V1.2.0/Projects/Multi/Applications/VL53L0X/GestureDetect/Inc) by extensions ['python_setup_py']
[0.371s] Level 1:colcon.colcon_core.package_identification:_identify(STM32/main/X-CUBE-53L0A1/STM32CubeExpansion_VL53L0X_V1.2.0/Projects/Multi/Applications/VL53L0X/GestureDetect/Inc) by extension 'python_setup_py'
[0.371s] Level 1:colcon.colcon_core.package_identification:_identify(STM32/main/X-CUBE-53L0A1/STM32CubeExpansion_VL53L0X_V1.2.0/Projects/Multi/Applications/VL53L0X/GestureDetect/MDK-ARM) by extensions ['ignore', 'ignore_ament_install']
[0.372s] Level 1:colcon.colcon_core.package_identification:_identify(STM32/main/X-CUBE-53L0A1/STM32CubeExpansion_VL53L0X_V1.2.0/Projects/Multi/Applications/VL53L0X/GestureDetect/MDK-ARM) by extension 'ignore'
[0.372s] Level 1:colcon.colcon_core.package_identification:_identify(STM32/main/X-CUBE-53L0A1/STM32CubeExpansion_VL53L0X_V1.2.0/Projects/Multi/Applications/VL53L0X/GestureDetect/MDK-ARM) by extension 'ignore_ament_install'
[0.372s] Level 1:colcon.colcon_core.package_identification:_identify(STM32/main/X-CUBE-53L0A1/STM32CubeExpansion_VL53L0X_V1.2.0/Projects/Multi/Applications/VL53L0X/GestureDetect/MDK-ARM) by extensions ['colcon_pkg']
[0.372s] Level 1:colcon.colcon_core.package_identification:_identify(STM32/main/X-CUBE-53L0A1/STM32CubeExpansion_VL53L0X_V1.2.0/Projects/Multi/Applications/VL53L0X/GestureDetect/MDK-ARM) by extension 'colcon_pkg'
[0.372s] Level 1:colcon.colcon_core.package_identification:_identify(STM32/main/X-CUBE-53L0A1/STM32CubeExpansion_VL53L0X_V1.2.0/Projects/Multi/Applications/VL53L0X/GestureDetect/MDK-ARM) by extensions ['colcon_meta']
[0.372s] Level 1:colcon.colcon_core.package_identification:_identify(STM32/main/X-CUBE-53L0A1/STM32CubeExpansion_VL53L0X_V1.2.0/Projects/Multi/Applications/VL53L0X/GestureDetect/MDK-ARM) by extension 'colcon_meta'
[0.372s] Level 1:colcon.colcon_core.package_identification:_identify(STM32/main/X-CUBE-53L0A1/STM32CubeExpansion_VL53L0X_V1.2.0/Projects/Multi/Applications/VL53L0X/GestureDetect/MDK-ARM) by extensions ['ros']
[0.372s] Level 1:colcon.colcon_core.package_identification:_identify(STM32/main/X-CUBE-53L0A1/STM32CubeExpansion_VL53L0X_V1.2.0/Projects/Multi/Applications/VL53L0X/GestureDetect/MDK-ARM) by extension 'ros'
[0.372s] Level 1:colcon.colcon_core.package_identification:_identify(STM32/main/X-CUBE-53L0A1/STM32CubeExpansion_VL53L0X_V1.2.0/Projects/Multi/Applications/VL53L0X/GestureDetect/MDK-ARM) by extensions ['cmake', 'python']
[0.372s] Level 1:colcon.colcon_core.package_identification:_identify(STM32/main/X-CUBE-53L0A1/STM32CubeExpansion_VL53L0X_V1.2.0/Projects/Multi/Applications/VL53L0X/GestureDetect/MDK-ARM) by extension 'cmake'
[0.372s] Level 1:colcon.colcon_core.package_identification:_identify(STM32/main/X-CUBE-53L0A1/STM32CubeExpansion_VL53L0X_V1.2.0/Projects/Multi/Applications/VL53L0X/GestureDetect/MDK-ARM) by extension 'python'
[0.372s] Level 1:colcon.colcon_core.package_identification:_identify(STM32/main/X-CUBE-53L0A1/STM32CubeExpansion_VL53L0X_V1.2.0/Projects/Multi/Applications/VL53L0X/GestureDetect/MDK-ARM) by extensions ['python_setup_py']
[0.372s] Level 1:colcon.colcon_core.package_identification:_identify(STM32/main/X-CUBE-53L0A1/STM32CubeExpansion_VL53L0X_V1.2.0/Projects/Multi/Applications/VL53L0X/GestureDetect/MDK-ARM) by extension 'python_setup_py'
[0.372s] Level 1:colcon.colcon_core.package_identification:_identify(STM32/main/X-CUBE-53L0A1/STM32CubeExpansion_VL53L0X_V1.2.0/Projects/Multi/Applications/VL53L0X/GestureDetect/MDK-ARM/STM32F401RE-Nucleo) by extensions ['ignore', 'ignore_ament_install']
[0.373s] Level 1:colcon.colcon_core.package_identification:_identify(STM32/main/X-CUBE-53L0A1/STM32CubeExpansion_VL53L0X_V1.2.0/Projects/Multi/Applications/VL53L0X/GestureDetect/MDK-ARM/STM32F401RE-Nucleo) by extension 'ignore'
[0.373s] Level 1:colcon.colcon_core.package_identification:_identify(STM32/main/X-CUBE-53L0A1/STM32CubeExpansion_VL53L0X_V1.2.0/Projects/Multi/Applications/VL53L0X/GestureDetect/MDK-ARM/STM32F401RE-Nucleo) by extension 'ignore_ament_install'
[0.373s] Level 1:colcon.colcon_core.package_identification:_identify(STM32/main/X-CUBE-53L0A1/STM32CubeExpansion_VL53L0X_V1.2.0/Projects/Multi/Applications/VL53L0X/GestureDetect/MDK-ARM/STM32F401RE-Nucleo) by extensions ['colcon_pkg']
[0.373s] Level 1:colcon.colcon_core.package_identification:_identify(STM32/main/X-CUBE-53L0A1/STM32CubeExpansion_VL53L0X_V1.2.0/Projects/Multi/Applications/VL53L0X/GestureDetect/MDK-ARM/STM32F401RE-Nucleo) by extension 'colcon_pkg'
[0.373s] Level 1:colcon.colcon_core.package_identification:_identify(STM32/main/X-CUBE-53L0A1/STM32CubeExpansion_VL53L0X_V1.2.0/Projects/Multi/Applications/VL53L0X/GestureDetect/MDK-ARM/STM32F401RE-Nucleo) by extensions ['colcon_meta']
[0.373s] Level 1:colcon.colcon_core.package_identification:_identify(STM32/main/X-CUBE-53L0A1/STM32CubeExpansion_VL53L0X_V1.2.0/Projects/Multi/Applications/VL53L0X/GestureDetect/MDK-ARM/STM32F401RE-Nucleo) by extension 'colcon_meta'
[0.373s] Level 1:colcon.colcon_core.package_identification:_identify(STM32/main/X-CUBE-53L0A1/STM32CubeExpansion_VL53L0X_V1.2.0/Projects/Multi/Applications/VL53L0X/GestureDetect/MDK-ARM/STM32F401RE-Nucleo) by extensions ['ros']
[0.373s] Level 1:colcon.colcon_core.package_identification:_identify(STM32/main/X-CUBE-53L0A1/STM32CubeExpansion_VL53L0X_V1.2.0/Projects/Multi/Applications/VL53L0X/GestureDetect/MDK-ARM/STM32F401RE-Nucleo) by extension 'ros'
[0.373s] Level 1:colcon.colcon_core.package_identification:_identify(STM32/main/X-CUBE-53L0A1/STM32CubeExpansion_VL53L0X_V1.2.0/Projects/Multi/Applications/VL53L0X/GestureDetect/MDK-ARM/STM32F401RE-Nucleo) by extensions ['cmake', 'python']
[0.373s] Level 1:colcon.colcon_core.package_identification:_identify(STM32/main/X-CUBE-53L0A1/STM32CubeExpansion_VL53L0X_V1.2.0/Projects/Multi/Applications/VL53L0X/GestureDetect/MDK-ARM/STM32F401RE-Nucleo) by extension 'cmake'
[0.373s] Level 1:colcon.colcon_core.package_identification:_identify(STM32/main/X-CUBE-53L0A1/STM32CubeExpansion_VL53L0X_V1.2.0/Projects/Multi/Applications/VL53L0X/GestureDetect/MDK-ARM/STM32F401RE-Nucleo) by extension 'python'
[0.373s] Level 1:colcon.colcon_core.package_identification:_identify(STM32/main/X-CUBE-53L0A1/STM32CubeExpansion_VL53L0X_V1.2.0/Projects/Multi/Applications/VL53L0X/GestureDetect/MDK-ARM/STM32F401RE-Nucleo) by extensions ['python_setup_py']
[0.373s] Level 1:colcon.colcon_core.package_identification:_identify(STM32/main/X-CUBE-53L0A1/STM32CubeExpansion_VL53L0X_V1.2.0/Projects/Multi/Applications/VL53L0X/GestureDetect/MDK-ARM/STM32F401RE-Nucleo) by extension 'python_setup_py'
[0.373s] Level 1:colcon.colcon_core.package_identification:_identify(STM32/main/X-CUBE-53L0A1/STM32CubeExpansion_VL53L0X_V1.2.0/Projects/Multi/Applications/VL53L0X/GestureDetect/MDK-ARM/STM32L476RG-Nucleo) by extensions ['ignore', 'ignore_ament_install']
[0.373s] Level 1:colcon.colcon_core.package_identification:_identify(STM32/main/X-CUBE-53L0A1/STM32CubeExpansion_VL53L0X_V1.2.0/Projects/Multi/Applications/VL53L0X/GestureDetect/MDK-ARM/STM32L476RG-Nucleo) by extension 'ignore'
[0.374s] Level 1:colcon.colcon_core.package_identification:_identify(STM32/main/X-CUBE-53L0A1/STM32CubeExpansion_VL53L0X_V1.2.0/Projects/Multi/Applications/VL53L0X/GestureDetect/MDK-ARM/STM32L476RG-Nucleo) by extension 'ignore_ament_install'
[0.374s] Level 1:colcon.colcon_core.package_identification:_identify(STM32/main/X-CUBE-53L0A1/STM32CubeExpansion_VL53L0X_V1.2.0/Projects/Multi/Applications/VL53L0X/GestureDetect/MDK-ARM/STM32L476RG-Nucleo) by extensions ['colcon_pkg']
[0.374s] Level 1:colcon.colcon_core.package_identification:_identify(STM32/main/X-CUBE-53L0A1/STM32CubeExpansion_VL53L0X_V1.2.0/Projects/Multi/Applications/VL53L0X/GestureDetect/MDK-ARM/STM32L476RG-Nucleo) by extension 'colcon_pkg'
[0.374s] Level 1:colcon.colcon_core.package_identification:_identify(STM32/main/X-CUBE-53L0A1/STM32CubeExpansion_VL53L0X_V1.2.0/Projects/Multi/Applications/VL53L0X/GestureDetect/MDK-ARM/STM32L476RG-Nucleo) by extensions ['colcon_meta']
[0.374s] Level 1:colcon.colcon_core.package_identification:_identify(STM32/main/X-CUBE-53L0A1/STM32CubeExpansion_VL53L0X_V1.2.0/Projects/Multi/Applications/VL53L0X/GestureDetect/MDK-ARM/STM32L476RG-Nucleo) by extension 'colcon_meta'
[0.374s] Level 1:colcon.colcon_core.package_identification:_identify(STM32/main/X-CUBE-53L0A1/STM32CubeExpansion_VL53L0X_V1.2.0/Projects/Multi/Applications/VL53L0X/GestureDetect/MDK-ARM/STM32L476RG-Nucleo) by extensions ['ros']
[0.374s] Level 1:colcon.colcon_core.package_identification:_identify(STM32/main/X-CUBE-53L0A1/STM32CubeExpansion_VL53L0X_V1.2.0/Projects/Multi/Applications/VL53L0X/GestureDetect/MDK-ARM/STM32L476RG-Nucleo) by extension 'ros'
[0.374s] Level 1:colcon.colcon_core.package_identification:_identify(STM32/main/X-CUBE-53L0A1/STM32CubeExpansion_VL53L0X_V1.2.0/Projects/Multi/Applications/VL53L0X/GestureDetect/MDK-ARM/STM32L476RG-Nucleo) by extensions ['cmake', 'python']
[0.374s] Level 1:colcon.colcon_core.package_identification:_identify(STM32/main/X-CUBE-53L0A1/STM32CubeExpansion_VL53L0X_V1.2.0/Projects/Multi/Applications/VL53L0X/GestureDetect/MDK-ARM/STM32L476RG-Nucleo) by extension 'cmake'
[0.374s] Level 1:colcon.colcon_core.package_identification:_identify(STM32/main/X-CUBE-53L0A1/STM32CubeExpansion_VL53L0X_V1.2.0/Projects/Multi/Applications/VL53L0X/GestureDetect/MDK-ARM/STM32L476RG-Nucleo) by extension 'python'
[0.374s] Level 1:colcon.colcon_core.package_identification:_identify(STM32/main/X-CUBE-53L0A1/STM32CubeExpansion_VL53L0X_V1.2.0/Projects/Multi/Applications/VL53L0X/GestureDetect/MDK-ARM/STM32L476RG-Nucleo) by extensions ['python_setup_py']
[0.374s] Level 1:colcon.colcon_core.package_identification:_identify(STM32/main/X-CUBE-53L0A1/STM32CubeExpansion_VL53L0X_V1.2.0/Projects/Multi/Applications/VL53L0X/GestureDetect/MDK-ARM/STM32L476RG-Nucleo) by extension 'python_setup_py'
[0.374s] Level 1:colcon.colcon_core.package_identification:_identify(STM32/main/X-CUBE-53L0A1/STM32CubeExpansion_VL53L0X_V1.2.0/Projects/Multi/Applications/VL53L0X/GestureDetect/SW4STM32) by extensions ['ignore', 'ignore_ament_install']
[0.374s] Level 1:colcon.colcon_core.package_identification:_identify(STM32/main/X-CUBE-53L0A1/STM32CubeExpansion_VL53L0X_V1.2.0/Projects/Multi/Applications/VL53L0X/GestureDetect/SW4STM32) by extension 'ignore'
[0.375s] Level 1:colcon.colcon_core.package_identification:_identify(STM32/main/X-CUBE-53L0A1/STM32CubeExpansion_VL53L0X_V1.2.0/Projects/Multi/Applications/VL53L0X/GestureDetect/SW4STM32) by extension 'ignore_ament_install'
[0.375s] Level 1:colcon.colcon_core.package_identification:_identify(STM32/main/X-CUBE-53L0A1/STM32CubeExpansion_VL53L0X_V1.2.0/Projects/Multi/Applications/VL53L0X/GestureDetect/SW4STM32) by extensions ['colcon_pkg']
[0.375s] Level 1:colcon.colcon_core.package_identification:_identify(STM32/main/X-CUBE-53L0A1/STM32CubeExpansion_VL53L0X_V1.2.0/Projects/Multi/Applications/VL53L0X/GestureDetect/SW4STM32) by extension 'colcon_pkg'
[0.375s] Level 1:colcon.colcon_core.package_identification:_identify(STM32/main/X-CUBE-53L0A1/STM32CubeExpansion_VL53L0X_V1.2.0/Projects/Multi/Applications/VL53L0X/GestureDetect/SW4STM32) by extensions ['colcon_meta']
[0.375s] Level 1:colcon.colcon_core.package_identification:_identify(STM32/main/X-CUBE-53L0A1/STM32CubeExpansion_VL53L0X_V1.2.0/Projects/Multi/Applications/VL53L0X/GestureDetect/SW4STM32) by extension 'colcon_meta'
[0.375s] Level 1:colcon.colcon_core.package_identification:_identify(STM32/main/X-CUBE-53L0A1/STM32CubeExpansion_VL53L0X_V1.2.0/Projects/Multi/Applications/VL53L0X/GestureDetect/SW4STM32) by extensions ['ros']
[0.375s] Level 1:colcon.colcon_core.package_identification:_identify(STM32/main/X-CUBE-53L0A1/STM32CubeExpansion_VL53L0X_V1.2.0/Projects/Multi/Applications/VL53L0X/GestureDetect/SW4STM32) by extension 'ros'
[0.375s] Level 1:colcon.colcon_core.package_identification:_identify(STM32/main/X-CUBE-53L0A1/STM32CubeExpansion_VL53L0X_V1.2.0/Projects/Multi/Applications/VL53L0X/GestureDetect/SW4STM32) by extensions ['cmake', 'python']
[0.375s] Level 1:colcon.colcon_core.package_identification:_identify(STM32/main/X-CUBE-53L0A1/STM32CubeExpansion_VL53L0X_V1.2.0/Projects/Multi/Applications/VL53L0X/GestureDetect/SW4STM32) by extension 'cmake'
[0.375s] Level 1:colcon.colcon_core.package_identification:_identify(STM32/main/X-CUBE-53L0A1/STM32CubeExpansion_VL53L0X_V1.2.0/Projects/Multi/Applications/VL53L0X/GestureDetect/SW4STM32) by extension 'python'
[0.375s] Level 1:colcon.colcon_core.package_identification:_identify(STM32/main/X-CUBE-53L0A1/STM32CubeExpansion_VL53L0X_V1.2.0/Projects/Multi/Applications/VL53L0X/GestureDetect/SW4STM32) by extensions ['python_setup_py']
[0.375s] Level 1:colcon.colcon_core.package_identification:_identify(STM32/main/X-CUBE-53L0A1/STM32CubeExpansion_VL53L0X_V1.2.0/Projects/Multi/Applications/VL53L0X/GestureDetect/SW4STM32) by extension 'python_setup_py'
[0.375s] Level 1:colcon.colcon_core.package_identification:_identify(STM32/main/X-CUBE-53L0A1/STM32CubeExpansion_VL53L0X_V1.2.0/Projects/Multi/Applications/VL53L0X/GestureDetect/SW4STM32/STM32F401RE-Nucleo) by extensions ['ignore', 'ignore_ament_install']
[0.375s] Level 1:colcon.colcon_core.package_identification:_identify(STM32/main/X-CUBE-53L0A1/STM32CubeExpansion_VL53L0X_V1.2.0/Projects/Multi/Applications/VL53L0X/GestureDetect/SW4STM32/STM32F401RE-Nucleo) by extension 'ignore'
[0.376s] Level 1:colcon.colcon_core.package_identification:_identify(STM32/main/X-CUBE-53L0A1/STM32CubeExpansion_VL53L0X_V1.2.0/Projects/Multi/Applications/VL53L0X/GestureDetect/SW4STM32/STM32F401RE-Nucleo) by extension 'ignore_ament_install'
[0.376s] Level 1:colcon.colcon_core.package_identification:_identify(STM32/main/X-CUBE-53L0A1/STM32CubeExpansion_VL53L0X_V1.2.0/Projects/Multi/Applications/VL53L0X/GestureDetect/SW4STM32/STM32F401RE-Nucleo) by extensions ['colcon_pkg']
[0.376s] Level 1:colcon.colcon_core.package_identification:_identify(STM32/main/X-CUBE-53L0A1/STM32CubeExpansion_VL53L0X_V1.2.0/Projects/Multi/Applications/VL53L0X/GestureDetect/SW4STM32/STM32F401RE-Nucleo) by extension 'colcon_pkg'
[0.376s] Level 1:colcon.colcon_core.package_identification:_identify(STM32/main/X-CUBE-53L0A1/STM32CubeExpansion_VL53L0X_V1.2.0/Projects/Multi/Applications/VL53L0X/GestureDetect/SW4STM32/STM32F401RE-Nucleo) by extensions ['colcon_meta']
[0.376s] Level 1:colcon.colcon_core.package_identification:_identify(STM32/main/X-CUBE-53L0A1/STM32CubeExpansion_VL53L0X_V1.2.0/Projects/Multi/Applications/VL53L0X/GestureDetect/SW4STM32/STM32F401RE-Nucleo) by extension 'colcon_meta'
[0.376s] Level 1:colcon.colcon_core.package_identification:_identify(STM32/main/X-CUBE-53L0A1/STM32CubeExpansion_VL53L0X_V1.2.0/Projects/Multi/Applications/VL53L0X/GestureDetect/SW4STM32/STM32F401RE-Nucleo) by extensions ['ros']
[0.376s] Level 1:colcon.colcon_core.package_identification:_identify(STM32/main/X-CUBE-53L0A1/STM32CubeExpansion_VL53L0X_V1.2.0/Projects/Multi/Applications/VL53L0X/GestureDetect/SW4STM32/STM32F401RE-Nucleo) by extension 'ros'
[0.376s] Level 1:colcon.colcon_core.package_identification:_identify(STM32/main/X-CUBE-53L0A1/STM32CubeExpansion_VL53L0X_V1.2.0/Projects/Multi/Applications/VL53L0X/GestureDetect/SW4STM32/STM32F401RE-Nucleo) by extensions ['cmake', 'python']
[0.376s] Level 1:colcon.colcon_core.package_identification:_identify(STM32/main/X-CUBE-53L0A1/STM32CubeExpansion_VL53L0X_V1.2.0/Projects/Multi/Applications/VL53L0X/GestureDetect/SW4STM32/STM32F401RE-Nucleo) by extension 'cmake'
[0.376s] Level 1:colcon.colcon_core.package_identification:_identify(STM32/main/X-CUBE-53L0A1/STM32CubeExpansion_VL53L0X_V1.2.0/Projects/Multi/Applications/VL53L0X/GestureDetect/SW4STM32/STM32F401RE-Nucleo) by extension 'python'
[0.376s] Level 1:colcon.colcon_core.package_identification:_identify(STM32/main/X-CUBE-53L0A1/STM32CubeExpansion_VL53L0X_V1.2.0/Projects/Multi/Applications/VL53L0X/GestureDetect/SW4STM32/STM32F401RE-Nucleo) by extensions ['python_setup_py']
[0.376s] Level 1:colcon.colcon_core.package_identification:_identify(STM32/main/X-CUBE-53L0A1/STM32CubeExpansion_VL53L0X_V1.2.0/Projects/Multi/Applications/VL53L0X/GestureDetect/SW4STM32/STM32F401RE-Nucleo) by extension 'python_setup_py'
[0.376s] Level 1:colcon.colcon_core.package_identification:_identify(STM32/main/X-CUBE-53L0A1/STM32CubeExpansion_VL53L0X_V1.2.0/Projects/Multi/Applications/VL53L0X/GestureDetect/SW4STM32/STM32F401RE-Nucleo/startup) by extensions ['ignore', 'ignore_ament_install']
[0.376s] Level 1:colcon.colcon_core.package_identification:_identify(STM32/main/X-CUBE-53L0A1/STM32CubeExpansion_VL53L0X_V1.2.0/Projects/Multi/Applications/VL53L0X/GestureDetect/SW4STM32/STM32F401RE-Nucleo/startup) by extension 'ignore'
[0.376s] Level 1:colcon.colcon_core.package_identification:_identify(STM32/main/X-CUBE-53L0A1/STM32CubeExpansion_VL53L0X_V1.2.0/Projects/Multi/Applications/VL53L0X/GestureDetect/SW4STM32/STM32F401RE-Nucleo/startup) by extension 'ignore_ament_install'
[0.377s] Level 1:colcon.colcon_core.package_identification:_identify(STM32/main/X-CUBE-53L0A1/STM32CubeExpansion_VL53L0X_V1.2.0/Projects/Multi/Applications/VL53L0X/GestureDetect/SW4STM32/STM32F401RE-Nucleo/startup) by extensions ['colcon_pkg']
[0.377s] Level 1:colcon.colcon_core.package_identification:_identify(STM32/main/X-CUBE-53L0A1/STM32CubeExpansion_VL53L0X_V1.2.0/Projects/Multi/Applications/VL53L0X/GestureDetect/SW4STM32/STM32F401RE-Nucleo/startup) by extension 'colcon_pkg'
[0.377s] Level 1:colcon.colcon_core.package_identification:_identify(STM32/main/X-CUBE-53L0A1/STM32CubeExpansion_VL53L0X_V1.2.0/Projects/Multi/Applications/VL53L0X/GestureDetect/SW4STM32/STM32F401RE-Nucleo/startup) by extensions ['colcon_meta']
[0.377s] Level 1:colcon.colcon_core.package_identification:_identify(STM32/main/X-CUBE-53L0A1/STM32CubeExpansion_VL53L0X_V1.2.0/Projects/Multi/Applications/VL53L0X/GestureDetect/SW4STM32/STM32F401RE-Nucleo/startup) by extension 'colcon_meta'
[0.377s] Level 1:colcon.colcon_core.package_identification:_identify(STM32/main/X-CUBE-53L0A1/STM32CubeExpansion_VL53L0X_V1.2.0/Projects/Multi/Applications/VL53L0X/GestureDetect/SW4STM32/STM32F401RE-Nucleo/startup) by extensions ['ros']
[0.377s] Level 1:colcon.colcon_core.package_identification:_identify(STM32/main/X-CUBE-53L0A1/STM32CubeExpansion_VL53L0X_V1.2.0/Projects/Multi/Applications/VL53L0X/GestureDetect/SW4STM32/STM32F401RE-Nucleo/startup) by extension 'ros'
[0.377s] Level 1:colcon.colcon_core.package_identification:_identify(STM32/main/X-CUBE-53L0A1/STM32CubeExpansion_VL53L0X_V1.2.0/Projects/Multi/Applications/VL53L0X/GestureDetect/SW4STM32/STM32F401RE-Nucleo/startup) by extensions ['cmake', 'python']
[0.377s] Level 1:colcon.colcon_core.package_identification:_identify(STM32/main/X-CUBE-53L0A1/STM32CubeExpansion_VL53L0X_V1.2.0/Projects/Multi/Applications/VL53L0X/GestureDetect/SW4STM32/STM32F401RE-Nucleo/startup) by extension 'cmake'
[0.377s] Level 1:colcon.colcon_core.package_identification:_identify(STM32/main/X-CUBE-53L0A1/STM32CubeExpansion_VL53L0X_V1.2.0/Projects/Multi/Applications/VL53L0X/GestureDetect/SW4STM32/STM32F401RE-Nucleo/startup) by extension 'python'
[0.377s] Level 1:colcon.colcon_core.package_identification:_identify(STM32/main/X-CUBE-53L0A1/STM32CubeExpansion_VL53L0X_V1.2.0/Projects/Multi/Applications/VL53L0X/GestureDetect/SW4STM32/STM32F401RE-Nucleo/startup) by extensions ['python_setup_py']
[0.377s] Level 1:colcon.colcon_core.package_identification:_identify(STM32/main/X-CUBE-53L0A1/STM32CubeExpansion_VL53L0X_V1.2.0/Projects/Multi/Applications/VL53L0X/GestureDetect/SW4STM32/STM32F401RE-Nucleo/startup) by extension 'python_setup_py'
[0.377s] Level 1:colcon.colcon_core.package_identification:_identify(STM32/main/X-CUBE-53L0A1/STM32CubeExpansion_VL53L0X_V1.2.0/Projects/Multi/Applications/VL53L0X/GestureDetect/SW4STM32/STM32L476RG-Nucleo) by extensions ['ignore', 'ignore_ament_install']
[0.377s] Level 1:colcon.colcon_core.package_identification:_identify(STM32/main/X-CUBE-53L0A1/STM32CubeExpansion_VL53L0X_V1.2.0/Projects/Multi/Applications/VL53L0X/GestureDetect/SW4STM32/STM32L476RG-Nucleo) by extension 'ignore'
[0.377s] Level 1:colcon.colcon_core.package_identification:_identify(STM32/main/X-CUBE-53L0A1/STM32CubeExpansion_VL53L0X_V1.2.0/Projects/Multi/Applications/VL53L0X/GestureDetect/SW4STM32/STM32L476RG-Nucleo) by extension 'ignore_ament_install'
[0.378s] Level 1:colcon.colcon_core.package_identification:_identify(STM32/main/X-CUBE-53L0A1/STM32CubeExpansion_VL53L0X_V1.2.0/Projects/Multi/Applications/VL53L0X/GestureDetect/SW4STM32/STM32L476RG-Nucleo) by extensions ['colcon_pkg']
[0.378s] Level 1:colcon.colcon_core.package_identification:_identify(STM32/main/X-CUBE-53L0A1/STM32CubeExpansion_VL53L0X_V1.2.0/Projects/Multi/Applications/VL53L0X/GestureDetect/SW4STM32/STM32L476RG-Nucleo) by extension 'colcon_pkg'
[0.378s] Level 1:colcon.colcon_core.package_identification:_identify(STM32/main/X-CUBE-53L0A1/STM32CubeExpansion_VL53L0X_V1.2.0/Projects/Multi/Applications/VL53L0X/GestureDetect/SW4STM32/STM32L476RG-Nucleo) by extensions ['colcon_meta']
[0.378s] Level 1:colcon.colcon_core.package_identification:_identify(STM32/main/X-CUBE-53L0A1/STM32CubeExpansion_VL53L0X_V1.2.0/Projects/Multi/Applications/VL53L0X/GestureDetect/SW4STM32/STM32L476RG-Nucleo) by extension 'colcon_meta'
[0.378s] Level 1:colcon.colcon_core.package_identification:_identify(STM32/main/X-CUBE-53L0A1/STM32CubeExpansion_VL53L0X_V1.2.0/Projects/Multi/Applications/VL53L0X/GestureDetect/SW4STM32/STM32L476RG-Nucleo) by extensions ['ros']
[0.378s] Level 1:colcon.colcon_core.package_identification:_identify(STM32/main/X-CUBE-53L0A1/STM32CubeExpansion_VL53L0X_V1.2.0/Projects/Multi/Applications/VL53L0X/GestureDetect/SW4STM32/STM32L476RG-Nucleo) by extension 'ros'
[0.378s] Level 1:colcon.colcon_core.package_identification:_identify(STM32/main/X-CUBE-53L0A1/STM32CubeExpansion_VL53L0X_V1.2.0/Projects/Multi/Applications/VL53L0X/GestureDetect/SW4STM32/STM32L476RG-Nucleo) by extensions ['cmake', 'python']
[0.378s] Level 1:colcon.colcon_core.package_identification:_identify(STM32/main/X-CUBE-53L0A1/STM32CubeExpansion_VL53L0X_V1.2.0/Projects/Multi/Applications/VL53L0X/GestureDetect/SW4STM32/STM32L476RG-Nucleo) by extension 'cmake'
[0.378s] Level 1:colcon.colcon_core.package_identification:_identify(STM32/main/X-CUBE-53L0A1/STM32CubeExpansion_VL53L0X_V1.2.0/Projects/Multi/Applications/VL53L0X/GestureDetect/SW4STM32/STM32L476RG-Nucleo) by extension 'python'
[0.378s] Level 1:colcon.colcon_core.package_identification:_identify(STM32/main/X-CUBE-53L0A1/STM32CubeExpansion_VL53L0X_V1.2.0/Projects/Multi/Applications/VL53L0X/GestureDetect/SW4STM32/STM32L476RG-Nucleo) by extensions ['python_setup_py']
[0.378s] Level 1:colcon.colcon_core.package_identification:_identify(STM32/main/X-CUBE-53L0A1/STM32CubeExpansion_VL53L0X_V1.2.0/Projects/Multi/Applications/VL53L0X/GestureDetect/SW4STM32/STM32L476RG-Nucleo) by extension 'python_setup_py'
[0.378s] Level 1:colcon.colcon_core.package_identification:_identify(STM32/main/X-CUBE-53L0A1/STM32CubeExpansion_VL53L0X_V1.2.0/Projects/Multi/Applications/VL53L0X/GestureDetect/Src) by extensions ['ignore', 'ignore_ament_install']
[0.378s] Level 1:colcon.colcon_core.package_identification:_identify(STM32/main/X-CUBE-53L0A1/STM32CubeExpansion_VL53L0X_V1.2.0/Projects/Multi/Applications/VL53L0X/GestureDetect/Src) by extension 'ignore'
[0.378s] Level 1:colcon.colcon_core.package_identification:_identify(STM32/main/X-CUBE-53L0A1/STM32CubeExpansion_VL53L0X_V1.2.0/Projects/Multi/Applications/VL53L0X/GestureDetect/Src) by extension 'ignore_ament_install'
[0.379s] Level 1:colcon.colcon_core.package_identification:_identify(STM32/main/X-CUBE-53L0A1/STM32CubeExpansion_VL53L0X_V1.2.0/Projects/Multi/Applications/VL53L0X/GestureDetect/Src) by extensions ['colcon_pkg']
[0.379s] Level 1:colcon.colcon_core.package_identification:_identify(STM32/main/X-CUBE-53L0A1/STM32CubeExpansion_VL53L0X_V1.2.0/Projects/Multi/Applications/VL53L0X/GestureDetect/Src) by extension 'colcon_pkg'
[0.379s] Level 1:colcon.colcon_core.package_identification:_identify(STM32/main/X-CUBE-53L0A1/STM32CubeExpansion_VL53L0X_V1.2.0/Projects/Multi/Applications/VL53L0X/GestureDetect/Src) by extensions ['colcon_meta']
[0.379s] Level 1:colcon.colcon_core.package_identification:_identify(STM32/main/X-CUBE-53L0A1/STM32CubeExpansion_VL53L0X_V1.2.0/Projects/Multi/Applications/VL53L0X/GestureDetect/Src) by extension 'colcon_meta'
[0.379s] Level 1:colcon.colcon_core.package_identification:_identify(STM32/main/X-CUBE-53L0A1/STM32CubeExpansion_VL53L0X_V1.2.0/Projects/Multi/Applications/VL53L0X/GestureDetect/Src) by extensions ['ros']
[0.379s] Level 1:colcon.colcon_core.package_identification:_identify(STM32/main/X-CUBE-53L0A1/STM32CubeExpansion_VL53L0X_V1.2.0/Projects/Multi/Applications/VL53L0X/GestureDetect/Src) by extension 'ros'
[0.379s] Level 1:colcon.colcon_core.package_identification:_identify(STM32/main/X-CUBE-53L0A1/STM32CubeExpansion_VL53L0X_V1.2.0/Projects/Multi/Applications/VL53L0X/GestureDetect/Src) by extensions ['cmake', 'python']
[0.379s] Level 1:colcon.colcon_core.package_identification:_identify(STM32/main/X-CUBE-53L0A1/STM32CubeExpansion_VL53L0X_V1.2.0/Projects/Multi/Applications/VL53L0X/GestureDetect/Src) by extension 'cmake'
[0.379s] Level 1:colcon.colcon_core.package_identification:_identify(STM32/main/X-CUBE-53L0A1/STM32CubeExpansion_VL53L0X_V1.2.0/Projects/Multi/Applications/VL53L0X/GestureDetect/Src) by extension 'python'
[0.379s] Level 1:colcon.colcon_core.package_identification:_identify(STM32/main/X-CUBE-53L0A1/STM32CubeExpansion_VL53L0X_V1.2.0/Projects/Multi/Applications/VL53L0X/GestureDetect/Src) by extensions ['python_setup_py']
[0.379s] Level 1:colcon.colcon_core.package_identification:_identify(STM32/main/X-CUBE-53L0A1/STM32CubeExpansion_VL53L0X_V1.2.0/Projects/Multi/Applications/VL53L0X/GestureDetect/Src) by extension 'python_setup_py'
[0.379s] Level 1:colcon.colcon_core.package_identification:_identify(STM32/main/X-CUBE-53L0A1/STM32CubeExpansion_VL53L0X_V1.2.0/Projects/Multi/Examples) by extensions ['ignore', 'ignore_ament_install']
[0.379s] Level 1:colcon.colcon_core.package_identification:_identify(STM32/main/X-CUBE-53L0A1/STM32CubeExpansion_VL53L0X_V1.2.0/Projects/Multi/Examples) by extension 'ignore'
[0.379s] Level 1:colcon.colcon_core.package_identification:_identify(STM32/main/X-CUBE-53L0A1/STM32CubeExpansion_VL53L0X_V1.2.0/Projects/Multi/Examples) by extension 'ignore_ament_install'
[0.379s] Level 1:colcon.colcon_core.package_identification:_identify(STM32/main/X-CUBE-53L0A1/STM32CubeExpansion_VL53L0X_V1.2.0/Projects/Multi/Examples) by extensions ['colcon_pkg']
[0.379s] Level 1:colcon.colcon_core.package_identification:_identify(STM32/main/X-CUBE-53L0A1/STM32CubeExpansion_VL53L0X_V1.2.0/Projects/Multi/Examples) by extension 'colcon_pkg'
[0.380s] Level 1:colcon.colcon_core.package_identification:_identify(STM32/main/X-CUBE-53L0A1/STM32CubeExpansion_VL53L0X_V1.2.0/Projects/Multi/Examples) by extensions ['colcon_meta']
[0.380s] Level 1:colcon.colcon_core.package_identification:_identify(STM32/main/X-CUBE-53L0A1/STM32CubeExpansion_VL53L0X_V1.2.0/Projects/Multi/Examples) by extension 'colcon_meta'
[0.380s] Level 1:colcon.colcon_core.package_identification:_identify(STM32/main/X-CUBE-53L0A1/STM32CubeExpansion_VL53L0X_V1.2.0/Projects/Multi/Examples) by extensions ['ros']
[0.380s] Level 1:colcon.colcon_core.package_identification:_identify(STM32/main/X-CUBE-53L0A1/STM32CubeExpansion_VL53L0X_V1.2.0/Projects/Multi/Examples) by extension 'ros'
[0.380s] Level 1:colcon.colcon_core.package_identification:_identify(STM32/main/X-CUBE-53L0A1/STM32CubeExpansion_VL53L0X_V1.2.0/Projects/Multi/Examples) by extensions ['cmake', 'python']
[0.380s] Level 1:colcon.colcon_core.package_identification:_identify(STM32/main/X-CUBE-53L0A1/STM32CubeExpansion_VL53L0X_V1.2.0/Projects/Multi/Examples) by extension 'cmake'
[0.380s] Level 1:colcon.colcon_core.package_identification:_identify(STM32/main/X-CUBE-53L0A1/STM32CubeExpansion_VL53L0X_V1.2.0/Projects/Multi/Examples) by extension 'python'
[0.380s] Level 1:colcon.colcon_core.package_identification:_identify(STM32/main/X-CUBE-53L0A1/STM32CubeExpansion_VL53L0X_V1.2.0/Projects/Multi/Examples) by extensions ['python_setup_py']
[0.380s] Level 1:colcon.colcon_core.package_identification:_identify(STM32/main/X-CUBE-53L0A1/STM32CubeExpansion_VL53L0X_V1.2.0/Projects/Multi/Examples) by extension 'python_setup_py'
[0.380s] Level 1:colcon.colcon_core.package_identification:_identify(STM32/main/X-CUBE-53L0A1/STM32CubeExpansion_VL53L0X_V1.2.0/Projects/Multi/Examples/VL53L0X) by extensions ['ignore', 'ignore_ament_install']
[0.380s] Level 1:colcon.colcon_core.package_identification:_identify(STM32/main/X-CUBE-53L0A1/STM32CubeExpansion_VL53L0X_V1.2.0/Projects/Multi/Examples/VL53L0X) by extension 'ignore'
[0.380s] Level 1:colcon.colcon_core.package_identification:_identify(STM32/main/X-CUBE-53L0A1/STM32CubeExpansion_VL53L0X_V1.2.0/Projects/Multi/Examples/VL53L0X) by extension 'ignore_ament_install'
[0.380s] Level 1:colcon.colcon_core.package_identification:_identify(STM32/main/X-CUBE-53L0A1/STM32CubeExpansion_VL53L0X_V1.2.0/Projects/Multi/Examples/VL53L0X) by extensions ['colcon_pkg']
[0.380s] Level 1:colcon.colcon_core.package_identification:_identify(STM32/main/X-CUBE-53L0A1/STM32CubeExpansion_VL53L0X_V1.2.0/Projects/Multi/Examples/VL53L0X) by extension 'colcon_pkg'
[0.380s] Level 1:colcon.colcon_core.package_identification:_identify(STM32/main/X-CUBE-53L0A1/STM32CubeExpansion_VL53L0X_V1.2.0/Projects/Multi/Examples/VL53L0X) by extensions ['colcon_meta']
[0.380s] Level 1:colcon.colcon_core.package_identification:_identify(STM32/main/X-CUBE-53L0A1/STM32CubeExpansion_VL53L0X_V1.2.0/Projects/Multi/Examples/VL53L0X) by extension 'colcon_meta'
[0.381s] Level 1:colcon.colcon_core.package_identification:_identify(STM32/main/X-CUBE-53L0A1/STM32CubeExpansion_VL53L0X_V1.2.0/Projects/Multi/Examples/VL53L0X) by extensions ['ros']
[0.381s] Level 1:colcon.colcon_core.package_identification:_identify(STM32/main/X-CUBE-53L0A1/STM32CubeExpansion_VL53L0X_V1.2.0/Projects/Multi/Examples/VL53L0X) by extension 'ros'
[0.381s] Level 1:colcon.colcon_core.package_identification:_identify(STM32/main/X-CUBE-53L0A1/STM32CubeExpansion_VL53L0X_V1.2.0/Projects/Multi/Examples/VL53L0X) by extensions ['cmake', 'python']
[0.381s] Level 1:colcon.colcon_core.package_identification:_identify(STM32/main/X-CUBE-53L0A1/STM32CubeExpansion_VL53L0X_V1.2.0/Projects/Multi/Examples/VL53L0X) by extension 'cmake'
[0.381s] Level 1:colcon.colcon_core.package_identification:_identify(STM32/main/X-CUBE-53L0A1/STM32CubeExpansion_VL53L0X_V1.2.0/Projects/Multi/Examples/VL53L0X) by extension 'python'
[0.381s] Level 1:colcon.colcon_core.package_identification:_identify(STM32/main/X-CUBE-53L0A1/STM32CubeExpansion_VL53L0X_V1.2.0/Projects/Multi/Examples/VL53L0X) by extensions ['python_setup_py']
[0.381s] Level 1:colcon.colcon_core.package_identification:_identify(STM32/main/X-CUBE-53L0A1/STM32CubeExpansion_VL53L0X_V1.2.0/Projects/Multi/Examples/VL53L0X) by extension 'python_setup_py'
[0.381s] Level 1:colcon.colcon_core.package_identification:_identify(STM32/main/X-CUBE-53L0A1/STM32CubeExpansion_VL53L0X_V1.2.0/Projects/Multi/Examples/VL53L0X/RangingWithSatellites) by extensions ['ignore', 'ignore_ament_install']
[0.381s] Level 1:colcon.colcon_core.package_identification:_identify(STM32/main/X-CUBE-53L0A1/STM32CubeExpansion_VL53L0X_V1.2.0/Projects/Multi/Examples/VL53L0X/RangingWithSatellites) by extension 'ignore'
[0.381s] Level 1:colcon.colcon_core.package_identification:_identify(STM32/main/X-CUBE-53L0A1/STM32CubeExpansion_VL53L0X_V1.2.0/Projects/Multi/Examples/VL53L0X/RangingWithSatellites) by extension 'ignore_ament_install'
[0.381s] Level 1:colcon.colcon_core.package_identification:_identify(STM32/main/X-CUBE-53L0A1/STM32CubeExpansion_VL53L0X_V1.2.0/Projects/Multi/Examples/VL53L0X/RangingWithSatellites) by extensions ['colcon_pkg']
[0.381s] Level 1:colcon.colcon_core.package_identification:_identify(STM32/main/X-CUBE-53L0A1/STM32CubeExpansion_VL53L0X_V1.2.0/Projects/Multi/Examples/VL53L0X/RangingWithSatellites) by extension 'colcon_pkg'
[0.381s] Level 1:colcon.colcon_core.package_identification:_identify(STM32/main/X-CUBE-53L0A1/STM32CubeExpansion_VL53L0X_V1.2.0/Projects/Multi/Examples/VL53L0X/RangingWithSatellites) by extensions ['colcon_meta']
[0.381s] Level 1:colcon.colcon_core.package_identification:_identify(STM32/main/X-CUBE-53L0A1/STM32CubeExpansion_VL53L0X_V1.2.0/Projects/Multi/Examples/VL53L0X/RangingWithSatellites) by extension 'colcon_meta'
[0.381s] Level 1:colcon.colcon_core.package_identification:_identify(STM32/main/X-CUBE-53L0A1/STM32CubeExpansion_VL53L0X_V1.2.0/Projects/Multi/Examples/VL53L0X/RangingWithSatellites) by extensions ['ros']
[0.382s] Level 1:colcon.colcon_core.package_identification:_identify(STM32/main/X-CUBE-53L0A1/STM32CubeExpansion_VL53L0X_V1.2.0/Projects/Multi/Examples/VL53L0X/RangingWithSatellites) by extension 'ros'
[0.382s] Level 1:colcon.colcon_core.package_identification:_identify(STM32/main/X-CUBE-53L0A1/STM32CubeExpansion_VL53L0X_V1.2.0/Projects/Multi/Examples/VL53L0X/RangingWithSatellites) by extensions ['cmake', 'python']
[0.382s] Level 1:colcon.colcon_core.package_identification:_identify(STM32/main/X-CUBE-53L0A1/STM32CubeExpansion_VL53L0X_V1.2.0/Projects/Multi/Examples/VL53L0X/RangingWithSatellites) by extension 'cmake'
[0.382s] Level 1:colcon.colcon_core.package_identification:_identify(STM32/main/X-CUBE-53L0A1/STM32CubeExpansion_VL53L0X_V1.2.0/Projects/Multi/Examples/VL53L0X/RangingWithSatellites) by extension 'python'
[0.382s] Level 1:colcon.colcon_core.package_identification:_identify(STM32/main/X-CUBE-53L0A1/STM32CubeExpansion_VL53L0X_V1.2.0/Projects/Multi/Examples/VL53L0X/RangingWithSatellites) by extensions ['python_setup_py']
[0.382s] Level 1:colcon.colcon_core.package_identification:_identify(STM32/main/X-CUBE-53L0A1/STM32CubeExpansion_VL53L0X_V1.2.0/Projects/Multi/Examples/VL53L0X/RangingWithSatellites) by extension 'python_setup_py'
[0.382s] Level 1:colcon.colcon_core.package_identification:_identify(STM32/main/X-CUBE-53L0A1/STM32CubeExpansion_VL53L0X_V1.2.0/Projects/Multi/Examples/VL53L0X/RangingWithSatellites/Binary) by extensions ['ignore', 'ignore_ament_install']
[0.382s] Level 1:colcon.colcon_core.package_identification:_identify(STM32/main/X-CUBE-53L0A1/STM32CubeExpansion_VL53L0X_V1.2.0/Projects/Multi/Examples/VL53L0X/RangingWithSatellites/Binary) by extension 'ignore'
[0.382s] Level 1:colcon.colcon_core.package_identification:_identify(STM32/main/X-CUBE-53L0A1/STM32CubeExpansion_VL53L0X_V1.2.0/Projects/Multi/Examples/VL53L0X/RangingWithSatellites/Binary) by extension 'ignore_ament_install'
[0.382s] Level 1:colcon.colcon_core.package_identification:_identify(STM32/main/X-CUBE-53L0A1/STM32CubeExpansion_VL53L0X_V1.2.0/Projects/Multi/Examples/VL53L0X/RangingWithSatellites/Binary) by extensions ['colcon_pkg']
[0.382s] Level 1:colcon.colcon_core.package_identification:_identify(STM32/main/X-CUBE-53L0A1/STM32CubeExpansion_VL53L0X_V1.2.0/Projects/Multi/Examples/VL53L0X/RangingWithSatellites/Binary) by extension 'colcon_pkg'
[0.382s] Level 1:colcon.colcon_core.package_identification:_identify(STM32/main/X-CUBE-53L0A1/STM32CubeExpansion_VL53L0X_V1.2.0/Projects/Multi/Examples/VL53L0X/RangingWithSatellites/Binary) by extensions ['colcon_meta']
[0.382s] Level 1:colcon.colcon_core.package_identification:_identify(STM32/main/X-CUBE-53L0A1/STM32CubeExpansion_VL53L0X_V1.2.0/Projects/Multi/Examples/VL53L0X/RangingWithSatellites/Binary) by extension 'colcon_meta'
[0.382s] Level 1:colcon.colcon_core.package_identification:_identify(STM32/main/X-CUBE-53L0A1/STM32CubeExpansion_VL53L0X_V1.2.0/Projects/Multi/Examples/VL53L0X/RangingWithSatellites/Binary) by extensions ['ros']
[0.382s] Level 1:colcon.colcon_core.package_identification:_identify(STM32/main/X-CUBE-53L0A1/STM32CubeExpansion_VL53L0X_V1.2.0/Projects/Multi/Examples/VL53L0X/RangingWithSatellites/Binary) by extension 'ros'
[0.383s] Level 1:colcon.colcon_core.package_identification:_identify(STM32/main/X-CUBE-53L0A1/STM32CubeExpansion_VL53L0X_V1.2.0/Projects/Multi/Examples/VL53L0X/RangingWithSatellites/Binary) by extensions ['cmake', 'python']
[0.383s] Level 1:colcon.colcon_core.package_identification:_identify(STM32/main/X-CUBE-53L0A1/STM32CubeExpansion_VL53L0X_V1.2.0/Projects/Multi/Examples/VL53L0X/RangingWithSatellites/Binary) by extension 'cmake'
[0.383s] Level 1:colcon.colcon_core.package_identification:_identify(STM32/main/X-CUBE-53L0A1/STM32CubeExpansion_VL53L0X_V1.2.0/Projects/Multi/Examples/VL53L0X/RangingWithSatellites/Binary) by extension 'python'
[0.383s] Level 1:colcon.colcon_core.package_identification:_identify(STM32/main/X-CUBE-53L0A1/STM32CubeExpansion_VL53L0X_V1.2.0/Projects/Multi/Examples/VL53L0X/RangingWithSatellites/Binary) by extensions ['python_setup_py']
[0.383s] Level 1:colcon.colcon_core.package_identification:_identify(STM32/main/X-CUBE-53L0A1/STM32CubeExpansion_VL53L0X_V1.2.0/Projects/Multi/Examples/VL53L0X/RangingWithSatellites/Binary) by extension 'python_setup_py'
[0.383s] Level 1:colcon.colcon_core.package_identification:_identify(STM32/main/X-CUBE-53L0A1/STM32CubeExpansion_VL53L0X_V1.2.0/Projects/Multi/Examples/VL53L0X/RangingWithSatellites/EWARM) by extensions ['ignore', 'ignore_ament_install']
[0.383s] Level 1:colcon.colcon_core.package_identification:_identify(STM32/main/X-CUBE-53L0A1/STM32CubeExpansion_VL53L0X_V1.2.0/Projects/Multi/Examples/VL53L0X/RangingWithSatellites/EWARM) by extension 'ignore'
[0.383s] Level 1:colcon.colcon_core.package_identification:_identify(STM32/main/X-CUBE-53L0A1/STM32CubeExpansion_VL53L0X_V1.2.0/Projects/Multi/Examples/VL53L0X/RangingWithSatellites/EWARM) by extension 'ignore_ament_install'
[0.383s] Level 1:colcon.colcon_core.package_identification:_identify(STM32/main/X-CUBE-53L0A1/STM32CubeExpansion_VL53L0X_V1.2.0/Projects/Multi/Examples/VL53L0X/RangingWithSatellites/EWARM) by extensions ['colcon_pkg']
[0.383s] Level 1:colcon.colcon_core.package_identification:_identify(STM32/main/X-CUBE-53L0A1/STM32CubeExpansion_VL53L0X_V1.2.0/Projects/Multi/Examples/VL53L0X/RangingWithSatellites/EWARM) by extension 'colcon_pkg'
[0.383s] Level 1:colcon.colcon_core.package_identification:_identify(STM32/main/X-CUBE-53L0A1/STM32CubeExpansion_VL53L0X_V1.2.0/Projects/Multi/Examples/VL53L0X/RangingWithSatellites/EWARM) by extensions ['colcon_meta']
[0.383s] Level 1:colcon.colcon_core.package_identification:_identify(STM32/main/X-CUBE-53L0A1/STM32CubeExpansion_VL53L0X_V1.2.0/Projects/Multi/Examples/VL53L0X/RangingWithSatellites/EWARM) by extension 'colcon_meta'
[0.383s] Level 1:colcon.colcon_core.package_identification:_identify(STM32/main/X-CUBE-53L0A1/STM32CubeExpansion_VL53L0X_V1.2.0/Projects/Multi/Examples/VL53L0X/RangingWithSatellites/EWARM) by extensions ['ros']
[0.383s] Level 1:colcon.colcon_core.package_identification:_identify(STM32/main/X-CUBE-53L0A1/STM32CubeExpansion_VL53L0X_V1.2.0/Projects/Multi/Examples/VL53L0X/RangingWithSatellites/EWARM) by extension 'ros'
[0.384s] Level 1:colcon.colcon_core.package_identification:_identify(STM32/main/X-CUBE-53L0A1/STM32CubeExpansion_VL53L0X_V1.2.0/Projects/Multi/Examples/VL53L0X/RangingWithSatellites/EWARM) by extensions ['cmake', 'python']
[0.384s] Level 1:colcon.colcon_core.package_identification:_identify(STM32/main/X-CUBE-53L0A1/STM32CubeExpansion_VL53L0X_V1.2.0/Projects/Multi/Examples/VL53L0X/RangingWithSatellites/EWARM) by extension 'cmake'
[0.384s] Level 1:colcon.colcon_core.package_identification:_identify(STM32/main/X-CUBE-53L0A1/STM32CubeExpansion_VL53L0X_V1.2.0/Projects/Multi/Examples/VL53L0X/RangingWithSatellites/EWARM) by extension 'python'
[0.384s] Level 1:colcon.colcon_core.package_identification:_identify(STM32/main/X-CUBE-53L0A1/STM32CubeExpansion_VL53L0X_V1.2.0/Projects/Multi/Examples/VL53L0X/RangingWithSatellites/EWARM) by extensions ['python_setup_py']
[0.384s] Level 1:colcon.colcon_core.package_identification:_identify(STM32/main/X-CUBE-53L0A1/STM32CubeExpansion_VL53L0X_V1.2.0/Projects/Multi/Examples/VL53L0X/RangingWithSatellites/EWARM) by extension 'python_setup_py'
[0.384s] Level 1:colcon.colcon_core.package_identification:_identify(STM32/main/X-CUBE-53L0A1/STM32CubeExpansion_VL53L0X_V1.2.0/Projects/Multi/Examples/VL53L0X/RangingWithSatellites/EWARM/STM32F401RE-Nucleo) by extensions ['ignore', 'ignore_ament_install']
[0.384s] Level 1:colcon.colcon_core.package_identification:_identify(STM32/main/X-CUBE-53L0A1/STM32CubeExpansion_VL53L0X_V1.2.0/Projects/Multi/Examples/VL53L0X/RangingWithSatellites/EWARM/STM32F401RE-Nucleo) by extension 'ignore'
[0.384s] Level 1:colcon.colcon_core.package_identification:_identify(STM32/main/X-CUBE-53L0A1/STM32CubeExpansion_VL53L0X_V1.2.0/Projects/Multi/Examples/VL53L0X/RangingWithSatellites/EWARM/STM32F401RE-Nucleo) by extension 'ignore_ament_install'
[0.384s] Level 1:colcon.colcon_core.package_identification:_identify(STM32/main/X-CUBE-53L0A1/STM32CubeExpansion_VL53L0X_V1.2.0/Projects/Multi/Examples/VL53L0X/RangingWithSatellites/EWARM/STM32F401RE-Nucleo) by extensions ['colcon_pkg']
[0.384s] Level 1:colcon.colcon_core.package_identification:_identify(STM32/main/X-CUBE-53L0A1/STM32CubeExpansion_VL53L0X_V1.2.0/Projects/Multi/Examples/VL53L0X/RangingWithSatellites/EWARM/STM32F401RE-Nucleo) by extension 'colcon_pkg'
[0.384s] Level 1:colcon.colcon_core.package_identification:_identify(STM32/main/X-CUBE-53L0A1/STM32CubeExpansion_VL53L0X_V1.2.0/Projects/Multi/Examples/VL53L0X/RangingWithSatellites/EWARM/STM32F401RE-Nucleo) by extensions ['colcon_meta']
[0.384s] Level 1:colcon.colcon_core.package_identification:_identify(STM32/main/X-CUBE-53L0A1/STM32CubeExpansion_VL53L0X_V1.2.0/Projects/Multi/Examples/VL53L0X/RangingWithSatellites/EWARM/STM32F401RE-Nucleo) by extension 'colcon_meta'
[0.384s] Level 1:colcon.colcon_core.package_identification:_identify(STM32/main/X-CUBE-53L0A1/STM32CubeExpansion_VL53L0X_V1.2.0/Projects/Multi/Examples/VL53L0X/RangingWithSatellites/EWARM/STM32F401RE-Nucleo) by extensions ['ros']
[0.384s] Level 1:colcon.colcon_core.package_identification:_identify(STM32/main/X-CUBE-53L0A1/STM32CubeExpansion_VL53L0X_V1.2.0/Projects/Multi/Examples/VL53L0X/RangingWithSatellites/EWARM/STM32F401RE-Nucleo) by extension 'ros'
[0.384s] Level 1:colcon.colcon_core.package_identification:_identify(STM32/main/X-CUBE-53L0A1/STM32CubeExpansion_VL53L0X_V1.2.0/Projects/Multi/Examples/VL53L0X/RangingWithSatellites/EWARM/STM32F401RE-Nucleo) by extensions ['cmake', 'python']
[0.385s] Level 1:colcon.colcon_core.package_identification:_identify(STM32/main/X-CUBE-53L0A1/STM32CubeExpansion_VL53L0X_V1.2.0/Projects/Multi/Examples/VL53L0X/RangingWithSatellites/EWARM/STM32F401RE-Nucleo) by extension 'cmake'
[0.385s] Level 1:colcon.colcon_core.package_identification:_identify(STM32/main/X-CUBE-53L0A1/STM32CubeExpansion_VL53L0X_V1.2.0/Projects/Multi/Examples/VL53L0X/RangingWithSatellites/EWARM/STM32F401RE-Nucleo) by extension 'python'
[0.385s] Level 1:colcon.colcon_core.package_identification:_identify(STM32/main/X-CUBE-53L0A1/STM32CubeExpansion_VL53L0X_V1.2.0/Projects/Multi/Examples/VL53L0X/RangingWithSatellites/EWARM/STM32F401RE-Nucleo) by extensions ['python_setup_py']
[0.385s] Level 1:colcon.colcon_core.package_identification:_identify(STM32/main/X-CUBE-53L0A1/STM32CubeExpansion_VL53L0X_V1.2.0/Projects/Multi/Examples/VL53L0X/RangingWithSatellites/EWARM/STM32F401RE-Nucleo) by extension 'python_setup_py'
[0.385s] Level 1:colcon.colcon_core.package_identification:_identify(STM32/main/X-CUBE-53L0A1/STM32CubeExpansion_VL53L0X_V1.2.0/Projects/Multi/Examples/VL53L0X/RangingWithSatellites/EWARM/STM32L476RG-Nucleo) by extensions ['ignore', 'ignore_ament_install']
[0.385s] Level 1:colcon.colcon_core.package_identification:_identify(STM32/main/X-CUBE-53L0A1/STM32CubeExpansion_VL53L0X_V1.2.0/Projects/Multi/Examples/VL53L0X/RangingWithSatellites/EWARM/STM32L476RG-Nucleo) by extension 'ignore'
[0.385s] Level 1:colcon.colcon_core.package_identification:_identify(STM32/main/X-CUBE-53L0A1/STM32CubeExpansion_VL53L0X_V1.2.0/Projects/Multi/Examples/VL53L0X/RangingWithSatellites/EWARM/STM32L476RG-Nucleo) by extension 'ignore_ament_install'
[0.385s] Level 1:colcon.colcon_core.package_identification:_identify(STM32/main/X-CUBE-53L0A1/STM32CubeExpansion_VL53L0X_V1.2.0/Projects/Multi/Examples/VL53L0X/RangingWithSatellites/EWARM/STM32L476RG-Nucleo) by extensions ['colcon_pkg']
[0.385s] Level 1:colcon.colcon_core.package_identification:_identify(STM32/main/X-CUBE-53L0A1/STM32CubeExpansion_VL53L0X_V1.2.0/Projects/Multi/Examples/VL53L0X/RangingWithSatellites/EWARM/STM32L476RG-Nucleo) by extension 'colcon_pkg'
[0.385s] Level 1:colcon.colcon_core.package_identification:_identify(STM32/main/X-CUBE-53L0A1/STM32CubeExpansion_VL53L0X_V1.2.0/Projects/Multi/Examples/VL53L0X/RangingWithSatellites/EWARM/STM32L476RG-Nucleo) by extensions ['colcon_meta']
[0.385s] Level 1:colcon.colcon_core.package_identification:_identify(STM32/main/X-CUBE-53L0A1/STM32CubeExpansion_VL53L0X_V1.2.0/Projects/Multi/Examples/VL53L0X/RangingWithSatellites/EWARM/STM32L476RG-Nucleo) by extension 'colcon_meta'
[0.385s] Level 1:colcon.colcon_core.package_identification:_identify(STM32/main/X-CUBE-53L0A1/STM32CubeExpansion_VL53L0X_V1.2.0/Projects/Multi/Examples/VL53L0X/RangingWithSatellites/EWARM/STM32L476RG-Nucleo) by extensions ['ros']
[0.385s] Level 1:colcon.colcon_core.package_identification:_identify(STM32/main/X-CUBE-53L0A1/STM32CubeExpansion_VL53L0X_V1.2.0/Projects/Multi/Examples/VL53L0X/RangingWithSatellites/EWARM/STM32L476RG-Nucleo) by extension 'ros'
[0.386s] Level 1:colcon.colcon_core.package_identification:_identify(STM32/main/X-CUBE-53L0A1/STM32CubeExpansion_VL53L0X_V1.2.0/Projects/Multi/Examples/VL53L0X/RangingWithSatellites/EWARM/STM32L476RG-Nucleo) by extensions ['cmake', 'python']
[0.386s] Level 1:colcon.colcon_core.package_identification:_identify(STM32/main/X-CUBE-53L0A1/STM32CubeExpansion_VL53L0X_V1.2.0/Projects/Multi/Examples/VL53L0X/RangingWithSatellites/EWARM/STM32L476RG-Nucleo) by extension 'cmake'
[0.386s] Level 1:colcon.colcon_core.package_identification:_identify(STM32/main/X-CUBE-53L0A1/STM32CubeExpansion_VL53L0X_V1.2.0/Projects/Multi/Examples/VL53L0X/RangingWithSatellites/EWARM/STM32L476RG-Nucleo) by extension 'python'
[0.386s] Level 1:colcon.colcon_core.package_identification:_identify(STM32/main/X-CUBE-53L0A1/STM32CubeExpansion_VL53L0X_V1.2.0/Projects/Multi/Examples/VL53L0X/RangingWithSatellites/EWARM/STM32L476RG-Nucleo) by extensions ['python_setup_py']
[0.386s] Level 1:colcon.colcon_core.package_identification:_identify(STM32/main/X-CUBE-53L0A1/STM32CubeExpansion_VL53L0X_V1.2.0/Projects/Multi/Examples/VL53L0X/RangingWithSatellites/EWARM/STM32L476RG-Nucleo) by extension 'python_setup_py'
[0.386s] Level 1:colcon.colcon_core.package_identification:_identify(STM32/main/X-CUBE-53L0A1/STM32CubeExpansion_VL53L0X_V1.2.0/Projects/Multi/Examples/VL53L0X/RangingWithSatellites/Inc) by extensions ['ignore', 'ignore_ament_install']
[0.386s] Level 1:colcon.colcon_core.package_identification:_identify(STM32/main/X-CUBE-53L0A1/STM32CubeExpansion_VL53L0X_V1.2.0/Projects/Multi/Examples/VL53L0X/RangingWithSatellites/Inc) by extension 'ignore'
[0.386s] Level 1:colcon.colcon_core.package_identification:_identify(STM32/main/X-CUBE-53L0A1/STM32CubeExpansion_VL53L0X_V1.2.0/Projects/Multi/Examples/VL53L0X/RangingWithSatellites/Inc) by extension 'ignore_ament_install'
[0.386s] Level 1:colcon.colcon_core.package_identification:_identify(STM32/main/X-CUBE-53L0A1/STM32CubeExpansion_VL53L0X_V1.2.0/Projects/Multi/Examples/VL53L0X/RangingWithSatellites/Inc) by extensions ['colcon_pkg']
[0.386s] Level 1:colcon.colcon_core.package_identification:_identify(STM32/main/X-CUBE-53L0A1/STM32CubeExpansion_VL53L0X_V1.2.0/Projects/Multi/Examples/VL53L0X/RangingWithSatellites/Inc) by extension 'colcon_pkg'
[0.386s] Level 1:colcon.colcon_core.package_identification:_identify(STM32/main/X-CUBE-53L0A1/STM32CubeExpansion_VL53L0X_V1.2.0/Projects/Multi/Examples/VL53L0X/RangingWithSatellites/Inc) by extensions ['colcon_meta']
[0.386s] Level 1:colcon.colcon_core.package_identification:_identify(STM32/main/X-CUBE-53L0A1/STM32CubeExpansion_VL53L0X_V1.2.0/Projects/Multi/Examples/VL53L0X/RangingWithSatellites/Inc) by extension 'colcon_meta'
[0.386s] Level 1:colcon.colcon_core.package_identification:_identify(STM32/main/X-CUBE-53L0A1/STM32CubeExpansion_VL53L0X_V1.2.0/Projects/Multi/Examples/VL53L0X/RangingWithSatellites/Inc) by extensions ['ros']
[0.386s] Level 1:colcon.colcon_core.package_identification:_identify(STM32/main/X-CUBE-53L0A1/STM32CubeExpansion_VL53L0X_V1.2.0/Projects/Multi/Examples/VL53L0X/RangingWithSatellites/Inc) by extension 'ros'
[0.386s] Level 1:colcon.colcon_core.package_identification:_identify(STM32/main/X-CUBE-53L0A1/STM32CubeExpansion_VL53L0X_V1.2.0/Projects/Multi/Examples/VL53L0X/RangingWithSatellites/Inc) by extensions ['cmake', 'python']
[0.386s] Level 1:colcon.colcon_core.package_identification:_identify(STM32/main/X-CUBE-53L0A1/STM32CubeExpansion_VL53L0X_V1.2.0/Projects/Multi/Examples/VL53L0X/RangingWithSatellites/Inc) by extension 'cmake'
[0.387s] Level 1:colcon.colcon_core.package_identification:_identify(STM32/main/X-CUBE-53L0A1/STM32CubeExpansion_VL53L0X_V1.2.0/Projects/Multi/Examples/VL53L0X/RangingWithSatellites/Inc) by extension 'python'
[0.387s] Level 1:colcon.colcon_core.package_identification:_identify(STM32/main/X-CUBE-53L0A1/STM32CubeExpansion_VL53L0X_V1.2.0/Projects/Multi/Examples/VL53L0X/RangingWithSatellites/Inc) by extensions ['python_setup_py']
[0.387s] Level 1:colcon.colcon_core.package_identification:_identify(STM32/main/X-CUBE-53L0A1/STM32CubeExpansion_VL53L0X_V1.2.0/Projects/Multi/Examples/VL53L0X/RangingWithSatellites/Inc) by extension 'python_setup_py'
[0.387s] Level 1:colcon.colcon_core.package_identification:_identify(STM32/main/X-CUBE-53L0A1/STM32CubeExpansion_VL53L0X_V1.2.0/Projects/Multi/Examples/VL53L0X/RangingWithSatellites/MDK-ARM) by extensions ['ignore', 'ignore_ament_install']
[0.387s] Level 1:colcon.colcon_core.package_identification:_identify(STM32/main/X-CUBE-53L0A1/STM32CubeExpansion_VL53L0X_V1.2.0/Projects/Multi/Examples/VL53L0X/RangingWithSatellites/MDK-ARM) by extension 'ignore'
[0.387s] Level 1:colcon.colcon_core.package_identification:_identify(STM32/main/X-CUBE-53L0A1/STM32CubeExpansion_VL53L0X_V1.2.0/Projects/Multi/Examples/VL53L0X/RangingWithSatellites/MDK-ARM) by extension 'ignore_ament_install'
[0.387s] Level 1:colcon.colcon_core.package_identification:_identify(STM32/main/X-CUBE-53L0A1/STM32CubeExpansion_VL53L0X_V1.2.0/Projects/Multi/Examples/VL53L0X/RangingWithSatellites/MDK-ARM) by extensions ['colcon_pkg']
[0.387s] Level 1:colcon.colcon_core.package_identification:_identify(STM32/main/X-CUBE-53L0A1/STM32CubeExpansion_VL53L0X_V1.2.0/Projects/Multi/Examples/VL53L0X/RangingWithSatellites/MDK-ARM) by extension 'colcon_pkg'
[0.387s] Level 1:colcon.colcon_core.package_identification:_identify(STM32/main/X-CUBE-53L0A1/STM32CubeExpansion_VL53L0X_V1.2.0/Projects/Multi/Examples/VL53L0X/RangingWithSatellites/MDK-ARM) by extensions ['colcon_meta']
[0.387s] Level 1:colcon.colcon_core.package_identification:_identify(STM32/main/X-CUBE-53L0A1/STM32CubeExpansion_VL53L0X_V1.2.0/Projects/Multi/Examples/VL53L0X/RangingWithSatellites/MDK-ARM) by extension 'colcon_meta'
[0.387s] Level 1:colcon.colcon_core.package_identification:_identify(STM32/main/X-CUBE-53L0A1/STM32CubeExpansion_VL53L0X_V1.2.0/Projects/Multi/Examples/VL53L0X/RangingWithSatellites/MDK-ARM) by extensions ['ros']
[0.387s] Level 1:colcon.colcon_core.package_identification:_identify(STM32/main/X-CUBE-53L0A1/STM32CubeExpansion_VL53L0X_V1.2.0/Projects/Multi/Examples/VL53L0X/RangingWithSatellites/MDK-ARM) by extension 'ros'
[0.387s] Level 1:colcon.colcon_core.package_identification:_identify(STM32/main/X-CUBE-53L0A1/STM32CubeExpansion_VL53L0X_V1.2.0/Projects/Multi/Examples/VL53L0X/RangingWithSatellites/MDK-ARM) by extensions ['cmake', 'python']
[0.387s] Level 1:colcon.colcon_core.package_identification:_identify(STM32/main/X-CUBE-53L0A1/STM32CubeExpansion_VL53L0X_V1.2.0/Projects/Multi/Examples/VL53L0X/RangingWithSatellites/MDK-ARM) by extension 'cmake'
[0.388s] Level 1:colcon.colcon_core.package_identification:_identify(STM32/main/X-CUBE-53L0A1/STM32CubeExpansion_VL53L0X_V1.2.0/Projects/Multi/Examples/VL53L0X/RangingWithSatellites/MDK-ARM) by extension 'python'
[0.388s] Level 1:colcon.colcon_core.package_identification:_identify(STM32/main/X-CUBE-53L0A1/STM32CubeExpansion_VL53L0X_V1.2.0/Projects/Multi/Examples/VL53L0X/RangingWithSatellites/MDK-ARM) by extensions ['python_setup_py']
[0.388s] Level 1:colcon.colcon_core.package_identification:_identify(STM32/main/X-CUBE-53L0A1/STM32CubeExpansion_VL53L0X_V1.2.0/Projects/Multi/Examples/VL53L0X/RangingWithSatellites/MDK-ARM) by extension 'python_setup_py'
[0.388s] Level 1:colcon.colcon_core.package_identification:_identify(STM32/main/X-CUBE-53L0A1/STM32CubeExpansion_VL53L0X_V1.2.0/Projects/Multi/Examples/VL53L0X/RangingWithSatellites/MDK-ARM/STM32F401RE-Nucleo) by extensions ['ignore', 'ignore_ament_install']
[0.388s] Level 1:colcon.colcon_core.package_identification:_identify(STM32/main/X-CUBE-53L0A1/STM32CubeExpansion_VL53L0X_V1.2.0/Projects/Multi/Examples/VL53L0X/RangingWithSatellites/MDK-ARM/STM32F401RE-Nucleo) by extension 'ignore'
[0.388s] Level 1:colcon.colcon_core.package_identification:_identify(STM32/main/X-CUBE-53L0A1/STM32CubeExpansion_VL53L0X_V1.2.0/Projects/Multi/Examples/VL53L0X/RangingWithSatellites/MDK-ARM/STM32F401RE-Nucleo) by extension 'ignore_ament_install'
[0.388s] Level 1:colcon.colcon_core.package_identification:_identify(STM32/main/X-CUBE-53L0A1/STM32CubeExpansion_VL53L0X_V1.2.0/Projects/Multi/Examples/VL53L0X/RangingWithSatellites/MDK-ARM/STM32F401RE-Nucleo) by extensions ['colcon_pkg']
[0.388s] Level 1:colcon.colcon_core.package_identification:_identify(STM32/main/X-CUBE-53L0A1/STM32CubeExpansion_VL53L0X_V1.2.0/Projects/Multi/Examples/VL53L0X/RangingWithSatellites/MDK-ARM/STM32F401RE-Nucleo) by extension 'colcon_pkg'
[0.388s] Level 1:colcon.colcon_core.package_identification:_identify(STM32/main/X-CUBE-53L0A1/STM32CubeExpansion_VL53L0X_V1.2.0/Projects/Multi/Examples/VL53L0X/RangingWithSatellites/MDK-ARM/STM32F401RE-Nucleo) by extensions ['colcon_meta']
[0.388s] Level 1:colcon.colcon_core.package_identification:_identify(STM32/main/X-CUBE-53L0A1/STM32CubeExpansion_VL53L0X_V1.2.0/Projects/Multi/Examples/VL53L0X/RangingWithSatellites/MDK-ARM/STM32F401RE-Nucleo) by extension 'colcon_meta'
[0.388s] Level 1:colcon.colcon_core.package_identification:_identify(STM32/main/X-CUBE-53L0A1/STM32CubeExpansion_VL53L0X_V1.2.0/Projects/Multi/Examples/VL53L0X/RangingWithSatellites/MDK-ARM/STM32F401RE-Nucleo) by extensions ['ros']
[0.388s] Level 1:colcon.colcon_core.package_identification:_identify(STM32/main/X-CUBE-53L0A1/STM32CubeExpansion_VL53L0X_V1.2.0/Projects/Multi/Examples/VL53L0X/RangingWithSatellites/MDK-ARM/STM32F401RE-Nucleo) by extension 'ros'
[0.388s] Level 1:colcon.colcon_core.package_identification:_identify(STM32/main/X-CUBE-53L0A1/STM32CubeExpansion_VL53L0X_V1.2.0/Projects/Multi/Examples/VL53L0X/RangingWithSatellites/MDK-ARM/STM32F401RE-Nucleo) by extensions ['cmake', 'python']
[0.388s] Level 1:colcon.colcon_core.package_identification:_identify(STM32/main/X-CUBE-53L0A1/STM32CubeExpansion_VL53L0X_V1.2.0/Projects/Multi/Examples/VL53L0X/RangingWithSatellites/MDK-ARM/STM32F401RE-Nucleo) by extension 'cmake'
[0.388s] Level 1:colcon.colcon_core.package_identification:_identify(STM32/main/X-CUBE-53L0A1/STM32CubeExpansion_VL53L0X_V1.2.0/Projects/Multi/Examples/VL53L0X/RangingWithSatellites/MDK-ARM/STM32F401RE-Nucleo) by extension 'python'
[0.389s] Level 1:colcon.colcon_core.package_identification:_identify(STM32/main/X-CUBE-53L0A1/STM32CubeExpansion_VL53L0X_V1.2.0/Projects/Multi/Examples/VL53L0X/RangingWithSatellites/MDK-ARM/STM32F401RE-Nucleo) by extensions ['python_setup_py']
[0.389s] Level 1:colcon.colcon_core.package_identification:_identify(STM32/main/X-CUBE-53L0A1/STM32CubeExpansion_VL53L0X_V1.2.0/Projects/Multi/Examples/VL53L0X/RangingWithSatellites/MDK-ARM/STM32F401RE-Nucleo) by extension 'python_setup_py'
[0.389s] Level 1:colcon.colcon_core.package_identification:_identify(STM32/main/X-CUBE-53L0A1/STM32CubeExpansion_VL53L0X_V1.2.0/Projects/Multi/Examples/VL53L0X/RangingWithSatellites/MDK-ARM/STM32L476RG-Nucleo) by extensions ['ignore', 'ignore_ament_install']
[0.389s] Level 1:colcon.colcon_core.package_identification:_identify(STM32/main/X-CUBE-53L0A1/STM32CubeExpansion_VL53L0X_V1.2.0/Projects/Multi/Examples/VL53L0X/RangingWithSatellites/MDK-ARM/STM32L476RG-Nucleo) by extension 'ignore'
[0.389s] Level 1:colcon.colcon_core.package_identification:_identify(STM32/main/X-CUBE-53L0A1/STM32CubeExpansion_VL53L0X_V1.2.0/Projects/Multi/Examples/VL53L0X/RangingWithSatellites/MDK-ARM/STM32L476RG-Nucleo) by extension 'ignore_ament_install'
[0.389s] Level 1:colcon.colcon_core.package_identification:_identify(STM32/main/X-CUBE-53L0A1/STM32CubeExpansion_VL53L0X_V1.2.0/Projects/Multi/Examples/VL53L0X/RangingWithSatellites/MDK-ARM/STM32L476RG-Nucleo) by extensions ['colcon_pkg']
[0.389s] Level 1:colcon.colcon_core.package_identification:_identify(STM32/main/X-CUBE-53L0A1/STM32CubeExpansion_VL53L0X_V1.2.0/Projects/Multi/Examples/VL53L0X/RangingWithSatellites/MDK-ARM/STM32L476RG-Nucleo) by extension 'colcon_pkg'
[0.389s] Level 1:colcon.colcon_core.package_identification:_identify(STM32/main/X-CUBE-53L0A1/STM32CubeExpansion_VL53L0X_V1.2.0/Projects/Multi/Examples/VL53L0X/RangingWithSatellites/MDK-ARM/STM32L476RG-Nucleo) by extensions ['colcon_meta']
[0.389s] Level 1:colcon.colcon_core.package_identification:_identify(STM32/main/X-CUBE-53L0A1/STM32CubeExpansion_VL53L0X_V1.2.0/Projects/Multi/Examples/VL53L0X/RangingWithSatellites/MDK-ARM/STM32L476RG-Nucleo) by extension 'colcon_meta'
[0.389s] Level 1:colcon.colcon_core.package_identification:_identify(STM32/main/X-CUBE-53L0A1/STM32CubeExpansion_VL53L0X_V1.2.0/Projects/Multi/Examples/VL53L0X/RangingWithSatellites/MDK-ARM/STM32L476RG-Nucleo) by extensions ['ros']
[0.389s] Level 1:colcon.colcon_core.package_identification:_identify(STM32/main/X-CUBE-53L0A1/STM32CubeExpansion_VL53L0X_V1.2.0/Projects/Multi/Examples/VL53L0X/RangingWithSatellites/MDK-ARM/STM32L476RG-Nucleo) by extension 'ros'
[0.389s] Level 1:colcon.colcon_core.package_identification:_identify(STM32/main/X-CUBE-53L0A1/STM32CubeExpansion_VL53L0X_V1.2.0/Projects/Multi/Examples/VL53L0X/RangingWithSatellites/MDK-ARM/STM32L476RG-Nucleo) by extensions ['cmake', 'python']
[0.389s] Level 1:colcon.colcon_core.package_identification:_identify(STM32/main/X-CUBE-53L0A1/STM32CubeExpansion_VL53L0X_V1.2.0/Projects/Multi/Examples/VL53L0X/RangingWithSatellites/MDK-ARM/STM32L476RG-Nucleo) by extension 'cmake'
[0.389s] Level 1:colcon.colcon_core.package_identification:_identify(STM32/main/X-CUBE-53L0A1/STM32CubeExpansion_VL53L0X_V1.2.0/Projects/Multi/Examples/VL53L0X/RangingWithSatellites/MDK-ARM/STM32L476RG-Nucleo) by extension 'python'
[0.390s] Level 1:colcon.colcon_core.package_identification:_identify(STM32/main/X-CUBE-53L0A1/STM32CubeExpansion_VL53L0X_V1.2.0/Projects/Multi/Examples/VL53L0X/RangingWithSatellites/MDK-ARM/STM32L476RG-Nucleo) by extensions ['python_setup_py']
[0.390s] Level 1:colcon.colcon_core.package_identification:_identify(STM32/main/X-CUBE-53L0A1/STM32CubeExpansion_VL53L0X_V1.2.0/Projects/Multi/Examples/VL53L0X/RangingWithSatellites/MDK-ARM/STM32L476RG-Nucleo) by extension 'python_setup_py'
[0.390s] Level 1:colcon.colcon_core.package_identification:_identify(STM32/main/X-CUBE-53L0A1/STM32CubeExpansion_VL53L0X_V1.2.0/Projects/Multi/Examples/VL53L0X/RangingWithSatellites/SW4STM32) by extensions ['ignore', 'ignore_ament_install']
[0.390s] Level 1:colcon.colcon_core.package_identification:_identify(STM32/main/X-CUBE-53L0A1/STM32CubeExpansion_VL53L0X_V1.2.0/Projects/Multi/Examples/VL53L0X/RangingWithSatellites/SW4STM32) by extension 'ignore'
[0.390s] Level 1:colcon.colcon_core.package_identification:_identify(STM32/main/X-CUBE-53L0A1/STM32CubeExpansion_VL53L0X_V1.2.0/Projects/Multi/Examples/VL53L0X/RangingWithSatellites/SW4STM32) by extension 'ignore_ament_install'
[0.390s] Level 1:colcon.colcon_core.package_identification:_identify(STM32/main/X-CUBE-53L0A1/STM32CubeExpansion_VL53L0X_V1.2.0/Projects/Multi/Examples/VL53L0X/RangingWithSatellites/SW4STM32) by extensions ['colcon_pkg']
[0.390s] Level 1:colcon.colcon_core.package_identification:_identify(STM32/main/X-CUBE-53L0A1/STM32CubeExpansion_VL53L0X_V1.2.0/Projects/Multi/Examples/VL53L0X/RangingWithSatellites/SW4STM32) by extension 'colcon_pkg'
[0.390s] Level 1:colcon.colcon_core.package_identification:_identify(STM32/main/X-CUBE-53L0A1/STM32CubeExpansion_VL53L0X_V1.2.0/Projects/Multi/Examples/VL53L0X/RangingWithSatellites/SW4STM32) by extensions ['colcon_meta']
[0.390s] Level 1:colcon.colcon_core.package_identification:_identify(STM32/main/X-CUBE-53L0A1/STM32CubeExpansion_VL53L0X_V1.2.0/Projects/Multi/Examples/VL53L0X/RangingWithSatellites/SW4STM32) by extension 'colcon_meta'
[0.390s] Level 1:colcon.colcon_core.package_identification:_identify(STM32/main/X-CUBE-53L0A1/STM32CubeExpansion_VL53L0X_V1.2.0/Projects/Multi/Examples/VL53L0X/RangingWithSatellites/SW4STM32) by extensions ['ros']
[0.390s] Level 1:colcon.colcon_core.package_identification:_identify(STM32/main/X-CUBE-53L0A1/STM32CubeExpansion_VL53L0X_V1.2.0/Projects/Multi/Examples/VL53L0X/RangingWithSatellites/SW4STM32) by extension 'ros'
[0.390s] Level 1:colcon.colcon_core.package_identification:_identify(STM32/main/X-CUBE-53L0A1/STM32CubeExpansion_VL53L0X_V1.2.0/Projects/Multi/Examples/VL53L0X/RangingWithSatellites/SW4STM32) by extensions ['cmake', 'python']
[0.390s] Level 1:colcon.colcon_core.package_identification:_identify(STM32/main/X-CUBE-53L0A1/STM32CubeExpansion_VL53L0X_V1.2.0/Projects/Multi/Examples/VL53L0X/RangingWithSatellites/SW4STM32) by extension 'cmake'
[0.390s] Level 1:colcon.colcon_core.package_identification:_identify(STM32/main/X-CUBE-53L0A1/STM32CubeExpansion_VL53L0X_V1.2.0/Projects/Multi/Examples/VL53L0X/RangingWithSatellites/SW4STM32) by extension 'python'
[0.390s] Level 1:colcon.colcon_core.package_identification:_identify(STM32/main/X-CUBE-53L0A1/STM32CubeExpansion_VL53L0X_V1.2.0/Projects/Multi/Examples/VL53L0X/RangingWithSatellites/SW4STM32) by extensions ['python_setup_py']
[0.391s] Level 1:colcon.colcon_core.package_identification:_identify(STM32/main/X-CUBE-53L0A1/STM32CubeExpansion_VL53L0X_V1.2.0/Projects/Multi/Examples/VL53L0X/RangingWithSatellites/SW4STM32) by extension 'python_setup_py'
[0.391s] Level 1:colcon.colcon_core.package_identification:_identify(STM32/main/X-CUBE-53L0A1/STM32CubeExpansion_VL53L0X_V1.2.0/Projects/Multi/Examples/VL53L0X/RangingWithSatellites/SW4STM32/STM32F401RE-Nucleo) by extensions ['ignore', 'ignore_ament_install']
[0.391s] Level 1:colcon.colcon_core.package_identification:_identify(STM32/main/X-CUBE-53L0A1/STM32CubeExpansion_VL53L0X_V1.2.0/Projects/Multi/Examples/VL53L0X/RangingWithSatellites/SW4STM32/STM32F401RE-Nucleo) by extension 'ignore'
[0.391s] Level 1:colcon.colcon_core.package_identification:_identify(STM32/main/X-CUBE-53L0A1/STM32CubeExpansion_VL53L0X_V1.2.0/Projects/Multi/Examples/VL53L0X/RangingWithSatellites/SW4STM32/STM32F401RE-Nucleo) by extension 'ignore_ament_install'
[0.391s] Level 1:colcon.colcon_core.package_identification:_identify(STM32/main/X-CUBE-53L0A1/STM32CubeExpansion_VL53L0X_V1.2.0/Projects/Multi/Examples/VL53L0X/RangingWithSatellites/SW4STM32/STM32F401RE-Nucleo) by extensions ['colcon_pkg']
[0.391s] Level 1:colcon.colcon_core.package_identification:_identify(STM32/main/X-CUBE-53L0A1/STM32CubeExpansion_VL53L0X_V1.2.0/Projects/Multi/Examples/VL53L0X/RangingWithSatellites/SW4STM32/STM32F401RE-Nucleo) by extension 'colcon_pkg'
[0.391s] Level 1:colcon.colcon_core.package_identification:_identify(STM32/main/X-CUBE-53L0A1/STM32CubeExpansion_VL53L0X_V1.2.0/Projects/Multi/Examples/VL53L0X/RangingWithSatellites/SW4STM32/STM32F401RE-Nucleo) by extensions ['colcon_meta']
[0.391s] Level 1:colcon.colcon_core.package_identification:_identify(STM32/main/X-CUBE-53L0A1/STM32CubeExpansion_VL53L0X_V1.2.0/Projects/Multi/Examples/VL53L0X/RangingWithSatellites/SW4STM32/STM32F401RE-Nucleo) by extension 'colcon_meta'
[0.391s] Level 1:colcon.colcon_core.package_identification:_identify(STM32/main/X-CUBE-53L0A1/STM32CubeExpansion_VL53L0X_V1.2.0/Projects/Multi/Examples/VL53L0X/RangingWithSatellites/SW4STM32/STM32F401RE-Nucleo) by extensions ['ros']
[0.391s] Level 1:colcon.colcon_core.package_identification:_identify(STM32/main/X-CUBE-53L0A1/STM32CubeExpansion_VL53L0X_V1.2.0/Projects/Multi/Examples/VL53L0X/RangingWithSatellites/SW4STM32/STM32F401RE-Nucleo) by extension 'ros'
[0.391s] Level 1:colcon.colcon_core.package_identification:_identify(STM32/main/X-CUBE-53L0A1/STM32CubeExpansion_VL53L0X_V1.2.0/Projects/Multi/Examples/VL53L0X/RangingWithSatellites/SW4STM32/STM32F401RE-Nucleo) by extensions ['cmake', 'python']
[0.391s] Level 1:colcon.colcon_core.package_identification:_identify(STM32/main/X-CUBE-53L0A1/STM32CubeExpansion_VL53L0X_V1.2.0/Projects/Multi/Examples/VL53L0X/RangingWithSatellites/SW4STM32/STM32F401RE-Nucleo) by extension 'cmake'
[0.391s] Level 1:colcon.colcon_core.package_identification:_identify(STM32/main/X-CUBE-53L0A1/STM32CubeExpansion_VL53L0X_V1.2.0/Projects/Multi/Examples/VL53L0X/RangingWithSatellites/SW4STM32/STM32F401RE-Nucleo) by extension 'python'
[0.391s] Level 1:colcon.colcon_core.package_identification:_identify(STM32/main/X-CUBE-53L0A1/STM32CubeExpansion_VL53L0X_V1.2.0/Projects/Multi/Examples/VL53L0X/RangingWithSatellites/SW4STM32/STM32F401RE-Nucleo) by extensions ['python_setup_py']
[0.391s] Level 1:colcon.colcon_core.package_identification:_identify(STM32/main/X-CUBE-53L0A1/STM32CubeExpansion_VL53L0X_V1.2.0/Projects/Multi/Examples/VL53L0X/RangingWithSatellites/SW4STM32/STM32F401RE-Nucleo) by extension 'python_setup_py'
[0.392s] Level 1:colcon.colcon_core.package_identification:_identify(STM32/main/X-CUBE-53L0A1/STM32CubeExpansion_VL53L0X_V1.2.0/Projects/Multi/Examples/VL53L0X/RangingWithSatellites/SW4STM32/STM32L476RG-Nucleo) by extensions ['ignore', 'ignore_ament_install']
[0.392s] Level 1:colcon.colcon_core.package_identification:_identify(STM32/main/X-CUBE-53L0A1/STM32CubeExpansion_VL53L0X_V1.2.0/Projects/Multi/Examples/VL53L0X/RangingWithSatellites/SW4STM32/STM32L476RG-Nucleo) by extension 'ignore'
[0.392s] Level 1:colcon.colcon_core.package_identification:_identify(STM32/main/X-CUBE-53L0A1/STM32CubeExpansion_VL53L0X_V1.2.0/Projects/Multi/Examples/VL53L0X/RangingWithSatellites/SW4STM32/STM32L476RG-Nucleo) by extension 'ignore_ament_install'
[0.392s] Level 1:colcon.colcon_core.package_identification:_identify(STM32/main/X-CUBE-53L0A1/STM32CubeExpansion_VL53L0X_V1.2.0/Projects/Multi/Examples/VL53L0X/RangingWithSatellites/SW4STM32/STM32L476RG-Nucleo) by extensions ['colcon_pkg']
[0.392s] Level 1:colcon.colcon_core.package_identification:_identify(STM32/main/X-CUBE-53L0A1/STM32CubeExpansion_VL53L0X_V1.2.0/Projects/Multi/Examples/VL53L0X/RangingWithSatellites/SW4STM32/STM32L476RG-Nucleo) by extension 'colcon_pkg'
[0.392s] Level 1:colcon.colcon_core.package_identification:_identify(STM32/main/X-CUBE-53L0A1/STM32CubeExpansion_VL53L0X_V1.2.0/Projects/Multi/Examples/VL53L0X/RangingWithSatellites/SW4STM32/STM32L476RG-Nucleo) by extensions ['colcon_meta']
[0.392s] Level 1:colcon.colcon_core.package_identification:_identify(STM32/main/X-CUBE-53L0A1/STM32CubeExpansion_VL53L0X_V1.2.0/Projects/Multi/Examples/VL53L0X/RangingWithSatellites/SW4STM32/STM32L476RG-Nucleo) by extension 'colcon_meta'
[0.392s] Level 1:colcon.colcon_core.package_identification:_identify(STM32/main/X-CUBE-53L0A1/STM32CubeExpansion_VL53L0X_V1.2.0/Projects/Multi/Examples/VL53L0X/RangingWithSatellites/SW4STM32/STM32L476RG-Nucleo) by extensions ['ros']
[0.392s] Level 1:colcon.colcon_core.package_identification:_identify(STM32/main/X-CUBE-53L0A1/STM32CubeExpansion_VL53L0X_V1.2.0/Projects/Multi/Examples/VL53L0X/RangingWithSatellites/SW4STM32/STM32L476RG-Nucleo) by extension 'ros'
[0.392s] Level 1:colcon.colcon_core.package_identification:_identify(STM32/main/X-CUBE-53L0A1/STM32CubeExpansion_VL53L0X_V1.2.0/Projects/Multi/Examples/VL53L0X/RangingWithSatellites/SW4STM32/STM32L476RG-Nucleo) by extensions ['cmake', 'python']
[0.392s] Level 1:colcon.colcon_core.package_identification:_identify(STM32/main/X-CUBE-53L0A1/STM32CubeExpansion_VL53L0X_V1.2.0/Projects/Multi/Examples/VL53L0X/RangingWithSatellites/SW4STM32/STM32L476RG-Nucleo) by extension 'cmake'
[0.392s] Level 1:colcon.colcon_core.package_identification:_identify(STM32/main/X-CUBE-53L0A1/STM32CubeExpansion_VL53L0X_V1.2.0/Projects/Multi/Examples/VL53L0X/RangingWithSatellites/SW4STM32/STM32L476RG-Nucleo) by extension 'python'
[0.392s] Level 1:colcon.colcon_core.package_identification:_identify(STM32/main/X-CUBE-53L0A1/STM32CubeExpansion_VL53L0X_V1.2.0/Projects/Multi/Examples/VL53L0X/RangingWithSatellites/SW4STM32/STM32L476RG-Nucleo) by extensions ['python_setup_py']
[0.392s] Level 1:colcon.colcon_core.package_identification:_identify(STM32/main/X-CUBE-53L0A1/STM32CubeExpansion_VL53L0X_V1.2.0/Projects/Multi/Examples/VL53L0X/RangingWithSatellites/SW4STM32/STM32L476RG-Nucleo) by extension 'python_setup_py'
[0.393s] Level 1:colcon.colcon_core.package_identification:_identify(STM32/main/X-CUBE-53L0A1/STM32CubeExpansion_VL53L0X_V1.2.0/Projects/Multi/Examples/VL53L0X/RangingWithSatellites/SW4STM32/STM32L476RG-Nucleo/startup) by extensions ['ignore', 'ignore_ament_install']
[0.393s] Level 1:colcon.colcon_core.package_identification:_identify(STM32/main/X-CUBE-53L0A1/STM32CubeExpansion_VL53L0X_V1.2.0/Projects/Multi/Examples/VL53L0X/RangingWithSatellites/SW4STM32/STM32L476RG-Nucleo/startup) by extension 'ignore'
[0.393s] Level 1:colcon.colcon_core.package_identification:_identify(STM32/main/X-CUBE-53L0A1/STM32CubeExpansion_VL53L0X_V1.2.0/Projects/Multi/Examples/VL53L0X/RangingWithSatellites/SW4STM32/STM32L476RG-Nucleo/startup) by extension 'ignore_ament_install'
[0.393s] Level 1:colcon.colcon_core.package_identification:_identify(STM32/main/X-CUBE-53L0A1/STM32CubeExpansion_VL53L0X_V1.2.0/Projects/Multi/Examples/VL53L0X/RangingWithSatellites/SW4STM32/STM32L476RG-Nucleo/startup) by extensions ['colcon_pkg']
[0.393s] Level 1:colcon.colcon_core.package_identification:_identify(STM32/main/X-CUBE-53L0A1/STM32CubeExpansion_VL53L0X_V1.2.0/Projects/Multi/Examples/VL53L0X/RangingWithSatellites/SW4STM32/STM32L476RG-Nucleo/startup) by extension 'colcon_pkg'
[0.393s] Level 1:colcon.colcon_core.package_identification:_identify(STM32/main/X-CUBE-53L0A1/STM32CubeExpansion_VL53L0X_V1.2.0/Projects/Multi/Examples/VL53L0X/RangingWithSatellites/SW4STM32/STM32L476RG-Nucleo/startup) by extensions ['colcon_meta']
[0.393s] Level 1:colcon.colcon_core.package_identification:_identify(STM32/main/X-CUBE-53L0A1/STM32CubeExpansion_VL53L0X_V1.2.0/Projects/Multi/Examples/VL53L0X/RangingWithSatellites/SW4STM32/STM32L476RG-Nucleo/startup) by extension 'colcon_meta'
[0.393s] Level 1:colcon.colcon_core.package_identification:_identify(STM32/main/X-CUBE-53L0A1/STM32CubeExpansion_VL53L0X_V1.2.0/Projects/Multi/Examples/VL53L0X/RangingWithSatellites/SW4STM32/STM32L476RG-Nucleo/startup) by extensions ['ros']
[0.393s] Level 1:colcon.colcon_core.package_identification:_identify(STM32/main/X-CUBE-53L0A1/STM32CubeExpansion_VL53L0X_V1.2.0/Projects/Multi/Examples/VL53L0X/RangingWithSatellites/SW4STM32/STM32L476RG-Nucleo/startup) by extension 'ros'
[0.393s] Level 1:colcon.colcon_core.package_identification:_identify(STM32/main/X-CUBE-53L0A1/STM32CubeExpansion_VL53L0X_V1.2.0/Projects/Multi/Examples/VL53L0X/RangingWithSatellites/SW4STM32/STM32L476RG-Nucleo/startup) by extensions ['cmake', 'python']
[0.393s] Level 1:colcon.colcon_core.package_identification:_identify(STM32/main/X-CUBE-53L0A1/STM32CubeExpansion_VL53L0X_V1.2.0/Projects/Multi/Examples/VL53L0X/RangingWithSatellites/SW4STM32/STM32L476RG-Nucleo/startup) by extension 'cmake'
[0.393s] Level 1:colcon.colcon_core.package_identification:_identify(STM32/main/X-CUBE-53L0A1/STM32CubeExpansion_VL53L0X_V1.2.0/Projects/Multi/Examples/VL53L0X/RangingWithSatellites/SW4STM32/STM32L476RG-Nucleo/startup) by extension 'python'
[0.393s] Level 1:colcon.colcon_core.package_identification:_identify(STM32/main/X-CUBE-53L0A1/STM32CubeExpansion_VL53L0X_V1.2.0/Projects/Multi/Examples/VL53L0X/RangingWithSatellites/SW4STM32/STM32L476RG-Nucleo/startup) by extensions ['python_setup_py']
[0.393s] Level 1:colcon.colcon_core.package_identification:_identify(STM32/main/X-CUBE-53L0A1/STM32CubeExpansion_VL53L0X_V1.2.0/Projects/Multi/Examples/VL53L0X/RangingWithSatellites/SW4STM32/STM32L476RG-Nucleo/startup) by extension 'python_setup_py'
[0.394s] Level 1:colcon.colcon_core.package_identification:_identify(STM32/main/X-CUBE-53L0A1/STM32CubeExpansion_VL53L0X_V1.2.0/Projects/Multi/Examples/VL53L0X/RangingWithSatellites/Src) by extensions ['ignore', 'ignore_ament_install']
[0.394s] Level 1:colcon.colcon_core.package_identification:_identify(STM32/main/X-CUBE-53L0A1/STM32CubeExpansion_VL53L0X_V1.2.0/Projects/Multi/Examples/VL53L0X/RangingWithSatellites/Src) by extension 'ignore'
[0.394s] Level 1:colcon.colcon_core.package_identification:_identify(STM32/main/X-CUBE-53L0A1/STM32CubeExpansion_VL53L0X_V1.2.0/Projects/Multi/Examples/VL53L0X/RangingWithSatellites/Src) by extension 'ignore_ament_install'
[0.394s] Level 1:colcon.colcon_core.package_identification:_identify(STM32/main/X-CUBE-53L0A1/STM32CubeExpansion_VL53L0X_V1.2.0/Projects/Multi/Examples/VL53L0X/RangingWithSatellites/Src) by extensions ['colcon_pkg']
[0.394s] Level 1:colcon.colcon_core.package_identification:_identify(STM32/main/X-CUBE-53L0A1/STM32CubeExpansion_VL53L0X_V1.2.0/Projects/Multi/Examples/VL53L0X/RangingWithSatellites/Src) by extension 'colcon_pkg'
[0.394s] Level 1:colcon.colcon_core.package_identification:_identify(STM32/main/X-CUBE-53L0A1/STM32CubeExpansion_VL53L0X_V1.2.0/Projects/Multi/Examples/VL53L0X/RangingWithSatellites/Src) by extensions ['colcon_meta']
[0.394s] Level 1:colcon.colcon_core.package_identification:_identify(STM32/main/X-CUBE-53L0A1/STM32CubeExpansion_VL53L0X_V1.2.0/Projects/Multi/Examples/VL53L0X/RangingWithSatellites/Src) by extension 'colcon_meta'
[0.394s] Level 1:colcon.colcon_core.package_identification:_identify(STM32/main/X-CUBE-53L0A1/STM32CubeExpansion_VL53L0X_V1.2.0/Projects/Multi/Examples/VL53L0X/RangingWithSatellites/Src) by extensions ['ros']
[0.394s] Level 1:colcon.colcon_core.package_identification:_identify(STM32/main/X-CUBE-53L0A1/STM32CubeExpansion_VL53L0X_V1.2.0/Projects/Multi/Examples/VL53L0X/RangingWithSatellites/Src) by extension 'ros'
[0.394s] Level 1:colcon.colcon_core.package_identification:_identify(STM32/main/X-CUBE-53L0A1/STM32CubeExpansion_VL53L0X_V1.2.0/Projects/Multi/Examples/VL53L0X/RangingWithSatellites/Src) by extensions ['cmake', 'python']
[0.394s] Level 1:colcon.colcon_core.package_identification:_identify(STM32/main/X-CUBE-53L0A1/STM32CubeExpansion_VL53L0X_V1.2.0/Projects/Multi/Examples/VL53L0X/RangingWithSatellites/Src) by extension 'cmake'
[0.394s] Level 1:colcon.colcon_core.package_identification:_identify(STM32/main/X-CUBE-53L0A1/STM32CubeExpansion_VL53L0X_V1.2.0/Projects/Multi/Examples/VL53L0X/RangingWithSatellites/Src) by extension 'python'
[0.394s] Level 1:colcon.colcon_core.package_identification:_identify(STM32/main/X-CUBE-53L0A1/STM32CubeExpansion_VL53L0X_V1.2.0/Projects/Multi/Examples/VL53L0X/RangingWithSatellites/Src) by extensions ['python_setup_py']
[0.394s] Level 1:colcon.colcon_core.package_identification:_identify(STM32/main/X-CUBE-53L0A1/STM32CubeExpansion_VL53L0X_V1.2.0/Projects/Multi/Examples/VL53L0X/RangingWithSatellites/Src) by extension 'python_setup_py'
[0.395s] Level 1:colcon.colcon_core.package_identification:_identify(STM32/main/X-CUBE-53L0A1/STM32CubeExpansion_VL53L0X_V1.2.0/_htmresc) by extensions ['ignore', 'ignore_ament_install']
[0.395s] Level 1:colcon.colcon_core.package_identification:_identify(STM32/main/X-CUBE-53L0A1/STM32CubeExpansion_VL53L0X_V1.2.0/_htmresc) by extension 'ignore'
[0.395s] Level 1:colcon.colcon_core.package_identification:_identify(STM32/main/X-CUBE-53L0A1/STM32CubeExpansion_VL53L0X_V1.2.0/_htmresc) by extension 'ignore_ament_install'
[0.395s] Level 1:colcon.colcon_core.package_identification:_identify(STM32/main/X-CUBE-53L0A1/STM32CubeExpansion_VL53L0X_V1.2.0/_htmresc) by extensions ['colcon_pkg']
[0.395s] Level 1:colcon.colcon_core.package_identification:_identify(STM32/main/X-CUBE-53L0A1/STM32CubeExpansion_VL53L0X_V1.2.0/_htmresc) by extension 'colcon_pkg'
[0.395s] Level 1:colcon.colcon_core.package_identification:_identify(STM32/main/X-CUBE-53L0A1/STM32CubeExpansion_VL53L0X_V1.2.0/_htmresc) by extensions ['colcon_meta']
[0.395s] Level 1:colcon.colcon_core.package_identification:_identify(STM32/main/X-CUBE-53L0A1/STM32CubeExpansion_VL53L0X_V1.2.0/_htmresc) by extension 'colcon_meta'
[0.395s] Level 1:colcon.colcon_core.package_identification:_identify(STM32/main/X-CUBE-53L0A1/STM32CubeExpansion_VL53L0X_V1.2.0/_htmresc) by extensions ['ros']
[0.395s] Level 1:colcon.colcon_core.package_identification:_identify(STM32/main/X-CUBE-53L0A1/STM32CubeExpansion_VL53L0X_V1.2.0/_htmresc) by extension 'ros'
[0.395s] Level 1:colcon.colcon_core.package_identification:_identify(STM32/main/X-CUBE-53L0A1/STM32CubeExpansion_VL53L0X_V1.2.0/_htmresc) by extensions ['cmake', 'python']
[0.395s] Level 1:colcon.colcon_core.package_identification:_identify(STM32/main/X-CUBE-53L0A1/STM32CubeExpansion_VL53L0X_V1.2.0/_htmresc) by extension 'cmake'
[0.395s] Level 1:colcon.colcon_core.package_identification:_identify(STM32/main/X-CUBE-53L0A1/STM32CubeExpansion_VL53L0X_V1.2.0/_htmresc) by extension 'python'
[0.395s] Level 1:colcon.colcon_core.package_identification:_identify(STM32/main/X-CUBE-53L0A1/STM32CubeExpansion_VL53L0X_V1.2.0/_htmresc) by extensions ['python_setup_py']
[0.395s] Level 1:colcon.colcon_core.package_identification:_identify(STM32/main/X-CUBE-53L0A1/STM32CubeExpansion_VL53L0X_V1.2.0/_htmresc) by extension 'python_setup_py'
[0.395s] Level 1:colcon.colcon_core.package_identification:_identify(build) by extensions ['ignore', 'ignore_ament_install']
[0.395s] Level 1:colcon.colcon_core.package_identification:_identify(build) by extension 'ignore'
[0.395s] Level 1:colcon.colcon_core.package_identification:_identify(build) ignored
[0.396s] Level 1:colcon.colcon_core.package_identification:_identify(install) by extensions ['ignore', 'ignore_ament_install']
[0.396s] Level 1:colcon.colcon_core.package_identification:_identify(install) by extension 'ignore'
[0.396s] Level 1:colcon.colcon_core.package_identification:_identify(install) ignored
[0.396s] Level 1:colcon.colcon_core.package_identification:_identify(log) by extensions ['ignore', 'ignore_ament_install']
[0.396s] Level 1:colcon.colcon_core.package_identification:_identify(log) by extension 'ignore'
[0.396s] Level 1:colcon.colcon_core.package_identification:_identify(log) ignored
[0.396s] Level 1:colcon.colcon_core.package_identification:_identify(src) by extensions ['ignore', 'ignore_ament_install']
[0.396s] Level 1:colcon.colcon_core.package_identification:_identify(src) by extension 'ignore'
[0.396s] Level 1:colcon.colcon_core.package_identification:_identify(src) by extension 'ignore_ament_install'
[0.397s] Level 1:colcon.colcon_core.package_identification:_identify(src) by extensions ['colcon_pkg']
[0.397s] Level 1:colcon.colcon_core.package_identification:_identify(src) by extension 'colcon_pkg'
[0.397s] Level 1:colcon.colcon_core.package_identification:_identify(src) by extensions ['colcon_meta']
[0.397s] Level 1:colcon.colcon_core.package_identification:_identify(src) by extension 'colcon_meta'
[0.397s] Level 1:colcon.colcon_core.package_identification:_identify(src) by extensions ['ros']
[0.397s] Level 1:colcon.colcon_core.package_identification:_identify(src) by extension 'ros'
[0.397s] Level 1:colcon.colcon_core.package_identification:_identify(src) by extensions ['cmake', 'python']
[0.397s] Level 1:colcon.colcon_core.package_identification:_identify(src) by extension 'cmake'
[0.397s] Level 1:colcon.colcon_core.package_identification:_identify(src) by extension 'python'
[0.397s] Level 1:colcon.colcon_core.package_identification:_identify(src) by extensions ['python_setup_py']
[0.397s] Level 1:colcon.colcon_core.package_identification:_identify(src) by extension 'python_setup_py'
[0.397s] Level 1:colcon.colcon_core.package_identification:_identify(src/build) by extensions ['ignore', 'ignore_ament_install']
[0.397s] Level 1:colcon.colcon_core.package_identification:_identify(src/build) by extension 'ignore'
[0.397s] Level 1:colcon.colcon_core.package_identification:_identify(src/build) ignored
[0.397s] Level 1:colcon.colcon_core.package_identification:_identify(src/install) by extensions ['ignore', 'ignore_ament_install']
[0.397s] Level 1:colcon.colcon_core.package_identification:_identify(src/install) by extension 'ignore'
[0.397s] Level 1:colcon.colcon_core.package_identification:_identify(src/install) ignored
[0.398s] Level 1:colcon.colcon_core.package_identification:_identify(src/ldlidar_stl_ros2) by extensions ['ignore', 'ignore_ament_install']
[0.398s] Level 1:colcon.colcon_core.package_identification:_identify(src/ldlidar_stl_ros2) by extension 'ignore'
[0.398s] Level 1:colcon.colcon_core.package_identification:_identify(src/ldlidar_stl_ros2) by extension 'ignore_ament_install'
[0.398s] Level 1:colcon.colcon_core.package_identification:_identify(src/ldlidar_stl_ros2) by extensions ['colcon_pkg']
[0.398s] Level 1:colcon.colcon_core.package_identification:_identify(src/ldlidar_stl_ros2) by extension 'colcon_pkg'
[0.398s] Level 1:colcon.colcon_core.package_identification:_identify(src/ldlidar_stl_ros2) by extensions ['colcon_meta']
[0.398s] Level 1:colcon.colcon_core.package_identification:_identify(src/ldlidar_stl_ros2) by extension 'colcon_meta'
[0.398s] Level 1:colcon.colcon_core.package_identification:_identify(src/ldlidar_stl_ros2) by extensions ['ros']
[0.398s] Level 1:colcon.colcon_core.package_identification:_identify(src/ldlidar_stl_ros2) by extension 'ros'
[0.402s] DEBUG:colcon.colcon_core.package_identification:Package 'src/ldlidar_stl_ros2' with type 'ros.ament_cmake' and name 'ldlidar_stl_ros2'
[0.402s] Level 1:colcon.colcon_core.package_identification:_identify(src/log) by extensions ['ignore', 'ignore_ament_install']
[0.403s] Level 1:colcon.colcon_core.package_identification:_identify(src/log) by extension 'ignore'
[0.403s] Level 1:colcon.colcon_core.package_identification:_identify(src/log) ignored
[0.403s] Level 1:colcon.colcon_core.package_identification:_identify(src/stm32_bot) by extensions ['ignore', 'ignore_ament_install']
[0.403s] Level 1:colcon.colcon_core.package_identification:_identify(src/stm32_bot) by extension 'ignore'
[0.403s] Level 1:colcon.colcon_core.package_identification:_identify(src/stm32_bot) by extension 'ignore_ament_install'
[0.403s] Level 1:colcon.colcon_core.package_identification:_identify(src/stm32_bot) by extensions ['colcon_pkg']
[0.403s] Level 1:colcon.colcon_core.package_identification:_identify(src/stm32_bot) by extension 'colcon_pkg'
[0.403s] Level 1:colcon.colcon_core.package_identification:_identify(src/stm32_bot) by extensions ['colcon_meta']
[0.403s] Level 1:colcon.colcon_core.package_identification:_identify(src/stm32_bot) by extension 'colcon_meta'
[0.403s] Level 1:colcon.colcon_core.package_identification:_identify(src/stm32_bot) by extensions ['ros']
[0.403s] Level 1:colcon.colcon_core.package_identification:_identify(src/stm32_bot) by extension 'ros'
[0.404s] DEBUG:colcon.colcon_core.package_identification:Package 'src/stm32_bot' with type 'ros.ament_python' and name 'stm32_bot'
[0.404s] Level 1:colcon.colcon_core.package_identification:_identify(src/tm210_driver) by extensions ['ignore', 'ignore_ament_install']
[0.404s] Level 1:colcon.colcon_core.package_identification:_identify(src/tm210_driver) by extension 'ignore'
[0.405s] Level 1:colcon.colcon_core.package_identification:_identify(src/tm210_driver) by extension 'ignore_ament_install'
[0.405s] Level 1:colcon.colcon_core.package_identification:_identify(src/tm210_driver) by extensions ['colcon_pkg']
[0.405s] Level 1:colcon.colcon_core.package_identification:_identify(src/tm210_driver) by extension 'colcon_pkg'
[0.405s] Level 1:colcon.colcon_core.package_identification:_identify(src/tm210_driver) by extensions ['colcon_meta']
[0.405s] Level 1:colcon.colcon_core.package_identification:_identify(src/tm210_driver) by extension 'colcon_meta'
[0.405s] Level 1:colcon.colcon_core.package_identification:_identify(src/tm210_driver) by extensions ['ros']
[0.405s] Level 1:colcon.colcon_core.package_identification:_identify(src/tm210_driver) by extension 'ros'
[0.406s] DEBUG:colcon.colcon_core.package_identification:Package 'src/tm210_driver' with type 'ros.ament_cmake' and name 'tm_imu'
[0.406s] Level 1:colcon.colcon_core.package_discovery:discover_packages(recursive) using defaults
[0.406s] Level 1:colcon.colcon_core.package_discovery:discover_packages(ignore) discover
[0.406s] Level 1:colcon.colcon_core.package_discovery:discover_packages(ignore) using defaults
[0.406s] Level 1:colcon.colcon_core.package_discovery:discover_packages(path) discover
[0.406s] Level 1:colcon.colcon_core.package_discovery:discover_packages(path) using defaults
[0.434s] INFO:colcon.colcon_core.package_selection:Skipping not selected package 'ldlidar_stl_ros2' in 'src/ldlidar_stl_ros2'
[0.434s] INFO:colcon.colcon_core.package_selection:Skipping not selected package 'tm_imu' in 'src/tm210_driver'
[0.434s] Level 1:colcon.colcon_core.package_discovery:discover_packages(prefix_path) check parameters
[0.434s] Level 1:colcon.colcon_core.package_discovery:discover_packages(prefix_path) discover
[0.438s] DEBUG:colcon.colcon_installed_package_information.package_discovery:Found 5 installed packages in /home/spinetti/ros2_ws/install
[0.438s] DEBUG:colcon.colcon_installed_package_information.package_discovery:Found 1 installed packages in /home/spinetti/install
[0.441s] DEBUG:colcon.colcon_installed_package_information.package_discovery:Found 389 installed packages in /opt/ros/jazzy
[0.444s] Level 1:colcon.colcon_core.package_discovery:discover_packages(prefix_path) using defaults
[0.523s] Level 5:colcon.colcon_core.verb:set package 'stm32_bot' build argument 'cmake_args' from command line to 'None'
[0.523s] Level 5:colcon.colcon_core.verb:set package 'stm32_bot' build argument 'cmake_target' from command line to 'None'
[0.523s] Level 5:colcon.colcon_core.verb:set package 'stm32_bot' build argument 'cmake_target_skip_unavailable' from command line to 'False'
[0.523s] Level 5:colcon.colcon_core.verb:set package 'stm32_bot' build argument 'cmake_clean_cache' from command line to 'False'
[0.523s] Level 5:colcon.colcon_core.verb:set package 'stm32_bot' build argument 'cmake_clean_first' from command line to 'False'
[0.523s] Level 5:colcon.colcon_core.verb:set package 'stm32_bot' build argument 'cmake_force_configure' from command line to 'False'
[0.523s] Level 5:colcon.colcon_core.verb:set package 'stm32_bot' build argument 'ament_cmake_args' from command line to 'None'
[0.523s] Level 5:colcon.colcon_core.verb:set package 'stm32_bot' build argument 'catkin_cmake_args' from command line to 'None'
[0.523s] Level 5:colcon.colcon_core.verb:set package 'stm32_bot' build argument 'catkin_skip_building_tests' from command line to 'False'
[0.523s] DEBUG:colcon.colcon_core.verb:Building package 'stm32_bot' with the following arguments: {'ament_cmake_args': None, 'build_base': '/home/spinetti/ros2_ws/build/stm32_bot', 'catkin_cmake_args': None, 'catkin_skip_building_tests': False, 'cmake_args': None, 'cmake_clean_cache': False, 'cmake_clean_first': False, 'cmake_force_configure': False, 'cmake_target': None, 'cmake_target_skip_unavailable': False, 'install_base': '/home/spinetti/ros2_ws/install/stm32_bot', 'merge_install': False, 'path': '/home/spinetti/ros2_ws/src/stm32_bot', 'symlink_install': False, 'test_result_base': None}
[0.523s] INFO:colcon.colcon_core.executor:Executing jobs using 'parallel' executor
[0.525s] DEBUG:colcon.colcon_parallel_executor.executor.parallel:run_until_complete
[0.525s] INFO:colcon.colcon_ros.task.ament_python.build:Building ROS package in '/home/spinetti/ros2_ws/src/stm32_bot' with build type 'ament_python'
[0.526s] Level 1:colcon.colcon_core.shell:create_environment_hook('stm32_bot', 'ament_prefix_path')
[0.534s] INFO:colcon.colcon_core.plugin_system:Skipping extension 'colcon_core.shell.bat': Not used on non-Windows systems
[0.535s] INFO:colcon.colcon_core.shell:Creating environment hook '/home/spinetti/ros2_ws/install/stm32_bot/share/stm32_bot/hook/ament_prefix_path.ps1'
[0.536s] INFO:colcon.colcon_core.shell:Creating environment descriptor '/home/spinetti/ros2_ws/install/stm32_bot/share/stm32_bot/hook/ament_prefix_path.dsv'
[0.537s] INFO:colcon.colcon_core.shell:Creating environment hook '/home/spinetti/ros2_ws/install/stm32_bot/share/stm32_bot/hook/ament_prefix_path.sh'
[0.539s] INFO:colcon.colcon_core.shell:Skip shell extension 'powershell' for command environment: Not usable outside of PowerShell
[0.539s] DEBUG:colcon.colcon_core.shell:Skip shell extension 'dsv' for command environment
[0.902s] INFO:colcon.colcon_core.task.python.build:Building Python package in '/home/spinetti/ros2_ws/src/stm32_bot'
[0.903s] INFO:colcon.colcon_core.shell:Skip shell extension 'powershell' for command environment: Not usable outside of PowerShell
[0.903s] DEBUG:colcon.colcon_core.shell:Skip shell extension 'dsv' for command environment
[2.111s] DEBUG:colcon.colcon_core.event_handler.log_command:Invoking command in '/home/spinetti/ros2_ws/src/stm32_bot': DEBUGINFOD_URLS=https://debuginfod.ubuntu.com PYTHONPATH=/home/spinetti/ros2_ws/build/stm32_bot/prefix_override:/usr/lib/python3/dist-packages/colcon_core/task/python/colcon_distutils_commands:/home/spinetti/ros2_ws/install/stm32_bot/lib/python3.12/site-packages:${PYTHONPATH} /usr/bin/python3 -W ignore:setup.py install is deprecated -W ignore:easy_install command is deprecated setup.py egg_info --egg-base ../../build/stm32_bot build --build-base /home/spinetti/ros2_ws/build/stm32_bot/build install --record /home/spinetti/ros2_ws/build/stm32_bot/install.log --single-version-externally-managed install_data
[2.958s] DEBUG:colcon.colcon_core.event_handler.log_command:Invoked command in '/home/spinetti/ros2_ws/src/stm32_bot' returned '0': DEBUGINFOD_URLS=https://debuginfod.ubuntu.com PYTHONPATH=/home/spinetti/ros2_ws/build/stm32_bot/prefix_override:/usr/lib/python3/dist-packages/colcon_core/task/python/colcon_distutils_commands:/home/spinetti/ros2_ws/install/stm32_bot/lib/python3.12/site-packages:${PYTHONPATH} /usr/bin/python3 -W ignore:setup.py install is deprecated -W ignore:easy_install command is deprecated setup.py egg_info --egg-base ../../build/stm32_bot build --build-base /home/spinetti/ros2_ws/build/stm32_bot/build install --record /home/spinetti/ros2_ws/build/stm32_bot/install.log --single-version-externally-managed install_data
[2.962s] Level 1:colcon.colcon_core.environment:checking '/home/spinetti/ros2_ws/install/stm32_bot' for CMake module files
[2.963s] Level 1:colcon.colcon_core.environment:checking '/home/spinetti/ros2_ws/install/stm32_bot' for CMake config files
[2.964s] Level 1:colcon.colcon_core.environment:checking '/home/spinetti/ros2_ws/install/stm32_bot/lib'
[2.964s] Level 1:colcon.colcon_core.environment:checking '/home/spinetti/ros2_ws/install/stm32_bot/bin'
[2.964s] Level 1:colcon.colcon_core.environment:checking '/home/spinetti/ros2_ws/install/stm32_bot/lib/pkgconfig/stm32_bot.pc'
[2.965s] Level 1:colcon.colcon_core.environment:checking '/home/spinetti/ros2_ws/install/stm32_bot/lib/python3.12/site-packages'
[2.965s] Level 1:colcon.colcon_core.shell:create_environment_hook('stm32_bot', 'pythonpath')
[2.965s] INFO:colcon.colcon_core.shell:Creating environment hook '/home/spinetti/ros2_ws/install/stm32_bot/share/stm32_bot/hook/pythonpath.ps1'
[2.966s] INFO:colcon.colcon_core.shell:Creating environment descriptor '/home/spinetti/ros2_ws/install/stm32_bot/share/stm32_bot/hook/pythonpath.dsv'
[2.966s] INFO:colcon.colcon_core.shell:Creating environment hook '/home/spinetti/ros2_ws/install/stm32_bot/share/stm32_bot/hook/pythonpath.sh'
[2.967s] Level 1:colcon.colcon_core.environment:checking '/home/spinetti/ros2_ws/install/stm32_bot/bin'
[2.967s] Level 1:colcon.colcon_core.environment:create_environment_scripts_only(stm32_bot)
[2.967s] INFO:colcon.colcon_core.shell:Creating package script '/home/spinetti/ros2_ws/install/stm32_bot/share/stm32_bot/package.ps1'
[2.969s] INFO:colcon.colcon_core.shell:Creating package descriptor '/home/spinetti/ros2_ws/install/stm32_bot/share/stm32_bot/package.dsv'
[2.970s] INFO:colcon.colcon_core.shell:Creating package script '/home/spinetti/ros2_ws/install/stm32_bot/share/stm32_bot/package.sh'
[2.971s] INFO:colcon.colcon_core.shell:Creating package script '/home/spinetti/ros2_ws/install/stm32_bot/share/stm32_bot/package.bash'
[2.972s] INFO:colcon.colcon_core.shell:Creating package script '/home/spinetti/ros2_ws/install/stm32_bot/share/stm32_bot/package.zsh'
[2.973s] Level 1:colcon.colcon_core.environment:create_file_with_runtime_dependencies(/home/spinetti/ros2_ws/install/stm32_bot/share/colcon-core/packages/stm32_bot)
[2.974s] DEBUG:colcon.colcon_parallel_executor.executor.parallel:closing loop
[2.974s] DEBUG:colcon.colcon_parallel_executor.executor.parallel:loop closed
[2.974s] DEBUG:colcon.colcon_parallel_executor.executor.parallel:run_until_complete finished with '0'
[2.974s] DEBUG:colcon.colcon_core.event_reactor:joining thread
[2.990s] INFO:colcon.colcon_core.plugin_system:Skipping extension 'colcon_notification.desktop_notification.terminal_notifier': Not used on non-Darwin systems
[2.990s] INFO:colcon.colcon_core.plugin_system:Skipping extension 'colcon_notification.desktop_notification.win32': Not used on non-Windows systems
[2.990s] INFO:colcon.colcon_notification.desktop_notification:Sending desktop notification using 'notify2'
[3.020s] DEBUG:colcon.colcon_core.event_reactor:joined thread
[3.021s] INFO:colcon.colcon_core.shell:Creating prefix script '/home/spinetti/ros2_ws/install/local_setup.ps1'
[3.022s] INFO:colcon.colcon_core.shell:Creating prefix util module '/home/spinetti/ros2_ws/install/_local_setup_util_ps1.py'
[3.025s] INFO:colcon.colcon_core.shell:Creating prefix chain script '/home/spinetti/ros2_ws/install/setup.ps1'
[3.027s] INFO:colcon.colcon_core.shell:Creating prefix script '/home/spinetti/ros2_ws/install/local_setup.sh'
[3.028s] INFO:colcon.colcon_core.shell:Creating prefix util module '/home/spinetti/ros2_ws/install/_local_setup_util_sh.py'
[3.029s] INFO:colcon.colcon_core.shell:Creating prefix chain script '/home/spinetti/ros2_ws/install/setup.sh'
[3.032s] INFO:colcon.colcon_core.shell:Creating prefix script '/home/spinetti/ros2_ws/install/local_setup.bash'
[3.033s] INFO:colcon.colcon_core.shell:Creating prefix chain script '/home/spinetti/ros2_ws/install/setup.bash'
[3.035s] INFO:colcon.colcon_core.shell:Creating prefix script '/home/spinetti/ros2_ws/install/local_setup.zsh'
[3.037s] INFO:colcon.colcon_core.shell:Creating prefix chain script '/home/spinetti/ros2_ws/install/setup.zsh'
