[0.210s] DEBUG:colcon:Command line arguments: ['/usr/bin/colcon', 'build', '--packages-select', 'stm32_bot']
[0.210s] DEBUG:colcon:Parsed command line arguments: Namespace(log_base=None, log_level=None, verb_name='build', build_base='build', install_base='install', merge_install=False, symlink_install=False, test_result_base=None, continue_on_error=False, executor='parallel', parallel_workers=4, event_handlers=None, ignore_user_meta=False, metas=['./colcon.meta'], base_paths=['.'], packages_ignore=None, packages_ignore_regex=None, paths=None, packages_up_to=None, packages_up_to_regex=None, packages_above=None, packages_above_and_dependencies=None, packages_above_depth=None, packages_select_by_dep=None, packages_skip_by_dep=None, packages_skip_up_to=None, packages_select_build_failed=False, packages_skip_build_finished=False, packages_select_test_failures=False, packages_skip_test_passed=False, packages_select=['stm32_bot'], packages_skip=None, packages_select_regex=None, packages_skip_regex=None, packages_start=None, packages_end=None, allow_overriding=[], cmake_args=None, cmake_target=None, cmake_target_skip_unavailable=False, cmake_clean_cache=False, cmake_clean_first=False, cmake_force_configure=False, ament_cmake_args=None, catkin_cmake_args=None, catkin_skip_building_tests=False, mixin_files=None, mixin=None, verb_parser=<colcon_mixin.mixin.mixin_argument.MixinArgumentDecorator object at 0xffffa8ebdee0>, verb_extension=<colcon_core.verb.build.BuildVerb object at 0xffffa8e63ec0>, main=<bound method BuildVerb.main of <colcon_core.verb.build.BuildVerb object at 0xffffa8e63ec0>>, mixin_verb=('build',))
[0.295s] Level 1:colcon.colcon_core.package_discovery:discover_packages(colcon_meta) check parameters
[0.296s] Level 1:colcon.colcon_core.package_discovery:discover_packages(recursive) check parameters
[0.296s] Level 1:colcon.colcon_core.package_discovery:discover_packages(ignore) check parameters
[0.296s] Level 1:colcon.colcon_core.package_discovery:discover_packages(path) check parameters
[0.296s] Level 1:colcon.colcon_core.package_discovery:discover_packages(colcon_meta) discover
[0.296s] Level 1:colcon.colcon_core.package_discovery:discover_packages(recursive) discover
[0.296s] INFO:colcon.colcon_core.package_discovery:Crawling recursively for packages in '/home/spinetti/ros2_ws'
[0.296s] Level 1:colcon.colcon_core.package_identification:_identify(.) by extensions ['ignore', 'ignore_ament_install']
[0.296s] Level 1:colcon.colcon_core.package_identification:_identify(.) by extension 'ignore'
[0.297s] Level 1:colcon.colcon_core.package_identification:_identify(.) by extension 'ignore_ament_install'
[0.297s] Level 1:colcon.colcon_core.package_identification:_identify(.) by extensions ['colcon_pkg']
[0.297s] Level 1:colcon.colcon_core.package_identification:_identify(.) by extension 'colcon_pkg'
[0.297s] Level 1:colcon.colcon_core.package_identification:_identify(.) by extensions ['colcon_meta']
[0.297s] Level 1:colcon.colcon_core.package_identification:_identify(.) by extension 'colcon_meta'
[0.297s] Level 1:colcon.colcon_core.package_identification:_identify(.) by extensions ['ros']
[0.297s] Level 1:colcon.colcon_core.package_identification:_identify(.) by extension 'ros'
[0.354s] Level 1:colcon.colcon_core.package_identification:_identify(.) by extensions ['cmake', 'python']
[0.355s] Level 1:colcon.colcon_core.package_identification:_identify(.) by extension 'cmake'
[0.355s] Level 1:colcon.colcon_core.package_identification:_identify(.) by extension 'python'
[0.355s] Level 1:colcon.colcon_core.package_identification:_identify(.) by extensions ['python_setup_py']
[0.355s] Level 1:colcon.colcon_core.package_identification:_identify(.) by extension 'python_setup_py'
[0.355s] Level 1:colcon.colcon_core.package_identification:_identify(STM32) by extensions ['ignore', 'ignore_ament_install']
[0.356s] Level 1:colcon.colcon_core.package_identification:_identify(STM32) by extension 'ignore'
[0.356s] Level 1:colcon.colcon_core.package_identification:_identify(STM32) by extension 'ignore_ament_install'
[0.356s] Level 1:colcon.colcon_core.package_identification:_identify(STM32) by extensions ['colcon_pkg']
[0.356s] Level 1:colcon.colcon_core.package_identification:_identify(STM32) by extension 'colcon_pkg'
[0.356s] Level 1:colcon.colcon_core.package_identification:_identify(STM32) by extensions ['colcon_meta']
[0.356s] Level 1:colcon.colcon_core.package_identification:_identify(STM32) by extension 'colcon_meta'
[0.356s] Level 1:colcon.colcon_core.package_identification:_identify(STM32) by extensions ['ros']
[0.356s] Level 1:colcon.colcon_core.package_identification:_identify(STM32) by extension 'ros'
[0.356s] Level 1:colcon.colcon_core.package_identification:_identify(STM32) by extensions ['cmake', 'python']
[0.356s] Level 1:colcon.colcon_core.package_identification:_identify(STM32) by extension 'cmake'
[0.356s] Level 1:colcon.colcon_core.package_identification:_identify(STM32) by extension 'python'
[0.356s] Level 1:colcon.colcon_core.package_identification:_identify(STM32) by extensions ['python_setup_py']
[0.356s] Level 1:colcon.colcon_core.package_identification:_identify(STM32) by extension 'python_setup_py'
[0.357s] Level 1:colcon.colcon_core.package_identification:_identify(STM32/main) by extensions ['ignore', 'ignore_ament_install']
[0.357s] Level 1:colcon.colcon_core.package_identification:_identify(STM32/main) by extension 'ignore'
[0.357s] Level 1:colcon.colcon_core.package_identification:_identify(STM32/main) by extension 'ignore_ament_install'
[0.357s] Level 1:colcon.colcon_core.package_identification:_identify(STM32/main) by extensions ['colcon_pkg']
[0.357s] Level 1:colcon.colcon_core.package_identification:_identify(STM32/main) by extension 'colcon_pkg'
[0.357s] Level 1:colcon.colcon_core.package_identification:_identify(STM32/main) by extensions ['colcon_meta']
[0.357s] Level 1:colcon.colcon_core.package_identification:_identify(STM32/main) by extension 'colcon_meta'
[0.357s] Level 1:colcon.colcon_core.package_identification:_identify(STM32/main) by extensions ['ros']
[0.357s] Level 1:colcon.colcon_core.package_identification:_identify(STM32/main) by extension 'ros'
[0.357s] Level 1:colcon.colcon_core.package_identification:_identify(STM32/main) by extensions ['cmake', 'python']
[0.357s] Level 1:colcon.colcon_core.package_identification:_identify(STM32/main) by extension 'cmake'
[0.357s] Level 1:colcon.colcon_core.package_identification:_identify(STM32/main) by extension 'python'
[0.357s] Level 1:colcon.colcon_core.package_identification:_identify(STM32/main) by extensions ['python_setup_py']
[0.357s] Level 1:colcon.colcon_core.package_identification:_identify(STM32/main) by extension 'python_setup_py'
[0.358s] Level 1:colcon.colcon_core.package_identification:_identify(STM32/main/53L0A1) by extensions ['ignore', 'ignore_ament_install']
[0.358s] Level 1:colcon.colcon_core.package_identification:_identify(STM32/main/53L0A1) by extension 'ignore'
[0.358s] Level 1:colcon.colcon_core.package_identification:_identify(STM32/main/53L0A1) by extension 'ignore_ament_install'
[0.358s] Level 1:colcon.colcon_core.package_identification:_identify(STM32/main/53L0A1) by extensions ['colcon_pkg']
[0.358s] Level 1:colcon.colcon_core.package_identification:_identify(STM32/main/53L0A1) by extension 'colcon_pkg'
[0.358s] Level 1:colcon.colcon_core.package_identification:_identify(STM32/main/53L0A1) by extensions ['colcon_meta']
[0.358s] Level 1:colcon.colcon_core.package_identification:_identify(STM32/main/53L0A1) by extension 'colcon_meta'
[0.358s] Level 1:colcon.colcon_core.package_identification:_identify(STM32/main/53L0A1) by extensions ['ros']
[0.358s] Level 1:colcon.colcon_core.package_identification:_identify(STM32/main/53L0A1) by extension 'ros'
[0.358s] Level 1:colcon.colcon_core.package_identification:_identify(STM32/main/53L0A1) by extensions ['cmake', 'python']
[0.358s] Level 1:colcon.colcon_core.package_identification:_identify(STM32/main/53L0A1) by extension 'cmake'
[0.358s] Level 1:colcon.colcon_core.package_identification:_identify(STM32/main/53L0A1) by extension 'python'
[0.358s] Level 1:colcon.colcon_core.package_identification:_identify(STM32/main/53L0A1) by extensions ['python_setup_py']
[0.359s] Level 1:colcon.colcon_core.package_identification:_identify(STM32/main/53L0A1) by extension 'python_setup_py'
[0.359s] Level 1:colcon.colcon_core.package_identification:_identify(STM32/main/Core) by extensions ['ignore', 'ignore_ament_install']
[0.359s] Level 1:colcon.colcon_core.package_identification:_identify(STM32/main/Core) by extension 'ignore'
[0.359s] Level 1:colcon.colcon_core.package_identification:_identify(STM32/main/Core) by extension 'ignore_ament_install'
[0.359s] Level 1:colcon.colcon_core.package_identification:_identify(STM32/main/Core) by extensions ['colcon_pkg']
[0.359s] Level 1:colcon.colcon_core.package_identification:_identify(STM32/main/Core) by extension 'colcon_pkg'
[0.359s] Level 1:colcon.colcon_core.package_identification:_identify(STM32/main/Core) by extensions ['colcon_meta']
[0.359s] Level 1:colcon.colcon_core.package_identification:_identify(STM32/main/Core) by extension 'colcon_meta'
[0.359s] Level 1:colcon.colcon_core.package_identification:_identify(STM32/main/Core) by extensions ['ros']
[0.359s] Level 1:colcon.colcon_core.package_identification:_identify(STM32/main/Core) by extension 'ros'
[0.359s] Level 1:colcon.colcon_core.package_identification:_identify(STM32/main/Core) by extensions ['cmake', 'python']
[0.360s] Level 1:colcon.colcon_core.package_identification:_identify(STM32/main/Core) by extension 'cmake'
[0.360s] Level 1:colcon.colcon_core.package_identification:_identify(STM32/main/Core) by extension 'python'
[0.360s] Level 1:colcon.colcon_core.package_identification:_identify(STM32/main/Core) by extensions ['python_setup_py']
[0.360s] Level 1:colcon.colcon_core.package_identification:_identify(STM32/main/Core) by extension 'python_setup_py'
[0.360s] Level 1:colcon.colcon_core.package_identification:_identify(STM32/main/Core/Inc) by extensions ['ignore', 'ignore_ament_install']
[0.360s] Level 1:colcon.colcon_core.package_identification:_identify(STM32/main/Core/Inc) by extension 'ignore'
[0.360s] Level 1:colcon.colcon_core.package_identification:_identify(STM32/main/Core/Inc) by extension 'ignore_ament_install'
[0.360s] Level 1:colcon.colcon_core.package_identification:_identify(STM32/main/Core/Inc) by extensions ['colcon_pkg']
[0.360s] Level 1:colcon.colcon_core.package_identification:_identify(STM32/main/Core/Inc) by extension 'colcon_pkg'
[0.361s] Level 1:colcon.colcon_core.package_identification:_identify(STM32/main/Core/Inc) by extensions ['colcon_meta']
[0.361s] Level 1:colcon.colcon_core.package_identification:_identify(STM32/main/Core/Inc) by extension 'colcon_meta'
[0.361s] Level 1:colcon.colcon_core.package_identification:_identify(STM32/main/Core/Inc) by extensions ['ros']
[0.361s] Level 1:colcon.colcon_core.package_identification:_identify(STM32/main/Core/Inc) by extension 'ros'
[0.361s] Level 1:colcon.colcon_core.package_identification:_identify(STM32/main/Core/Inc) by extensions ['cmake', 'python']
[0.361s] Level 1:colcon.colcon_core.package_identification:_identify(STM32/main/Core/Inc) by extension 'cmake'
[0.361s] Level 1:colcon.colcon_core.package_identification:_identify(STM32/main/Core/Inc) by extension 'python'
[0.361s] Level 1:colcon.colcon_core.package_identification:_identify(STM32/main/Core/Inc) by extensions ['python_setup_py']
[0.361s] Level 1:colcon.colcon_core.package_identification:_identify(STM32/main/Core/Inc) by extension 'python_setup_py'
[0.361s] Level 1:colcon.colcon_core.package_identification:_identify(STM32/main/Core/Src) by extensions ['ignore', 'ignore_ament_install']
[0.361s] Level 1:colcon.colcon_core.package_identification:_identify(STM32/main/Core/Src) by extension 'ignore'
[0.362s] Level 1:colcon.colcon_core.package_identification:_identify(STM32/main/Core/Src) by extension 'ignore_ament_install'
[0.362s] Level 1:colcon.colcon_core.package_identification:_identify(STM32/main/Core/Src) by extensions ['colcon_pkg']
[0.362s] Level 1:colcon.colcon_core.package_identification:_identify(STM32/main/Core/Src) by extension 'colcon_pkg'
[0.362s] Level 1:colcon.colcon_core.package_identification:_identify(STM32/main/Core/Src) by extensions ['colcon_meta']
[0.362s] Level 1:colcon.colcon_core.package_identification:_identify(STM32/main/Core/Src) by extension 'colcon_meta'
[0.362s] Level 1:colcon.colcon_core.package_identification:_identify(STM32/main/Core/Src) by extensions ['ros']
[0.362s] Level 1:colcon.colcon_core.package_identification:_identify(STM32/main/Core/Src) by extension 'ros'
[0.363s] Level 1:colcon.colcon_core.package_identification:_identify(STM32/main/Core/Src) by extensions ['cmake', 'python']
[0.363s] Level 1:colcon.colcon_core.package_identification:_identify(STM32/main/Core/Src) by extension 'cmake'
[0.363s] Level 1:colcon.colcon_core.package_identification:_identify(STM32/main/Core/Src) by extension 'python'
[0.363s] Level 1:colcon.colcon_core.package_identification:_identify(STM32/main/Core/Src) by extensions ['python_setup_py']
[0.363s] Level 1:colcon.colcon_core.package_identification:_identify(STM32/main/Core/Src) by extension 'python_setup_py'
[0.363s] Level 1:colcon.colcon_core.package_identification:_identify(STM32/main/Core/Startup) by extensions ['ignore', 'ignore_ament_install']
[0.364s] Level 1:colcon.colcon_core.package_identification:_identify(STM32/main/Core/Startup) by extension 'ignore'
[0.364s] Level 1:colcon.colcon_core.package_identification:_identify(STM32/main/Core/Startup) by extension 'ignore_ament_install'
[0.364s] Level 1:colcon.colcon_core.package_identification:_identify(STM32/main/Core/Startup) by extensions ['colcon_pkg']
[0.364s] Level 1:colcon.colcon_core.package_identification:_identify(STM32/main/Core/Startup) by extension 'colcon_pkg'
[0.365s] Level 1:colcon.colcon_core.package_identification:_identify(STM32/main/Core/Startup) by extensions ['colcon_meta']
[0.365s] Level 1:colcon.colcon_core.package_identification:_identify(STM32/main/Core/Startup) by extension 'colcon_meta'
[0.365s] Level 1:colcon.colcon_core.package_identification:_identify(STM32/main/Core/Startup) by extensions ['ros']
[0.365s] Level 1:colcon.colcon_core.package_identification:_identify(STM32/main/Core/Startup) by extension 'ros'
[0.365s] Level 1:colcon.colcon_core.package_identification:_identify(STM32/main/Core/Startup) by extensions ['cmake', 'python']
[0.365s] Level 1:colcon.colcon_core.package_identification:_identify(STM32/main/Core/Startup) by extension 'cmake'
[0.365s] Level 1:colcon.colcon_core.package_identification:_identify(STM32/main/Core/Startup) by extension 'python'
[0.365s] Level 1:colcon.colcon_core.package_identification:_identify(STM32/main/Core/Startup) by extensions ['python_setup_py']
[0.366s] Level 1:colcon.colcon_core.package_identification:_identify(STM32/main/Core/Startup) by extension 'python_setup_py'
[0.366s] Level 1:colcon.colcon_core.package_identification:_identify(STM32/main/Debug) by extensions ['ignore', 'ignore_ament_install']
[0.366s] Level 1:colcon.colcon_core.package_identification:_identify(STM32/main/Debug) by extension 'ignore'
[0.366s] Level 1:colcon.colcon_core.package_identification:_identify(STM32/main/Debug) by extension 'ignore_ament_install'
[0.367s] Level 1:colcon.colcon_core.package_identification:_identify(STM32/main/Debug) by extensions ['colcon_pkg']
[0.367s] Level 1:colcon.colcon_core.package_identification:_identify(STM32/main/Debug) by extension 'colcon_pkg'
[0.367s] Level 1:colcon.colcon_core.package_identification:_identify(STM32/main/Debug) by extensions ['colcon_meta']
[0.367s] Level 1:colcon.colcon_core.package_identification:_identify(STM32/main/Debug) by extension 'colcon_meta'
[0.367s] Level 1:colcon.colcon_core.package_identification:_identify(STM32/main/Debug) by extensions ['ros']
[0.367s] Level 1:colcon.colcon_core.package_identification:_identify(STM32/main/Debug) by extension 'ros'
[0.367s] Level 1:colcon.colcon_core.package_identification:_identify(STM32/main/Debug) by extensions ['cmake', 'python']
[0.367s] Level 1:colcon.colcon_core.package_identification:_identify(STM32/main/Debug) by extension 'cmake'
[0.367s] Level 1:colcon.colcon_core.package_identification:_identify(STM32/main/Debug) by extension 'python'
[0.367s] Level 1:colcon.colcon_core.package_identification:_identify(STM32/main/Debug) by extensions ['python_setup_py']
[0.368s] Level 1:colcon.colcon_core.package_identification:_identify(STM32/main/Debug) by extension 'python_setup_py'
[0.368s] Level 1:colcon.colcon_core.package_identification:_identify(STM32/main/Debug/Core) by extensions ['ignore', 'ignore_ament_install']
[0.368s] Level 1:colcon.colcon_core.package_identification:_identify(STM32/main/Debug/Core) by extension 'ignore'
[0.368s] Level 1:colcon.colcon_core.package_identification:_identify(STM32/main/Debug/Core) by extension 'ignore_ament_install'
[0.368s] Level 1:colcon.colcon_core.package_identification:_identify(STM32/main/Debug/Core) by extensions ['colcon_pkg']
[0.369s] Level 1:colcon.colcon_core.package_identification:_identify(STM32/main/Debug/Core) by extension 'colcon_pkg'
[0.369s] Level 1:colcon.colcon_core.package_identification:_identify(STM32/main/Debug/Core) by extensions ['colcon_meta']
[0.369s] Level 1:colcon.colcon_core.package_identification:_identify(STM32/main/Debug/Core) by extension 'colcon_meta'
[0.369s] Level 1:colcon.colcon_core.package_identification:_identify(STM32/main/Debug/Core) by extensions ['ros']
[0.369s] Level 1:colcon.colcon_core.package_identification:_identify(STM32/main/Debug/Core) by extension 'ros'
[0.369s] Level 1:colcon.colcon_core.package_identification:_identify(STM32/main/Debug/Core) by extensions ['cmake', 'python']
[0.369s] Level 1:colcon.colcon_core.package_identification:_identify(STM32/main/Debug/Core) by extension 'cmake'
[0.369s] Level 1:colcon.colcon_core.package_identification:_identify(STM32/main/Debug/Core) by extension 'python'
[0.369s] Level 1:colcon.colcon_core.package_identification:_identify(STM32/main/Debug/Core) by extensions ['python_setup_py']
[0.369s] Level 1:colcon.colcon_core.package_identification:_identify(STM32/main/Debug/Core) by extension 'python_setup_py'
[0.370s] Level 1:colcon.colcon_core.package_identification:_identify(STM32/main/Debug/Core/Src) by extensions ['ignore', 'ignore_ament_install']
[0.370s] Level 1:colcon.colcon_core.package_identification:_identify(STM32/main/Debug/Core/Src) by extension 'ignore'
[0.370s] Level 1:colcon.colcon_core.package_identification:_identify(STM32/main/Debug/Core/Src) by extension 'ignore_ament_install'
[0.370s] Level 1:colcon.colcon_core.package_identification:_identify(STM32/main/Debug/Core/Src) by extensions ['colcon_pkg']
[0.370s] Level 1:colcon.colcon_core.package_identification:_identify(STM32/main/Debug/Core/Src) by extension 'colcon_pkg'
[0.370s] Level 1:colcon.colcon_core.package_identification:_identify(STM32/main/Debug/Core/Src) by extensions ['colcon_meta']
[0.370s] Level 1:colcon.colcon_core.package_identification:_identify(STM32/main/Debug/Core/Src) by extension 'colcon_meta'
[0.371s] Level 1:colcon.colcon_core.package_identification:_identify(STM32/main/Debug/Core/Src) by extensions ['ros']
[0.371s] Level 1:colcon.colcon_core.package_identification:_identify(STM32/main/Debug/Core/Src) by extension 'ros'
[0.371s] Level 1:colcon.colcon_core.package_identification:_identify(STM32/main/Debug/Core/Src) by extensions ['cmake', 'python']
[0.371s] Level 1:colcon.colcon_core.package_identification:_identify(STM32/main/Debug/Core/Src) by extension 'cmake'
[0.371s] Level 1:colcon.colcon_core.package_identification:_identify(STM32/main/Debug/Core/Src) by extension 'python'
[0.371s] Level 1:colcon.colcon_core.package_identification:_identify(STM32/main/Debug/Core/Src) by extensions ['python_setup_py']
[0.371s] Level 1:colcon.colcon_core.package_identification:_identify(STM32/main/Debug/Core/Src) by extension 'python_setup_py'
[0.371s] Level 1:colcon.colcon_core.package_identification:_identify(STM32/main/Debug/Core/Startup) by extensions ['ignore', 'ignore_ament_install']
[0.372s] Level 1:colcon.colcon_core.package_identification:_identify(STM32/main/Debug/Core/Startup) by extension 'ignore'
[0.372s] Level 1:colcon.colcon_core.package_identification:_identify(STM32/main/Debug/Core/Startup) by extension 'ignore_ament_install'
[0.372s] Level 1:colcon.colcon_core.package_identification:_identify(STM32/main/Debug/Core/Startup) by extensions ['colcon_pkg']
[0.372s] Level 1:colcon.colcon_core.package_identification:_identify(STM32/main/Debug/Core/Startup) by extension 'colcon_pkg'
[0.372s] Level 1:colcon.colcon_core.package_identification:_identify(STM32/main/Debug/Core/Startup) by extensions ['colcon_meta']
[0.372s] Level 1:colcon.colcon_core.package_identification:_identify(STM32/main/Debug/Core/Startup) by extension 'colcon_meta'
[0.372s] Level 1:colcon.colcon_core.package_identification:_identify(STM32/main/Debug/Core/Startup) by extensions ['ros']
[0.372s] Level 1:colcon.colcon_core.package_identification:_identify(STM32/main/Debug/Core/Startup) by extension 'ros'
[0.372s] Level 1:colcon.colcon_core.package_identification:_identify(STM32/main/Debug/Core/Startup) by extensions ['cmake', 'python']
[0.373s] Level 1:colcon.colcon_core.package_identification:_identify(STM32/main/Debug/Core/Startup) by extension 'cmake'
[0.373s] Level 1:colcon.colcon_core.package_identification:_identify(STM32/main/Debug/Core/Startup) by extension 'python'
[0.373s] Level 1:colcon.colcon_core.package_identification:_identify(STM32/main/Debug/Core/Startup) by extensions ['python_setup_py']
[0.373s] Level 1:colcon.colcon_core.package_identification:_identify(STM32/main/Debug/Core/Startup) by extension 'python_setup_py'
[0.373s] Level 1:colcon.colcon_core.package_identification:_identify(STM32/main/Debug/Drivers) by extensions ['ignore', 'ignore_ament_install']
[0.373s] Level 1:colcon.colcon_core.package_identification:_identify(STM32/main/Debug/Drivers) by extension 'ignore'
[0.374s] Level 1:colcon.colcon_core.package_identification:_identify(STM32/main/Debug/Drivers) by extension 'ignore_ament_install'
[0.374s] Level 1:colcon.colcon_core.package_identification:_identify(STM32/main/Debug/Drivers) by extensions ['colcon_pkg']
[0.374s] Level 1:colcon.colcon_core.package_identification:_identify(STM32/main/Debug/Drivers) by extension 'colcon_pkg'
[0.374s] Level 1:colcon.colcon_core.package_identification:_identify(STM32/main/Debug/Drivers) by extensions ['colcon_meta']
[0.374s] Level 1:colcon.colcon_core.package_identification:_identify(STM32/main/Debug/Drivers) by extension 'colcon_meta'
[0.374s] Level 1:colcon.colcon_core.package_identification:_identify(STM32/main/Debug/Drivers) by extensions ['ros']
[0.374s] Level 1:colcon.colcon_core.package_identification:_identify(STM32/main/Debug/Drivers) by extension 'ros'
[0.375s] Level 1:colcon.colcon_core.package_identification:_identify(STM32/main/Debug/Drivers) by extensions ['cmake', 'python']
[0.375s] Level 1:colcon.colcon_core.package_identification:_identify(STM32/main/Debug/Drivers) by extension 'cmake'
[0.375s] Level 1:colcon.colcon_core.package_identification:_identify(STM32/main/Debug/Drivers) by extension 'python'
[0.375s] Level 1:colcon.colcon_core.package_identification:_identify(STM32/main/Debug/Drivers) by extensions ['python_setup_py']
[0.375s] Level 1:colcon.colcon_core.package_identification:_identify(STM32/main/Debug/Drivers) by extension 'python_setup_py'
[0.375s] Level 1:colcon.colcon_core.package_identification:_identify(STM32/main/Debug/Drivers/Bosch) by extensions ['ignore', 'ignore_ament_install']
[0.375s] Level 1:colcon.colcon_core.package_identification:_identify(STM32/main/Debug/Drivers/Bosch) by extension 'ignore'
[0.376s] Level 1:colcon.colcon_core.package_identification:_identify(STM32/main/Debug/Drivers/Bosch) by extension 'ignore_ament_install'
[0.376s] Level 1:colcon.colcon_core.package_identification:_identify(STM32/main/Debug/Drivers/Bosch) by extensions ['colcon_pkg']
[0.376s] Level 1:colcon.colcon_core.package_identification:_identify(STM32/main/Debug/Drivers/Bosch) by extension 'colcon_pkg'
[0.376s] Level 1:colcon.colcon_core.package_identification:_identify(STM32/main/Debug/Drivers/Bosch) by extensions ['colcon_meta']
[0.376s] Level 1:colcon.colcon_core.package_identification:_identify(STM32/main/Debug/Drivers/Bosch) by extension 'colcon_meta'
[0.376s] Level 1:colcon.colcon_core.package_identification:_identify(STM32/main/Debug/Drivers/Bosch) by extensions ['ros']
[0.376s] Level 1:colcon.colcon_core.package_identification:_identify(STM32/main/Debug/Drivers/Bosch) by extension 'ros'
[0.376s] Level 1:colcon.colcon_core.package_identification:_identify(STM32/main/Debug/Drivers/Bosch) by extensions ['cmake', 'python']
[0.376s] Level 1:colcon.colcon_core.package_identification:_identify(STM32/main/Debug/Drivers/Bosch) by extension 'cmake'
[0.377s] Level 1:colcon.colcon_core.package_identification:_identify(STM32/main/Debug/Drivers/Bosch) by extension 'python'
[0.377s] Level 1:colcon.colcon_core.package_identification:_identify(STM32/main/Debug/Drivers/Bosch) by extensions ['python_setup_py']
[0.377s] Level 1:colcon.colcon_core.package_identification:_identify(STM32/main/Debug/Drivers/Bosch) by extension 'python_setup_py'
[0.377s] Level 1:colcon.colcon_core.package_identification:_identify(STM32/main/Debug/Drivers/Bosch/BMI088) by extensions ['ignore', 'ignore_ament_install']
[0.377s] Level 1:colcon.colcon_core.package_identification:_identify(STM32/main/Debug/Drivers/Bosch/BMI088) by extension 'ignore'
[0.377s] Level 1:colcon.colcon_core.package_identification:_identify(STM32/main/Debug/Drivers/Bosch/BMI088) by extension 'ignore_ament_install'
[0.377s] Level 1:colcon.colcon_core.package_identification:_identify(STM32/main/Debug/Drivers/Bosch/BMI088) by extensions ['colcon_pkg']
[0.378s] Level 1:colcon.colcon_core.package_identification:_identify(STM32/main/Debug/Drivers/Bosch/BMI088) by extension 'colcon_pkg'
[0.378s] Level 1:colcon.colcon_core.package_identification:_identify(STM32/main/Debug/Drivers/Bosch/BMI088) by extensions ['colcon_meta']
[0.378s] Level 1:colcon.colcon_core.package_identification:_identify(STM32/main/Debug/Drivers/Bosch/BMI088) by extension 'colcon_meta'
[0.378s] Level 1:colcon.colcon_core.package_identification:_identify(STM32/main/Debug/Drivers/Bosch/BMI088) by extensions ['ros']
[0.378s] Level 1:colcon.colcon_core.package_identification:_identify(STM32/main/Debug/Drivers/Bosch/BMI088) by extension 'ros'
[0.379s] Level 1:colcon.colcon_core.package_identification:_identify(STM32/main/Debug/Drivers/Bosch/BMI088) by extensions ['cmake', 'python']
[0.379s] Level 1:colcon.colcon_core.package_identification:_identify(STM32/main/Debug/Drivers/Bosch/BMI088) by extension 'cmake'
[0.379s] Level 1:colcon.colcon_core.package_identification:_identify(STM32/main/Debug/Drivers/Bosch/BMI088) by extension 'python'
[0.379s] Level 1:colcon.colcon_core.package_identification:_identify(STM32/main/Debug/Drivers/Bosch/BMI088) by extensions ['python_setup_py']
[0.379s] Level 1:colcon.colcon_core.package_identification:_identify(STM32/main/Debug/Drivers/Bosch/BMI088) by extension 'python_setup_py'
[0.379s] Level 1:colcon.colcon_core.package_identification:_identify(STM32/main/Debug/Drivers/STM32G0xx_HAL_Driver) by extensions ['ignore', 'ignore_ament_install']
[0.380s] Level 1:colcon.colcon_core.package_identification:_identify(STM32/main/Debug/Drivers/STM32G0xx_HAL_Driver) by extension 'ignore'
[0.380s] Level 1:colcon.colcon_core.package_identification:_identify(STM32/main/Debug/Drivers/STM32G0xx_HAL_Driver) by extension 'ignore_ament_install'
[0.380s] Level 1:colcon.colcon_core.package_identification:_identify(STM32/main/Debug/Drivers/STM32G0xx_HAL_Driver) by extensions ['colcon_pkg']
[0.380s] Level 1:colcon.colcon_core.package_identification:_identify(STM32/main/Debug/Drivers/STM32G0xx_HAL_Driver) by extension 'colcon_pkg'
[0.381s] Level 1:colcon.colcon_core.package_identification:_identify(STM32/main/Debug/Drivers/STM32G0xx_HAL_Driver) by extensions ['colcon_meta']
[0.381s] Level 1:colcon.colcon_core.package_identification:_identify(STM32/main/Debug/Drivers/STM32G0xx_HAL_Driver) by extension 'colcon_meta'
[0.381s] Level 1:colcon.colcon_core.package_identification:_identify(STM32/main/Debug/Drivers/STM32G0xx_HAL_Driver) by extensions ['ros']
[0.381s] Level 1:colcon.colcon_core.package_identification:_identify(STM32/main/Debug/Drivers/STM32G0xx_HAL_Driver) by extension 'ros'
[0.381s] Level 1:colcon.colcon_core.package_identification:_identify(STM32/main/Debug/Drivers/STM32G0xx_HAL_Driver) by extensions ['cmake', 'python']
[0.381s] Level 1:colcon.colcon_core.package_identification:_identify(STM32/main/Debug/Drivers/STM32G0xx_HAL_Driver) by extension 'cmake'
[0.381s] Level 1:colcon.colcon_core.package_identification:_identify(STM32/main/Debug/Drivers/STM32G0xx_HAL_Driver) by extension 'python'
[0.381s] Level 1:colcon.colcon_core.package_identification:_identify(STM32/main/Debug/Drivers/STM32G0xx_HAL_Driver) by extensions ['python_setup_py']
[0.382s] Level 1:colcon.colcon_core.package_identification:_identify(STM32/main/Debug/Drivers/STM32G0xx_HAL_Driver) by extension 'python_setup_py'
[0.382s] Level 1:colcon.colcon_core.package_identification:_identify(STM32/main/Debug/Drivers/STM32G0xx_HAL_Driver/Src) by extensions ['ignore', 'ignore_ament_install']
[0.382s] Level 1:colcon.colcon_core.package_identification:_identify(STM32/main/Debug/Drivers/STM32G0xx_HAL_Driver/Src) by extension 'ignore'
[0.383s] Level 1:colcon.colcon_core.package_identification:_identify(STM32/main/Debug/Drivers/STM32G0xx_HAL_Driver/Src) by extension 'ignore_ament_install'
[0.383s] Level 1:colcon.colcon_core.package_identification:_identify(STM32/main/Debug/Drivers/STM32G0xx_HAL_Driver/Src) by extensions ['colcon_pkg']
[0.383s] Level 1:colcon.colcon_core.package_identification:_identify(STM32/main/Debug/Drivers/STM32G0xx_HAL_Driver/Src) by extension 'colcon_pkg'
[0.383s] Level 1:colcon.colcon_core.package_identification:_identify(STM32/main/Debug/Drivers/STM32G0xx_HAL_Driver/Src) by extensions ['colcon_meta']
[0.383s] Level 1:colcon.colcon_core.package_identification:_identify(STM32/main/Debug/Drivers/STM32G0xx_HAL_Driver/Src) by extension 'colcon_meta'
[0.383s] Level 1:colcon.colcon_core.package_identification:_identify(STM32/main/Debug/Drivers/STM32G0xx_HAL_Driver/Src) by extensions ['ros']
[0.383s] Level 1:colcon.colcon_core.package_identification:_identify(STM32/main/Debug/Drivers/STM32G0xx_HAL_Driver/Src) by extension 'ros'
[0.384s] Level 1:colcon.colcon_core.package_identification:_identify(STM32/main/Debug/Drivers/STM32G0xx_HAL_Driver/Src) by extensions ['cmake', 'python']
[0.384s] Level 1:colcon.colcon_core.package_identification:_identify(STM32/main/Debug/Drivers/STM32G0xx_HAL_Driver/Src) by extension 'cmake'
[0.384s] Level 1:colcon.colcon_core.package_identification:_identify(STM32/main/Debug/Drivers/STM32G0xx_HAL_Driver/Src) by extension 'python'
[0.384s] Level 1:colcon.colcon_core.package_identification:_identify(STM32/main/Debug/Drivers/STM32G0xx_HAL_Driver/Src) by extensions ['python_setup_py']
[0.384s] Level 1:colcon.colcon_core.package_identification:_identify(STM32/main/Debug/Drivers/STM32G0xx_HAL_Driver/Src) by extension 'python_setup_py'
[0.384s] Level 1:colcon.colcon_core.package_identification:_identify(STM32/main/Drivers) by extensions ['ignore', 'ignore_ament_install']
[0.384s] Level 1:colcon.colcon_core.package_identification:_identify(STM32/main/Drivers) by extension 'ignore'
[0.385s] Level 1:colcon.colcon_core.package_identification:_identify(STM32/main/Drivers) by extension 'ignore_ament_install'
[0.385s] Level 1:colcon.colcon_core.package_identification:_identify(STM32/main/Drivers) by extensions ['colcon_pkg']
[0.385s] Level 1:colcon.colcon_core.package_identification:_identify(STM32/main/Drivers) by extension 'colcon_pkg'
[0.385s] Level 1:colcon.colcon_core.package_identification:_identify(STM32/main/Drivers) by extensions ['colcon_meta']
[0.385s] Level 1:colcon.colcon_core.package_identification:_identify(STM32/main/Drivers) by extension 'colcon_meta'
[0.385s] Level 1:colcon.colcon_core.package_identification:_identify(STM32/main/Drivers) by extensions ['ros']
[0.385s] Level 1:colcon.colcon_core.package_identification:_identify(STM32/main/Drivers) by extension 'ros'
[0.385s] Level 1:colcon.colcon_core.package_identification:_identify(STM32/main/Drivers) by extensions ['cmake', 'python']
[0.385s] Level 1:colcon.colcon_core.package_identification:_identify(STM32/main/Drivers) by extension 'cmake'
[0.385s] Level 1:colcon.colcon_core.package_identification:_identify(STM32/main/Drivers) by extension 'python'
[0.385s] Level 1:colcon.colcon_core.package_identification:_identify(STM32/main/Drivers) by extensions ['python_setup_py']
[0.385s] Level 1:colcon.colcon_core.package_identification:_identify(STM32/main/Drivers) by extension 'python_setup_py'
[0.386s] Level 1:colcon.colcon_core.package_identification:_identify(STM32/main/Drivers/Bosch) by extensions ['ignore', 'ignore_ament_install']
[0.386s] Level 1:colcon.colcon_core.package_identification:_identify(STM32/main/Drivers/Bosch) by extension 'ignore'
[0.386s] Level 1:colcon.colcon_core.package_identification:_identify(STM32/main/Drivers/Bosch) by extension 'ignore_ament_install'
[0.387s] Level 1:colcon.colcon_core.package_identification:_identify(STM32/main/Drivers/Bosch) by extensions ['colcon_pkg']
[0.387s] Level 1:colcon.colcon_core.package_identification:_identify(STM32/main/Drivers/Bosch) by extension 'colcon_pkg'
[0.387s] Level 1:colcon.colcon_core.package_identification:_identify(STM32/main/Drivers/Bosch) by extensions ['colcon_meta']
[0.387s] Level 1:colcon.colcon_core.package_identification:_identify(STM32/main/Drivers/Bosch) by extension 'colcon_meta'
[0.387s] Level 1:colcon.colcon_core.package_identification:_identify(STM32/main/Drivers/Bosch) by extensions ['ros']
[0.388s] Level 1:colcon.colcon_core.package_identification:_identify(STM32/main/Drivers/Bosch) by extension 'ros'
[0.388s] Level 1:colcon.colcon_core.package_identification:_identify(STM32/main/Drivers/Bosch) by extensions ['cmake', 'python']
[0.388s] Level 1:colcon.colcon_core.package_identification:_identify(STM32/main/Drivers/Bosch) by extension 'cmake'
[0.388s] Level 1:colcon.colcon_core.package_identification:_identify(STM32/main/Drivers/Bosch) by extension 'python'
[0.389s] Level 1:colcon.colcon_core.package_identification:_identify(STM32/main/Drivers/Bosch) by extensions ['python_setup_py']
[0.389s] Level 1:colcon.colcon_core.package_identification:_identify(STM32/main/Drivers/Bosch) by extension 'python_setup_py'
[0.389s] Level 1:colcon.colcon_core.package_identification:_identify(STM32/main/Drivers/Bosch/BMI088) by extensions ['ignore', 'ignore_ament_install']
[0.390s] Level 1:colcon.colcon_core.package_identification:_identify(STM32/main/Drivers/Bosch/BMI088) by extension 'ignore'
[0.390s] Level 1:colcon.colcon_core.package_identification:_identify(STM32/main/Drivers/Bosch/BMI088) by extension 'ignore_ament_install'
[0.390s] Level 1:colcon.colcon_core.package_identification:_identify(STM32/main/Drivers/Bosch/BMI088) by extensions ['colcon_pkg']
[0.390s] Level 1:colcon.colcon_core.package_identification:_identify(STM32/main/Drivers/Bosch/BMI088) by extension 'colcon_pkg'
[0.391s] Level 1:colcon.colcon_core.package_identification:_identify(STM32/main/Drivers/Bosch/BMI088) by extensions ['colcon_meta']
[0.391s] Level 1:colcon.colcon_core.package_identification:_identify(STM32/main/Drivers/Bosch/BMI088) by extension 'colcon_meta'
[0.391s] Level 1:colcon.colcon_core.package_identification:_identify(STM32/main/Drivers/Bosch/BMI088) by extensions ['ros']
[0.391s] Level 1:colcon.colcon_core.package_identification:_identify(STM32/main/Drivers/Bosch/BMI088) by extension 'ros'
[0.391s] Level 1:colcon.colcon_core.package_identification:_identify(STM32/main/Drivers/Bosch/BMI088) by extensions ['cmake', 'python']
[0.391s] Level 1:colcon.colcon_core.package_identification:_identify(STM32/main/Drivers/Bosch/BMI088) by extension 'cmake'
[0.391s] Level 1:colcon.colcon_core.package_identification:_identify(STM32/main/Drivers/Bosch/BMI088) by extension 'python'
[0.391s] Level 1:colcon.colcon_core.package_identification:_identify(STM32/main/Drivers/Bosch/BMI088) by extensions ['python_setup_py']
[0.391s] Level 1:colcon.colcon_core.package_identification:_identify(STM32/main/Drivers/Bosch/BMI088) by extension 'python_setup_py'
[0.392s] Level 1:colcon.colcon_core.package_identification:_identify(STM32/main/Drivers/CMSIS) by extensions ['ignore', 'ignore_ament_install']
[0.392s] Level 1:colcon.colcon_core.package_identification:_identify(STM32/main/Drivers/CMSIS) by extension 'ignore'
[0.392s] Level 1:colcon.colcon_core.package_identification:_identify(STM32/main/Drivers/CMSIS) by extension 'ignore_ament_install'
[0.393s] Level 1:colcon.colcon_core.package_identification:_identify(STM32/main/Drivers/CMSIS) by extensions ['colcon_pkg']
[0.393s] Level 1:colcon.colcon_core.package_identification:_identify(STM32/main/Drivers/CMSIS) by extension 'colcon_pkg'
[0.393s] Level 1:colcon.colcon_core.package_identification:_identify(STM32/main/Drivers/CMSIS) by extensions ['colcon_meta']
[0.393s] Level 1:colcon.colcon_core.package_identification:_identify(STM32/main/Drivers/CMSIS) by extension 'colcon_meta'
[0.393s] Level 1:colcon.colcon_core.package_identification:_identify(STM32/main/Drivers/CMSIS) by extensions ['ros']
[0.393s] Level 1:colcon.colcon_core.package_identification:_identify(STM32/main/Drivers/CMSIS) by extension 'ros'
[0.393s] Level 1:colcon.colcon_core.package_identification:_identify(STM32/main/Drivers/CMSIS) by extensions ['cmake', 'python']
[0.393s] Level 1:colcon.colcon_core.package_identification:_identify(STM32/main/Drivers/CMSIS) by extension 'cmake'
[0.394s] Level 1:colcon.colcon_core.package_identification:_identify(STM32/main/Drivers/CMSIS) by extension 'python'
[0.394s] Level 1:colcon.colcon_core.package_identification:_identify(STM32/main/Drivers/CMSIS) by extensions ['python_setup_py']
[0.394s] Level 1:colcon.colcon_core.package_identification:_identify(STM32/main/Drivers/CMSIS) by extension 'python_setup_py'
[0.394s] Level 1:colcon.colcon_core.package_identification:_identify(STM32/main/Drivers/CMSIS/Device) by extensions ['ignore', 'ignore_ament_install']
[0.395s] Level 1:colcon.colcon_core.package_identification:_identify(STM32/main/Drivers/CMSIS/Device) by extension 'ignore'
[0.395s] Level 1:colcon.colcon_core.package_identification:_identify(STM32/main/Drivers/CMSIS/Device) by extension 'ignore_ament_install'
[0.395s] Level 1:colcon.colcon_core.package_identification:_identify(STM32/main/Drivers/CMSIS/Device) by extensions ['colcon_pkg']
[0.395s] Level 1:colcon.colcon_core.package_identification:_identify(STM32/main/Drivers/CMSIS/Device) by extension 'colcon_pkg'
[0.395s] Level 1:colcon.colcon_core.package_identification:_identify(STM32/main/Drivers/CMSIS/Device) by extensions ['colcon_meta']
[0.395s] Level 1:colcon.colcon_core.package_identification:_identify(STM32/main/Drivers/CMSIS/Device) by extension 'colcon_meta'
[0.396s] Level 1:colcon.colcon_core.package_identification:_identify(STM32/main/Drivers/CMSIS/Device) by extensions ['ros']
[0.396s] Level 1:colcon.colcon_core.package_identification:_identify(STM32/main/Drivers/CMSIS/Device) by extension 'ros'
[0.396s] Level 1:colcon.colcon_core.package_identification:_identify(STM32/main/Drivers/CMSIS/Device) by extensions ['cmake', 'python']
[0.396s] Level 1:colcon.colcon_core.package_identification:_identify(STM32/main/Drivers/CMSIS/Device) by extension 'cmake'
[0.396s] Level 1:colcon.colcon_core.package_identification:_identify(STM32/main/Drivers/CMSIS/Device) by extension 'python'
[0.397s] Level 1:colcon.colcon_core.package_identification:_identify(STM32/main/Drivers/CMSIS/Device) by extensions ['python_setup_py']
[0.397s] Level 1:colcon.colcon_core.package_identification:_identify(STM32/main/Drivers/CMSIS/Device) by extension 'python_setup_py'
[0.397s] Level 1:colcon.colcon_core.package_identification:_identify(STM32/main/Drivers/CMSIS/Device/ST) by extensions ['ignore', 'ignore_ament_install']
[0.397s] Level 1:colcon.colcon_core.package_identification:_identify(STM32/main/Drivers/CMSIS/Device/ST) by extension 'ignore'
[0.398s] Level 1:colcon.colcon_core.package_identification:_identify(STM32/main/Drivers/CMSIS/Device/ST) by extension 'ignore_ament_install'
[0.398s] Level 1:colcon.colcon_core.package_identification:_identify(STM32/main/Drivers/CMSIS/Device/ST) by extensions ['colcon_pkg']
[0.398s] Level 1:colcon.colcon_core.package_identification:_identify(STM32/main/Drivers/CMSIS/Device/ST) by extension 'colcon_pkg'
[0.398s] Level 1:colcon.colcon_core.package_identification:_identify(STM32/main/Drivers/CMSIS/Device/ST) by extensions ['colcon_meta']
[0.398s] Level 1:colcon.colcon_core.package_identification:_identify(STM32/main/Drivers/CMSIS/Device/ST) by extension 'colcon_meta'
[0.398s] Level 1:colcon.colcon_core.package_identification:_identify(STM32/main/Drivers/CMSIS/Device/ST) by extensions ['ros']
[0.398s] Level 1:colcon.colcon_core.package_identification:_identify(STM32/main/Drivers/CMSIS/Device/ST) by extension 'ros'
[0.399s] Level 1:colcon.colcon_core.package_identification:_identify(STM32/main/Drivers/CMSIS/Device/ST) by extensions ['cmake', 'python']
[0.399s] Level 1:colcon.colcon_core.package_identification:_identify(STM32/main/Drivers/CMSIS/Device/ST) by extension 'cmake'
[0.399s] Level 1:colcon.colcon_core.package_identification:_identify(STM32/main/Drivers/CMSIS/Device/ST) by extension 'python'
[0.399s] Level 1:colcon.colcon_core.package_identification:_identify(STM32/main/Drivers/CMSIS/Device/ST) by extensions ['python_setup_py']
[0.399s] Level 1:colcon.colcon_core.package_identification:_identify(STM32/main/Drivers/CMSIS/Device/ST) by extension 'python_setup_py'
[0.399s] Level 1:colcon.colcon_core.package_identification:_identify(STM32/main/Drivers/CMSIS/Device/ST/STM32G0xx) by extensions ['ignore', 'ignore_ament_install']
[0.400s] Level 1:colcon.colcon_core.package_identification:_identify(STM32/main/Drivers/CMSIS/Device/ST/STM32G0xx) by extension 'ignore'
[0.400s] Level 1:colcon.colcon_core.package_identification:_identify(STM32/main/Drivers/CMSIS/Device/ST/STM32G0xx) by extension 'ignore_ament_install'
[0.400s] Level 1:colcon.colcon_core.package_identification:_identify(STM32/main/Drivers/CMSIS/Device/ST/STM32G0xx) by extensions ['colcon_pkg']
[0.400s] Level 1:colcon.colcon_core.package_identification:_identify(STM32/main/Drivers/CMSIS/Device/ST/STM32G0xx) by extension 'colcon_pkg'
[0.400s] Level 1:colcon.colcon_core.package_identification:_identify(STM32/main/Drivers/CMSIS/Device/ST/STM32G0xx) by extensions ['colcon_meta']
[0.400s] Level 1:colcon.colcon_core.package_identification:_identify(STM32/main/Drivers/CMSIS/Device/ST/STM32G0xx) by extension 'colcon_meta'
[0.401s] Level 1:colcon.colcon_core.package_identification:_identify(STM32/main/Drivers/CMSIS/Device/ST/STM32G0xx) by extensions ['ros']
[0.401s] Level 1:colcon.colcon_core.package_identification:_identify(STM32/main/Drivers/CMSIS/Device/ST/STM32G0xx) by extension 'ros'
[0.401s] Level 1:colcon.colcon_core.package_identification:_identify(STM32/main/Drivers/CMSIS/Device/ST/STM32G0xx) by extensions ['cmake', 'python']
[0.401s] Level 1:colcon.colcon_core.package_identification:_identify(STM32/main/Drivers/CMSIS/Device/ST/STM32G0xx) by extension 'cmake'
[0.401s] Level 1:colcon.colcon_core.package_identification:_identify(STM32/main/Drivers/CMSIS/Device/ST/STM32G0xx) by extension 'python'
[0.401s] Level 1:colcon.colcon_core.package_identification:_identify(STM32/main/Drivers/CMSIS/Device/ST/STM32G0xx) by extensions ['python_setup_py']
[0.401s] Level 1:colcon.colcon_core.package_identification:_identify(STM32/main/Drivers/CMSIS/Device/ST/STM32G0xx) by extension 'python_setup_py'
[0.402s] Level 1:colcon.colcon_core.package_identification:_identify(STM32/main/Drivers/CMSIS/Device/ST/STM32G0xx/Include) by extensions ['ignore', 'ignore_ament_install']
[0.402s] Level 1:colcon.colcon_core.package_identification:_identify(STM32/main/Drivers/CMSIS/Device/ST/STM32G0xx/Include) by extension 'ignore'
[0.402s] Level 1:colcon.colcon_core.package_identification:_identify(STM32/main/Drivers/CMSIS/Device/ST/STM32G0xx/Include) by extension 'ignore_ament_install'
[0.403s] Level 1:colcon.colcon_core.package_identification:_identify(STM32/main/Drivers/CMSIS/Device/ST/STM32G0xx/Include) by extensions ['colcon_pkg']
[0.403s] Level 1:colcon.colcon_core.package_identification:_identify(STM32/main/Drivers/CMSIS/Device/ST/STM32G0xx/Include) by extension 'colcon_pkg'
[0.403s] Level 1:colcon.colcon_core.package_identification:_identify(STM32/main/Drivers/CMSIS/Device/ST/STM32G0xx/Include) by extensions ['colcon_meta']
[0.403s] Level 1:colcon.colcon_core.package_identification:_identify(STM32/main/Drivers/CMSIS/Device/ST/STM32G0xx/Include) by extension 'colcon_meta'
[0.403s] Level 1:colcon.colcon_core.package_identification:_identify(STM32/main/Drivers/CMSIS/Device/ST/STM32G0xx/Include) by extensions ['ros']
[0.403s] Level 1:colcon.colcon_core.package_identification:_identify(STM32/main/Drivers/CMSIS/Device/ST/STM32G0xx/Include) by extension 'ros'
[0.403s] Level 1:colcon.colcon_core.package_identification:_identify(STM32/main/Drivers/CMSIS/Device/ST/STM32G0xx/Include) by extensions ['cmake', 'python']
[0.403s] Level 1:colcon.colcon_core.package_identification:_identify(STM32/main/Drivers/CMSIS/Device/ST/STM32G0xx/Include) by extension 'cmake'
[0.403s] Level 1:colcon.colcon_core.package_identification:_identify(STM32/main/Drivers/CMSIS/Device/ST/STM32G0xx/Include) by extension 'python'
[0.403s] Level 1:colcon.colcon_core.package_identification:_identify(STM32/main/Drivers/CMSIS/Device/ST/STM32G0xx/Include) by extensions ['python_setup_py']
[0.403s] Level 1:colcon.colcon_core.package_identification:_identify(STM32/main/Drivers/CMSIS/Device/ST/STM32G0xx/Include) by extension 'python_setup_py'
[0.404s] Level 1:colcon.colcon_core.package_identification:_identify(STM32/main/Drivers/CMSIS/Device/ST/STM32G0xx/Source) by extensions ['ignore', 'ignore_ament_install']
[0.404s] Level 1:colcon.colcon_core.package_identification:_identify(STM32/main/Drivers/CMSIS/Device/ST/STM32G0xx/Source) by extension 'ignore'
[0.404s] Level 1:colcon.colcon_core.package_identification:_identify(STM32/main/Drivers/CMSIS/Device/ST/STM32G0xx/Source) by extension 'ignore_ament_install'
[0.404s] Level 1:colcon.colcon_core.package_identification:_identify(STM32/main/Drivers/CMSIS/Device/ST/STM32G0xx/Source) by extensions ['colcon_pkg']
[0.404s] Level 1:colcon.colcon_core.package_identification:_identify(STM32/main/Drivers/CMSIS/Device/ST/STM32G0xx/Source) by extension 'colcon_pkg'
[0.404s] Level 1:colcon.colcon_core.package_identification:_identify(STM32/main/Drivers/CMSIS/Device/ST/STM32G0xx/Source) by extensions ['colcon_meta']
[0.404s] Level 1:colcon.colcon_core.package_identification:_identify(STM32/main/Drivers/CMSIS/Device/ST/STM32G0xx/Source) by extension 'colcon_meta'
[0.404s] Level 1:colcon.colcon_core.package_identification:_identify(STM32/main/Drivers/CMSIS/Device/ST/STM32G0xx/Source) by extensions ['ros']
[0.404s] Level 1:colcon.colcon_core.package_identification:_identify(STM32/main/Drivers/CMSIS/Device/ST/STM32G0xx/Source) by extension 'ros'
[0.405s] Level 1:colcon.colcon_core.package_identification:_identify(STM32/main/Drivers/CMSIS/Device/ST/STM32G0xx/Source) by extensions ['cmake', 'python']
[0.405s] Level 1:colcon.colcon_core.package_identification:_identify(STM32/main/Drivers/CMSIS/Device/ST/STM32G0xx/Source) by extension 'cmake'
[0.405s] Level 1:colcon.colcon_core.package_identification:_identify(STM32/main/Drivers/CMSIS/Device/ST/STM32G0xx/Source) by extension 'python'
[0.405s] Level 1:colcon.colcon_core.package_identification:_identify(STM32/main/Drivers/CMSIS/Device/ST/STM32G0xx/Source) by extensions ['python_setup_py']
[0.405s] Level 1:colcon.colcon_core.package_identification:_identify(STM32/main/Drivers/CMSIS/Device/ST/STM32G0xx/Source) by extension 'python_setup_py'
[0.405s] Level 1:colcon.colcon_core.package_identification:_identify(STM32/main/Drivers/CMSIS/Device/ST/STM32G0xx/Source/Templates) by extensions ['ignore', 'ignore_ament_install']
[0.405s] Level 1:colcon.colcon_core.package_identification:_identify(STM32/main/Drivers/CMSIS/Device/ST/STM32G0xx/Source/Templates) by extension 'ignore'
[0.405s] Level 1:colcon.colcon_core.package_identification:_identify(STM32/main/Drivers/CMSIS/Device/ST/STM32G0xx/Source/Templates) by extension 'ignore_ament_install'
[0.405s] Level 1:colcon.colcon_core.package_identification:_identify(STM32/main/Drivers/CMSIS/Device/ST/STM32G0xx/Source/Templates) by extensions ['colcon_pkg']
[0.405s] Level 1:colcon.colcon_core.package_identification:_identify(STM32/main/Drivers/CMSIS/Device/ST/STM32G0xx/Source/Templates) by extension 'colcon_pkg'
[0.405s] Level 1:colcon.colcon_core.package_identification:_identify(STM32/main/Drivers/CMSIS/Device/ST/STM32G0xx/Source/Templates) by extensions ['colcon_meta']
[0.405s] Level 1:colcon.colcon_core.package_identification:_identify(STM32/main/Drivers/CMSIS/Device/ST/STM32G0xx/Source/Templates) by extension 'colcon_meta'
[0.406s] Level 1:colcon.colcon_core.package_identification:_identify(STM32/main/Drivers/CMSIS/Device/ST/STM32G0xx/Source/Templates) by extensions ['ros']
[0.406s] Level 1:colcon.colcon_core.package_identification:_identify(STM32/main/Drivers/CMSIS/Device/ST/STM32G0xx/Source/Templates) by extension 'ros'
[0.406s] Level 1:colcon.colcon_core.package_identification:_identify(STM32/main/Drivers/CMSIS/Device/ST/STM32G0xx/Source/Templates) by extensions ['cmake', 'python']
[0.406s] Level 1:colcon.colcon_core.package_identification:_identify(STM32/main/Drivers/CMSIS/Device/ST/STM32G0xx/Source/Templates) by extension 'cmake'
[0.406s] Level 1:colcon.colcon_core.package_identification:_identify(STM32/main/Drivers/CMSIS/Device/ST/STM32G0xx/Source/Templates) by extension 'python'
[0.406s] Level 1:colcon.colcon_core.package_identification:_identify(STM32/main/Drivers/CMSIS/Device/ST/STM32G0xx/Source/Templates) by extensions ['python_setup_py']
[0.406s] Level 1:colcon.colcon_core.package_identification:_identify(STM32/main/Drivers/CMSIS/Device/ST/STM32G0xx/Source/Templates) by extension 'python_setup_py'
[0.406s] Level 1:colcon.colcon_core.package_identification:_identify(STM32/main/Drivers/CMSIS/Include) by extensions ['ignore', 'ignore_ament_install']
[0.406s] Level 1:colcon.colcon_core.package_identification:_identify(STM32/main/Drivers/CMSIS/Include) by extension 'ignore'
[0.406s] Level 1:colcon.colcon_core.package_identification:_identify(STM32/main/Drivers/CMSIS/Include) by extension 'ignore_ament_install'
[0.406s] Level 1:colcon.colcon_core.package_identification:_identify(STM32/main/Drivers/CMSIS/Include) by extensions ['colcon_pkg']
[0.406s] Level 1:colcon.colcon_core.package_identification:_identify(STM32/main/Drivers/CMSIS/Include) by extension 'colcon_pkg'
[0.407s] Level 1:colcon.colcon_core.package_identification:_identify(STM32/main/Drivers/CMSIS/Include) by extensions ['colcon_meta']
[0.407s] Level 1:colcon.colcon_core.package_identification:_identify(STM32/main/Drivers/CMSIS/Include) by extension 'colcon_meta'
[0.407s] Level 1:colcon.colcon_core.package_identification:_identify(STM32/main/Drivers/CMSIS/Include) by extensions ['ros']
[0.407s] Level 1:colcon.colcon_core.package_identification:_identify(STM32/main/Drivers/CMSIS/Include) by extension 'ros'
[0.407s] Level 1:colcon.colcon_core.package_identification:_identify(STM32/main/Drivers/CMSIS/Include) by extensions ['cmake', 'python']
[0.407s] Level 1:colcon.colcon_core.package_identification:_identify(STM32/main/Drivers/CMSIS/Include) by extension 'cmake'
[0.407s] Level 1:colcon.colcon_core.package_identification:_identify(STM32/main/Drivers/CMSIS/Include) by extension 'python'
[0.407s] Level 1:colcon.colcon_core.package_identification:_identify(STM32/main/Drivers/CMSIS/Include) by extensions ['python_setup_py']
[0.407s] Level 1:colcon.colcon_core.package_identification:_identify(STM32/main/Drivers/CMSIS/Include) by extension 'python_setup_py'
[0.407s] Level 1:colcon.colcon_core.package_identification:_identify(STM32/main/Drivers/STM32G0xx_HAL_Driver) by extensions ['ignore', 'ignore_ament_install']
[0.407s] Level 1:colcon.colcon_core.package_identification:_identify(STM32/main/Drivers/STM32G0xx_HAL_Driver) by extension 'ignore'
[0.407s] Level 1:colcon.colcon_core.package_identification:_identify(STM32/main/Drivers/STM32G0xx_HAL_Driver) by extension 'ignore_ament_install'
[0.407s] Level 1:colcon.colcon_core.package_identification:_identify(STM32/main/Drivers/STM32G0xx_HAL_Driver) by extensions ['colcon_pkg']
[0.407s] Level 1:colcon.colcon_core.package_identification:_identify(STM32/main/Drivers/STM32G0xx_HAL_Driver) by extension 'colcon_pkg'
[0.407s] Level 1:colcon.colcon_core.package_identification:_identify(STM32/main/Drivers/STM32G0xx_HAL_Driver) by extensions ['colcon_meta']
[0.408s] Level 1:colcon.colcon_core.package_identification:_identify(STM32/main/Drivers/STM32G0xx_HAL_Driver) by extension 'colcon_meta'
[0.408s] Level 1:colcon.colcon_core.package_identification:_identify(STM32/main/Drivers/STM32G0xx_HAL_Driver) by extensions ['ros']
[0.408s] Level 1:colcon.colcon_core.package_identification:_identify(STM32/main/Drivers/STM32G0xx_HAL_Driver) by extension 'ros'
[0.408s] Level 1:colcon.colcon_core.package_identification:_identify(STM32/main/Drivers/STM32G0xx_HAL_Driver) by extensions ['cmake', 'python']
[0.408s] Level 1:colcon.colcon_core.package_identification:_identify(STM32/main/Drivers/STM32G0xx_HAL_Driver) by extension 'cmake'
[0.408s] Level 1:colcon.colcon_core.package_identification:_identify(STM32/main/Drivers/STM32G0xx_HAL_Driver) by extension 'python'
[0.408s] Level 1:colcon.colcon_core.package_identification:_identify(STM32/main/Drivers/STM32G0xx_HAL_Driver) by extensions ['python_setup_py']
[0.408s] Level 1:colcon.colcon_core.package_identification:_identify(STM32/main/Drivers/STM32G0xx_HAL_Driver) by extension 'python_setup_py'
[0.408s] Level 1:colcon.colcon_core.package_identification:_identify(STM32/main/Drivers/STM32G0xx_HAL_Driver/Inc) by extensions ['ignore', 'ignore_ament_install']
[0.408s] Level 1:colcon.colcon_core.package_identification:_identify(STM32/main/Drivers/STM32G0xx_HAL_Driver/Inc) by extension 'ignore'
[0.408s] Level 1:colcon.colcon_core.package_identification:_identify(STM32/main/Drivers/STM32G0xx_HAL_Driver/Inc) by extension 'ignore_ament_install'
[0.409s] Level 1:colcon.colcon_core.package_identification:_identify(STM32/main/Drivers/STM32G0xx_HAL_Driver/Inc) by extensions ['colcon_pkg']
[0.409s] Level 1:colcon.colcon_core.package_identification:_identify(STM32/main/Drivers/STM32G0xx_HAL_Driver/Inc) by extension 'colcon_pkg'
[0.409s] Level 1:colcon.colcon_core.package_identification:_identify(STM32/main/Drivers/STM32G0xx_HAL_Driver/Inc) by extensions ['colcon_meta']
[0.409s] Level 1:colcon.colcon_core.package_identification:_identify(STM32/main/Drivers/STM32G0xx_HAL_Driver/Inc) by extension 'colcon_meta'
[0.409s] Level 1:colcon.colcon_core.package_identification:_identify(STM32/main/Drivers/STM32G0xx_HAL_Driver/Inc) by extensions ['ros']
[0.409s] Level 1:colcon.colcon_core.package_identification:_identify(STM32/main/Drivers/STM32G0xx_HAL_Driver/Inc) by extension 'ros'
[0.409s] Level 1:colcon.colcon_core.package_identification:_identify(STM32/main/Drivers/STM32G0xx_HAL_Driver/Inc) by extensions ['cmake', 'python']
[0.409s] Level 1:colcon.colcon_core.package_identification:_identify(STM32/main/Drivers/STM32G0xx_HAL_Driver/Inc) by extension 'cmake'
[0.409s] Level 1:colcon.colcon_core.package_identification:_identify(STM32/main/Drivers/STM32G0xx_HAL_Driver/Inc) by extension 'python'
[0.409s] Level 1:colcon.colcon_core.package_identification:_identify(STM32/main/Drivers/STM32G0xx_HAL_Driver/Inc) by extensions ['python_setup_py']
[0.409s] Level 1:colcon.colcon_core.package_identification:_identify(STM32/main/Drivers/STM32G0xx_HAL_Driver/Inc) by extension 'python_setup_py'
[0.410s] Level 1:colcon.colcon_core.package_identification:_identify(STM32/main/Drivers/STM32G0xx_HAL_Driver/Inc/Legacy) by extensions ['ignore', 'ignore_ament_install']
[0.410s] Level 1:colcon.colcon_core.package_identification:_identify(STM32/main/Drivers/STM32G0xx_HAL_Driver/Inc/Legacy) by extension 'ignore'
[0.410s] Level 1:colcon.colcon_core.package_identification:_identify(STM32/main/Drivers/STM32G0xx_HAL_Driver/Inc/Legacy) by extension 'ignore_ament_install'
[0.410s] Level 1:colcon.colcon_core.package_identification:_identify(STM32/main/Drivers/STM32G0xx_HAL_Driver/Inc/Legacy) by extensions ['colcon_pkg']
[0.410s] Level 1:colcon.colcon_core.package_identification:_identify(STM32/main/Drivers/STM32G0xx_HAL_Driver/Inc/Legacy) by extension 'colcon_pkg'
[0.410s] Level 1:colcon.colcon_core.package_identification:_identify(STM32/main/Drivers/STM32G0xx_HAL_Driver/Inc/Legacy) by extensions ['colcon_meta']
[0.411s] Level 1:colcon.colcon_core.package_identification:_identify(STM32/main/Drivers/STM32G0xx_HAL_Driver/Inc/Legacy) by extension 'colcon_meta'
[0.411s] Level 1:colcon.colcon_core.package_identification:_identify(STM32/main/Drivers/STM32G0xx_HAL_Driver/Inc/Legacy) by extensions ['ros']
[0.411s] Level 1:colcon.colcon_core.package_identification:_identify(STM32/main/Drivers/STM32G0xx_HAL_Driver/Inc/Legacy) by extension 'ros'
[0.411s] Level 1:colcon.colcon_core.package_identification:_identify(STM32/main/Drivers/STM32G0xx_HAL_Driver/Inc/Legacy) by extensions ['cmake', 'python']
[0.411s] Level 1:colcon.colcon_core.package_identification:_identify(STM32/main/Drivers/STM32G0xx_HAL_Driver/Inc/Legacy) by extension 'cmake'
[0.412s] Level 1:colcon.colcon_core.package_identification:_identify(STM32/main/Drivers/STM32G0xx_HAL_Driver/Inc/Legacy) by extension 'python'
[0.412s] Level 1:colcon.colcon_core.package_identification:_identify(STM32/main/Drivers/STM32G0xx_HAL_Driver/Inc/Legacy) by extensions ['python_setup_py']
[0.412s] Level 1:colcon.colcon_core.package_identification:_identify(STM32/main/Drivers/STM32G0xx_HAL_Driver/Inc/Legacy) by extension 'python_setup_py'
[0.412s] Level 1:colcon.colcon_core.package_identification:_identify(STM32/main/Drivers/STM32G0xx_HAL_Driver/Src) by extensions ['ignore', 'ignore_ament_install']
[0.413s] Level 1:colcon.colcon_core.package_identification:_identify(STM32/main/Drivers/STM32G0xx_HAL_Driver/Src) by extension 'ignore'
[0.413s] Level 1:colcon.colcon_core.package_identification:_identify(STM32/main/Drivers/STM32G0xx_HAL_Driver/Src) by extension 'ignore_ament_install'
[0.413s] Level 1:colcon.colcon_core.package_identification:_identify(STM32/main/Drivers/STM32G0xx_HAL_Driver/Src) by extensions ['colcon_pkg']
[0.414s] Level 1:colcon.colcon_core.package_identification:_identify(STM32/main/Drivers/STM32G0xx_HAL_Driver/Src) by extension 'colcon_pkg'
[0.414s] Level 1:colcon.colcon_core.package_identification:_identify(STM32/main/Drivers/STM32G0xx_HAL_Driver/Src) by extensions ['colcon_meta']
[0.414s] Level 1:colcon.colcon_core.package_identification:_identify(STM32/main/Drivers/STM32G0xx_HAL_Driver/Src) by extension 'colcon_meta'
[0.414s] Level 1:colcon.colcon_core.package_identification:_identify(STM32/main/Drivers/STM32G0xx_HAL_Driver/Src) by extensions ['ros']
[0.414s] Level 1:colcon.colcon_core.package_identification:_identify(STM32/main/Drivers/STM32G0xx_HAL_Driver/Src) by extension 'ros'
[0.414s] Level 1:colcon.colcon_core.package_identification:_identify(STM32/main/Drivers/STM32G0xx_HAL_Driver/Src) by extensions ['cmake', 'python']
[0.414s] Level 1:colcon.colcon_core.package_identification:_identify(STM32/main/Drivers/STM32G0xx_HAL_Driver/Src) by extension 'cmake'
[0.414s] Level 1:colcon.colcon_core.package_identification:_identify(STM32/main/Drivers/STM32G0xx_HAL_Driver/Src) by extension 'python'
[0.414s] Level 1:colcon.colcon_core.package_identification:_identify(STM32/main/Drivers/STM32G0xx_HAL_Driver/Src) by extensions ['python_setup_py']
[0.414s] Level 1:colcon.colcon_core.package_identification:_identify(STM32/main/Drivers/STM32G0xx_HAL_Driver/Src) by extension 'python_setup_py'
[0.415s] Level 1:colcon.colcon_core.package_identification:_identify(STM32/main/X-CUBE-53L0A1) by extensions ['ignore', 'ignore_ament_install']
[0.415s] Level 1:colcon.colcon_core.package_identification:_identify(STM32/main/X-CUBE-53L0A1) by extension 'ignore'
[0.415s] Level 1:colcon.colcon_core.package_identification:_identify(STM32/main/X-CUBE-53L0A1) by extension 'ignore_ament_install'
[0.415s] Level 1:colcon.colcon_core.package_identification:_identify(STM32/main/X-CUBE-53L0A1) by extensions ['colcon_pkg']
[0.415s] Level 1:colcon.colcon_core.package_identification:_identify(STM32/main/X-CUBE-53L0A1) by extension 'colcon_pkg'
[0.415s] Level 1:colcon.colcon_core.package_identification:_identify(STM32/main/X-CUBE-53L0A1) by extensions ['colcon_meta']
[0.415s] Level 1:colcon.colcon_core.package_identification:_identify(STM32/main/X-CUBE-53L0A1) by extension 'colcon_meta'
[0.415s] Level 1:colcon.colcon_core.package_identification:_identify(STM32/main/X-CUBE-53L0A1) by extensions ['ros']
[0.415s] Level 1:colcon.colcon_core.package_identification:_identify(STM32/main/X-CUBE-53L0A1) by extension 'ros'
[0.415s] Level 1:colcon.colcon_core.package_identification:_identify(STM32/main/X-CUBE-53L0A1) by extensions ['cmake', 'python']
[0.416s] Level 1:colcon.colcon_core.package_identification:_identify(STM32/main/X-CUBE-53L0A1) by extension 'cmake'
[0.416s] Level 1:colcon.colcon_core.package_identification:_identify(STM32/main/X-CUBE-53L0A1) by extension 'python'
[0.416s] Level 1:colcon.colcon_core.package_identification:_identify(STM32/main/X-CUBE-53L0A1) by extensions ['python_setup_py']
[0.416s] Level 1:colcon.colcon_core.package_identification:_identify(STM32/main/X-CUBE-53L0A1) by extension 'python_setup_py'
[0.416s] Level 1:colcon.colcon_core.package_identification:_identify(STM32/main/X-CUBE-53L0A1/STM32CubeExpansion_VL53L0X_V1.2.0) by extensions ['ignore', 'ignore_ament_install']
[0.416s] Level 1:colcon.colcon_core.package_identification:_identify(STM32/main/X-CUBE-53L0A1/STM32CubeExpansion_VL53L0X_V1.2.0) by extension 'ignore'
[0.416s] Level 1:colcon.colcon_core.package_identification:_identify(STM32/main/X-CUBE-53L0A1/STM32CubeExpansion_VL53L0X_V1.2.0) by extension 'ignore_ament_install'
[0.416s] Level 1:colcon.colcon_core.package_identification:_identify(STM32/main/X-CUBE-53L0A1/STM32CubeExpansion_VL53L0X_V1.2.0) by extensions ['colcon_pkg']
[0.416s] Level 1:colcon.colcon_core.package_identification:_identify(STM32/main/X-CUBE-53L0A1/STM32CubeExpansion_VL53L0X_V1.2.0) by extension 'colcon_pkg'
[0.416s] Level 1:colcon.colcon_core.package_identification:_identify(STM32/main/X-CUBE-53L0A1/STM32CubeExpansion_VL53L0X_V1.2.0) by extensions ['colcon_meta']
[0.416s] Level 1:colcon.colcon_core.package_identification:_identify(STM32/main/X-CUBE-53L0A1/STM32CubeExpansion_VL53L0X_V1.2.0) by extension 'colcon_meta'
[0.416s] Level 1:colcon.colcon_core.package_identification:_identify(STM32/main/X-CUBE-53L0A1/STM32CubeExpansion_VL53L0X_V1.2.0) by extensions ['ros']
[0.416s] Level 1:colcon.colcon_core.package_identification:_identify(STM32/main/X-CUBE-53L0A1/STM32CubeExpansion_VL53L0X_V1.2.0) by extension 'ros'
[0.417s] Level 1:colcon.colcon_core.package_identification:_identify(STM32/main/X-CUBE-53L0A1/STM32CubeExpansion_VL53L0X_V1.2.0) by extensions ['cmake', 'python']
[0.417s] Level 1:colcon.colcon_core.package_identification:_identify(STM32/main/X-CUBE-53L0A1/STM32CubeExpansion_VL53L0X_V1.2.0) by extension 'cmake'
[0.417s] Level 1:colcon.colcon_core.package_identification:_identify(STM32/main/X-CUBE-53L0A1/STM32CubeExpansion_VL53L0X_V1.2.0) by extension 'python'
[0.417s] Level 1:colcon.colcon_core.package_identification:_identify(STM32/main/X-CUBE-53L0A1/STM32CubeExpansion_VL53L0X_V1.2.0) by extensions ['python_setup_py']
[0.417s] Level 1:colcon.colcon_core.package_identification:_identify(STM32/main/X-CUBE-53L0A1/STM32CubeExpansion_VL53L0X_V1.2.0) by extension 'python_setup_py'
[0.417s] Level 1:colcon.colcon_core.package_identification:_identify(STM32/main/X-CUBE-53L0A1/STM32CubeExpansion_VL53L0X_V1.2.0/Documentation) by extensions ['ignore', 'ignore_ament_install']
[0.417s] Level 1:colcon.colcon_core.package_identification:_identify(STM32/main/X-CUBE-53L0A1/STM32CubeExpansion_VL53L0X_V1.2.0/Documentation) by extension 'ignore'
[0.417s] Level 1:colcon.colcon_core.package_identification:_identify(STM32/main/X-CUBE-53L0A1/STM32CubeExpansion_VL53L0X_V1.2.0/Documentation) by extension 'ignore_ament_install'
[0.417s] Level 1:colcon.colcon_core.package_identification:_identify(STM32/main/X-CUBE-53L0A1/STM32CubeExpansion_VL53L0X_V1.2.0/Documentation) by extensions ['colcon_pkg']
[0.417s] Level 1:colcon.colcon_core.package_identification:_identify(STM32/main/X-CUBE-53L0A1/STM32CubeExpansion_VL53L0X_V1.2.0/Documentation) by extension 'colcon_pkg'
[0.418s] Level 1:colcon.colcon_core.package_identification:_identify(STM32/main/X-CUBE-53L0A1/STM32CubeExpansion_VL53L0X_V1.2.0/Documentation) by extensions ['colcon_meta']
[0.418s] Level 1:colcon.colcon_core.package_identification:_identify(STM32/main/X-CUBE-53L0A1/STM32CubeExpansion_VL53L0X_V1.2.0/Documentation) by extension 'colcon_meta'
[0.418s] Level 1:colcon.colcon_core.package_identification:_identify(STM32/main/X-CUBE-53L0A1/STM32CubeExpansion_VL53L0X_V1.2.0/Documentation) by extensions ['ros']
[0.418s] Level 1:colcon.colcon_core.package_identification:_identify(STM32/main/X-CUBE-53L0A1/STM32CubeExpansion_VL53L0X_V1.2.0/Documentation) by extension 'ros'
[0.418s] Level 1:colcon.colcon_core.package_identification:_identify(STM32/main/X-CUBE-53L0A1/STM32CubeExpansion_VL53L0X_V1.2.0/Documentation) by extensions ['cmake', 'python']
[0.418s] Level 1:colcon.colcon_core.package_identification:_identify(STM32/main/X-CUBE-53L0A1/STM32CubeExpansion_VL53L0X_V1.2.0/Documentation) by extension 'cmake'
[0.418s] Level 1:colcon.colcon_core.package_identification:_identify(STM32/main/X-CUBE-53L0A1/STM32CubeExpansion_VL53L0X_V1.2.0/Documentation) by extension 'python'
[0.418s] Level 1:colcon.colcon_core.package_identification:_identify(STM32/main/X-CUBE-53L0A1/STM32CubeExpansion_VL53L0X_V1.2.0/Documentation) by extensions ['python_setup_py']
[0.418s] Level 1:colcon.colcon_core.package_identification:_identify(STM32/main/X-CUBE-53L0A1/STM32CubeExpansion_VL53L0X_V1.2.0/Documentation) by extension 'python_setup_py'
[0.418s] Level 1:colcon.colcon_core.package_identification:_identify(STM32/main/X-CUBE-53L0A1/STM32CubeExpansion_VL53L0X_V1.2.0/Drivers) by extensions ['ignore', 'ignore_ament_install']
[0.418s] Level 1:colcon.colcon_core.package_identification:_identify(STM32/main/X-CUBE-53L0A1/STM32CubeExpansion_VL53L0X_V1.2.0/Drivers) by extension 'ignore'
[0.419s] Level 1:colcon.colcon_core.package_identification:_identify(STM32/main/X-CUBE-53L0A1/STM32CubeExpansion_VL53L0X_V1.2.0/Drivers) by extension 'ignore_ament_install'
[0.419s] Level 1:colcon.colcon_core.package_identification:_identify(STM32/main/X-CUBE-53L0A1/STM32CubeExpansion_VL53L0X_V1.2.0/Drivers) by extensions ['colcon_pkg']
[0.419s] Level 1:colcon.colcon_core.package_identification:_identify(STM32/main/X-CUBE-53L0A1/STM32CubeExpansion_VL53L0X_V1.2.0/Drivers) by extension 'colcon_pkg'
[0.419s] Level 1:colcon.colcon_core.package_identification:_identify(STM32/main/X-CUBE-53L0A1/STM32CubeExpansion_VL53L0X_V1.2.0/Drivers) by extensions ['colcon_meta']
[0.419s] Level 1:colcon.colcon_core.package_identification:_identify(STM32/main/X-CUBE-53L0A1/STM32CubeExpansion_VL53L0X_V1.2.0/Drivers) by extension 'colcon_meta'
[0.419s] Level 1:colcon.colcon_core.package_identification:_identify(STM32/main/X-CUBE-53L0A1/STM32CubeExpansion_VL53L0X_V1.2.0/Drivers) by extensions ['ros']
[0.419s] Level 1:colcon.colcon_core.package_identification:_identify(STM32/main/X-CUBE-53L0A1/STM32CubeExpansion_VL53L0X_V1.2.0/Drivers) by extension 'ros'
[0.419s] Level 1:colcon.colcon_core.package_identification:_identify(STM32/main/X-CUBE-53L0A1/STM32CubeExpansion_VL53L0X_V1.2.0/Drivers) by extensions ['cmake', 'python']
[0.419s] Level 1:colcon.colcon_core.package_identification:_identify(STM32/main/X-CUBE-53L0A1/STM32CubeExpansion_VL53L0X_V1.2.0/Drivers) by extension 'cmake'
[0.419s] Level 1:colcon.colcon_core.package_identification:_identify(STM32/main/X-CUBE-53L0A1/STM32CubeExpansion_VL53L0X_V1.2.0/Drivers) by extension 'python'
[0.419s] Level 1:colcon.colcon_core.package_identification:_identify(STM32/main/X-CUBE-53L0A1/STM32CubeExpansion_VL53L0X_V1.2.0/Drivers) by extensions ['python_setup_py']
[0.419s] Level 1:colcon.colcon_core.package_identification:_identify(STM32/main/X-CUBE-53L0A1/STM32CubeExpansion_VL53L0X_V1.2.0/Drivers) by extension 'python_setup_py'
[0.419s] Level 1:colcon.colcon_core.package_identification:_identify(STM32/main/X-CUBE-53L0A1/STM32CubeExpansion_VL53L0X_V1.2.0/Drivers/BSP) by extensions ['ignore', 'ignore_ament_install']
[0.419s] Level 1:colcon.colcon_core.package_identification:_identify(STM32/main/X-CUBE-53L0A1/STM32CubeExpansion_VL53L0X_V1.2.0/Drivers/BSP) by extension 'ignore'
[0.420s] Level 1:colcon.colcon_core.package_identification:_identify(STM32/main/X-CUBE-53L0A1/STM32CubeExpansion_VL53L0X_V1.2.0/Drivers/BSP) by extension 'ignore_ament_install'
[0.420s] Level 1:colcon.colcon_core.package_identification:_identify(STM32/main/X-CUBE-53L0A1/STM32CubeExpansion_VL53L0X_V1.2.0/Drivers/BSP) by extensions ['colcon_pkg']
[0.420s] Level 1:colcon.colcon_core.package_identification:_identify(STM32/main/X-CUBE-53L0A1/STM32CubeExpansion_VL53L0X_V1.2.0/Drivers/BSP) by extension 'colcon_pkg'
[0.420s] Level 1:colcon.colcon_core.package_identification:_identify(STM32/main/X-CUBE-53L0A1/STM32CubeExpansion_VL53L0X_V1.2.0/Drivers/BSP) by extensions ['colcon_meta']
[0.420s] Level 1:colcon.colcon_core.package_identification:_identify(STM32/main/X-CUBE-53L0A1/STM32CubeExpansion_VL53L0X_V1.2.0/Drivers/BSP) by extension 'colcon_meta'
[0.420s] Level 1:colcon.colcon_core.package_identification:_identify(STM32/main/X-CUBE-53L0A1/STM32CubeExpansion_VL53L0X_V1.2.0/Drivers/BSP) by extensions ['ros']
[0.420s] Level 1:colcon.colcon_core.package_identification:_identify(STM32/main/X-CUBE-53L0A1/STM32CubeExpansion_VL53L0X_V1.2.0/Drivers/BSP) by extension 'ros'
[0.420s] Level 1:colcon.colcon_core.package_identification:_identify(STM32/main/X-CUBE-53L0A1/STM32CubeExpansion_VL53L0X_V1.2.0/Drivers/BSP) by extensions ['cmake', 'python']
[0.420s] Level 1:colcon.colcon_core.package_identification:_identify(STM32/main/X-CUBE-53L0A1/STM32CubeExpansion_VL53L0X_V1.2.0/Drivers/BSP) by extension 'cmake'
[0.420s] Level 1:colcon.colcon_core.package_identification:_identify(STM32/main/X-CUBE-53L0A1/STM32CubeExpansion_VL53L0X_V1.2.0/Drivers/BSP) by extension 'python'
[0.420s] Level 1:colcon.colcon_core.package_identification:_identify(STM32/main/X-CUBE-53L0A1/STM32CubeExpansion_VL53L0X_V1.2.0/Drivers/BSP) by extensions ['python_setup_py']
[0.420s] Level 1:colcon.colcon_core.package_identification:_identify(STM32/main/X-CUBE-53L0A1/STM32CubeExpansion_VL53L0X_V1.2.0/Drivers/BSP) by extension 'python_setup_py'
[0.420s] Level 1:colcon.colcon_core.package_identification:_identify(STM32/main/X-CUBE-53L0A1/STM32CubeExpansion_VL53L0X_V1.2.0/Drivers/BSP/Components) by extensions ['ignore', 'ignore_ament_install']
[0.420s] Level 1:colcon.colcon_core.package_identification:_identify(STM32/main/X-CUBE-53L0A1/STM32CubeExpansion_VL53L0X_V1.2.0/Drivers/BSP/Components) by extension 'ignore'
[0.421s] Level 1:colcon.colcon_core.package_identification:_identify(STM32/main/X-CUBE-53L0A1/STM32CubeExpansion_VL53L0X_V1.2.0/Drivers/BSP/Components) by extension 'ignore_ament_install'
[0.421s] Level 1:colcon.colcon_core.package_identification:_identify(STM32/main/X-CUBE-53L0A1/STM32CubeExpansion_VL53L0X_V1.2.0/Drivers/BSP/Components) by extensions ['colcon_pkg']
[0.421s] Level 1:colcon.colcon_core.package_identification:_identify(STM32/main/X-CUBE-53L0A1/STM32CubeExpansion_VL53L0X_V1.2.0/Drivers/BSP/Components) by extension 'colcon_pkg'
[0.421s] Level 1:colcon.colcon_core.package_identification:_identify(STM32/main/X-CUBE-53L0A1/STM32CubeExpansion_VL53L0X_V1.2.0/Drivers/BSP/Components) by extensions ['colcon_meta']
[0.421s] Level 1:colcon.colcon_core.package_identification:_identify(STM32/main/X-CUBE-53L0A1/STM32CubeExpansion_VL53L0X_V1.2.0/Drivers/BSP/Components) by extension 'colcon_meta'
[0.421s] Level 1:colcon.colcon_core.package_identification:_identify(STM32/main/X-CUBE-53L0A1/STM32CubeExpansion_VL53L0X_V1.2.0/Drivers/BSP/Components) by extensions ['ros']
[0.421s] Level 1:colcon.colcon_core.package_identification:_identify(STM32/main/X-CUBE-53L0A1/STM32CubeExpansion_VL53L0X_V1.2.0/Drivers/BSP/Components) by extension 'ros'
[0.421s] Level 1:colcon.colcon_core.package_identification:_identify(STM32/main/X-CUBE-53L0A1/STM32CubeExpansion_VL53L0X_V1.2.0/Drivers/BSP/Components) by extensions ['cmake', 'python']
[0.421s] Level 1:colcon.colcon_core.package_identification:_identify(STM32/main/X-CUBE-53L0A1/STM32CubeExpansion_VL53L0X_V1.2.0/Drivers/BSP/Components) by extension 'cmake'
[0.421s] Level 1:colcon.colcon_core.package_identification:_identify(STM32/main/X-CUBE-53L0A1/STM32CubeExpansion_VL53L0X_V1.2.0/Drivers/BSP/Components) by extension 'python'
[0.421s] Level 1:colcon.colcon_core.package_identification:_identify(STM32/main/X-CUBE-53L0A1/STM32CubeExpansion_VL53L0X_V1.2.0/Drivers/BSP/Components) by extensions ['python_setup_py']
[0.421s] Level 1:colcon.colcon_core.package_identification:_identify(STM32/main/X-CUBE-53L0A1/STM32CubeExpansion_VL53L0X_V1.2.0/Drivers/BSP/Components) by extension 'python_setup_py'
[0.421s] Level 1:colcon.colcon_core.package_identification:_identify(STM32/main/X-CUBE-53L0A1/STM32CubeExpansion_VL53L0X_V1.2.0/Drivers/BSP/Components/Common) by extensions ['ignore', 'ignore_ament_install']
[0.422s] Level 1:colcon.colcon_core.package_identification:_identify(STM32/main/X-CUBE-53L0A1/STM32CubeExpansion_VL53L0X_V1.2.0/Drivers/BSP/Components/Common) by extension 'ignore'
[0.422s] Level 1:colcon.colcon_core.package_identification:_identify(STM32/main/X-CUBE-53L0A1/STM32CubeExpansion_VL53L0X_V1.2.0/Drivers/BSP/Components/Common) by extension 'ignore_ament_install'
[0.422s] Level 1:colcon.colcon_core.package_identification:_identify(STM32/main/X-CUBE-53L0A1/STM32CubeExpansion_VL53L0X_V1.2.0/Drivers/BSP/Components/Common) by extensions ['colcon_pkg']
[0.422s] Level 1:colcon.colcon_core.package_identification:_identify(STM32/main/X-CUBE-53L0A1/STM32CubeExpansion_VL53L0X_V1.2.0/Drivers/BSP/Components/Common) by extension 'colcon_pkg'
[0.422s] Level 1:colcon.colcon_core.package_identification:_identify(STM32/main/X-CUBE-53L0A1/STM32CubeExpansion_VL53L0X_V1.2.0/Drivers/BSP/Components/Common) by extensions ['colcon_meta']
[0.422s] Level 1:colcon.colcon_core.package_identification:_identify(STM32/main/X-CUBE-53L0A1/STM32CubeExpansion_VL53L0X_V1.2.0/Drivers/BSP/Components/Common) by extension 'colcon_meta'
[0.422s] Level 1:colcon.colcon_core.package_identification:_identify(STM32/main/X-CUBE-53L0A1/STM32CubeExpansion_VL53L0X_V1.2.0/Drivers/BSP/Components/Common) by extensions ['ros']
[0.422s] Level 1:colcon.colcon_core.package_identification:_identify(STM32/main/X-CUBE-53L0A1/STM32CubeExpansion_VL53L0X_V1.2.0/Drivers/BSP/Components/Common) by extension 'ros'
[0.422s] Level 1:colcon.colcon_core.package_identification:_identify(STM32/main/X-CUBE-53L0A1/STM32CubeExpansion_VL53L0X_V1.2.0/Drivers/BSP/Components/Common) by extensions ['cmake', 'python']
[0.422s] Level 1:colcon.colcon_core.package_identification:_identify(STM32/main/X-CUBE-53L0A1/STM32CubeExpansion_VL53L0X_V1.2.0/Drivers/BSP/Components/Common) by extension 'cmake'
[0.422s] Level 1:colcon.colcon_core.package_identification:_identify(STM32/main/X-CUBE-53L0A1/STM32CubeExpansion_VL53L0X_V1.2.0/Drivers/BSP/Components/Common) by extension 'python'
[0.422s] Level 1:colcon.colcon_core.package_identification:_identify(STM32/main/X-CUBE-53L0A1/STM32CubeExpansion_VL53L0X_V1.2.0/Drivers/BSP/Components/Common) by extensions ['python_setup_py']
[0.422s] Level 1:colcon.colcon_core.package_identification:_identify(STM32/main/X-CUBE-53L0A1/STM32CubeExpansion_VL53L0X_V1.2.0/Drivers/BSP/Components/Common) by extension 'python_setup_py'
[0.422s] Level 1:colcon.colcon_core.package_identification:_identify(STM32/main/X-CUBE-53L0A1/STM32CubeExpansion_VL53L0X_V1.2.0/Drivers/BSP/Components/vl53l0x) by extensions ['ignore', 'ignore_ament_install']
[0.423s] Level 1:colcon.colcon_core.package_identification:_identify(STM32/main/X-CUBE-53L0A1/STM32CubeExpansion_VL53L0X_V1.2.0/Drivers/BSP/Components/vl53l0x) by extension 'ignore'
[0.423s] Level 1:colcon.colcon_core.package_identification:_identify(STM32/main/X-CUBE-53L0A1/STM32CubeExpansion_VL53L0X_V1.2.0/Drivers/BSP/Components/vl53l0x) by extension 'ignore_ament_install'
[0.423s] Level 1:colcon.colcon_core.package_identification:_identify(STM32/main/X-CUBE-53L0A1/STM32CubeExpansion_VL53L0X_V1.2.0/Drivers/BSP/Components/vl53l0x) by extensions ['colcon_pkg']
[0.423s] Level 1:colcon.colcon_core.package_identification:_identify(STM32/main/X-CUBE-53L0A1/STM32CubeExpansion_VL53L0X_V1.2.0/Drivers/BSP/Components/vl53l0x) by extension 'colcon_pkg'
[0.423s] Level 1:colcon.colcon_core.package_identification:_identify(STM32/main/X-CUBE-53L0A1/STM32CubeExpansion_VL53L0X_V1.2.0/Drivers/BSP/Components/vl53l0x) by extensions ['colcon_meta']
[0.423s] Level 1:colcon.colcon_core.package_identification:_identify(STM32/main/X-CUBE-53L0A1/STM32CubeExpansion_VL53L0X_V1.2.0/Drivers/BSP/Components/vl53l0x) by extension 'colcon_meta'
[0.423s] Level 1:colcon.colcon_core.package_identification:_identify(STM32/main/X-CUBE-53L0A1/STM32CubeExpansion_VL53L0X_V1.2.0/Drivers/BSP/Components/vl53l0x) by extensions ['ros']
[0.423s] Level 1:colcon.colcon_core.package_identification:_identify(STM32/main/X-CUBE-53L0A1/STM32CubeExpansion_VL53L0X_V1.2.0/Drivers/BSP/Components/vl53l0x) by extension 'ros'
[0.423s] Level 1:colcon.colcon_core.package_identification:_identify(STM32/main/X-CUBE-53L0A1/STM32CubeExpansion_VL53L0X_V1.2.0/Drivers/BSP/Components/vl53l0x) by extensions ['cmake', 'python']
[0.423s] Level 1:colcon.colcon_core.package_identification:_identify(STM32/main/X-CUBE-53L0A1/STM32CubeExpansion_VL53L0X_V1.2.0/Drivers/BSP/Components/vl53l0x) by extension 'cmake'
[0.423s] Level 1:colcon.colcon_core.package_identification:_identify(STM32/main/X-CUBE-53L0A1/STM32CubeExpansion_VL53L0X_V1.2.0/Drivers/BSP/Components/vl53l0x) by extension 'python'
[0.423s] Level 1:colcon.colcon_core.package_identification:_identify(STM32/main/X-CUBE-53L0A1/STM32CubeExpansion_VL53L0X_V1.2.0/Drivers/BSP/Components/vl53l0x) by extensions ['python_setup_py']
[0.423s] Level 1:colcon.colcon_core.package_identification:_identify(STM32/main/X-CUBE-53L0A1/STM32CubeExpansion_VL53L0X_V1.2.0/Drivers/BSP/Components/vl53l0x) by extension 'python_setup_py'
[0.423s] Level 1:colcon.colcon_core.package_identification:_identify(STM32/main/X-CUBE-53L0A1/STM32CubeExpansion_VL53L0X_V1.2.0/Drivers/BSP/STM32F4xx-Nucleo) by extensions ['ignore', 'ignore_ament_install']
[0.424s] Level 1:colcon.colcon_core.package_identification:_identify(STM32/main/X-CUBE-53L0A1/STM32CubeExpansion_VL53L0X_V1.2.0/Drivers/BSP/STM32F4xx-Nucleo) by extension 'ignore'
[0.424s] Level 1:colcon.colcon_core.package_identification:_identify(STM32/main/X-CUBE-53L0A1/STM32CubeExpansion_VL53L0X_V1.2.0/Drivers/BSP/STM32F4xx-Nucleo) by extension 'ignore_ament_install'
[0.424s] Level 1:colcon.colcon_core.package_identification:_identify(STM32/main/X-CUBE-53L0A1/STM32CubeExpansion_VL53L0X_V1.2.0/Drivers/BSP/STM32F4xx-Nucleo) by extensions ['colcon_pkg']
[0.424s] Level 1:colcon.colcon_core.package_identification:_identify(STM32/main/X-CUBE-53L0A1/STM32CubeExpansion_VL53L0X_V1.2.0/Drivers/BSP/STM32F4xx-Nucleo) by extension 'colcon_pkg'
[0.424s] Level 1:colcon.colcon_core.package_identification:_identify(STM32/main/X-CUBE-53L0A1/STM32CubeExpansion_VL53L0X_V1.2.0/Drivers/BSP/STM32F4xx-Nucleo) by extensions ['colcon_meta']
[0.424s] Level 1:colcon.colcon_core.package_identification:_identify(STM32/main/X-CUBE-53L0A1/STM32CubeExpansion_VL53L0X_V1.2.0/Drivers/BSP/STM32F4xx-Nucleo) by extension 'colcon_meta'
[0.424s] Level 1:colcon.colcon_core.package_identification:_identify(STM32/main/X-CUBE-53L0A1/STM32CubeExpansion_VL53L0X_V1.2.0/Drivers/BSP/STM32F4xx-Nucleo) by extensions ['ros']
[0.424s] Level 1:colcon.colcon_core.package_identification:_identify(STM32/main/X-CUBE-53L0A1/STM32CubeExpansion_VL53L0X_V1.2.0/Drivers/BSP/STM32F4xx-Nucleo) by extension 'ros'
[0.424s] Level 1:colcon.colcon_core.package_identification:_identify(STM32/main/X-CUBE-53L0A1/STM32CubeExpansion_VL53L0X_V1.2.0/Drivers/BSP/STM32F4xx-Nucleo) by extensions ['cmake', 'python']
[0.424s] Level 1:colcon.colcon_core.package_identification:_identify(STM32/main/X-CUBE-53L0A1/STM32CubeExpansion_VL53L0X_V1.2.0/Drivers/BSP/STM32F4xx-Nucleo) by extension 'cmake'
[0.424s] Level 1:colcon.colcon_core.package_identification:_identify(STM32/main/X-CUBE-53L0A1/STM32CubeExpansion_VL53L0X_V1.2.0/Drivers/BSP/STM32F4xx-Nucleo) by extension 'python'
[0.424s] Level 1:colcon.colcon_core.package_identification:_identify(STM32/main/X-CUBE-53L0A1/STM32CubeExpansion_VL53L0X_V1.2.0/Drivers/BSP/STM32F4xx-Nucleo) by extensions ['python_setup_py']
[0.424s] Level 1:colcon.colcon_core.package_identification:_identify(STM32/main/X-CUBE-53L0A1/STM32CubeExpansion_VL53L0X_V1.2.0/Drivers/BSP/STM32F4xx-Nucleo) by extension 'python_setup_py'
[0.425s] Level 1:colcon.colcon_core.package_identification:_identify(STM32/main/X-CUBE-53L0A1/STM32CubeExpansion_VL53L0X_V1.2.0/Drivers/BSP/STM32L4xx_Nucleo) by extensions ['ignore', 'ignore_ament_install']
[0.425s] Level 1:colcon.colcon_core.package_identification:_identify(STM32/main/X-CUBE-53L0A1/STM32CubeExpansion_VL53L0X_V1.2.0/Drivers/BSP/STM32L4xx_Nucleo) by extension 'ignore'
[0.425s] Level 1:colcon.colcon_core.package_identification:_identify(STM32/main/X-CUBE-53L0A1/STM32CubeExpansion_VL53L0X_V1.2.0/Drivers/BSP/STM32L4xx_Nucleo) by extension 'ignore_ament_install'
[0.425s] Level 1:colcon.colcon_core.package_identification:_identify(STM32/main/X-CUBE-53L0A1/STM32CubeExpansion_VL53L0X_V1.2.0/Drivers/BSP/STM32L4xx_Nucleo) by extensions ['colcon_pkg']
[0.425s] Level 1:colcon.colcon_core.package_identification:_identify(STM32/main/X-CUBE-53L0A1/STM32CubeExpansion_VL53L0X_V1.2.0/Drivers/BSP/STM32L4xx_Nucleo) by extension 'colcon_pkg'
[0.425s] Level 1:colcon.colcon_core.package_identification:_identify(STM32/main/X-CUBE-53L0A1/STM32CubeExpansion_VL53L0X_V1.2.0/Drivers/BSP/STM32L4xx_Nucleo) by extensions ['colcon_meta']
[0.425s] Level 1:colcon.colcon_core.package_identification:_identify(STM32/main/X-CUBE-53L0A1/STM32CubeExpansion_VL53L0X_V1.2.0/Drivers/BSP/STM32L4xx_Nucleo) by extension 'colcon_meta'
[0.425s] Level 1:colcon.colcon_core.package_identification:_identify(STM32/main/X-CUBE-53L0A1/STM32CubeExpansion_VL53L0X_V1.2.0/Drivers/BSP/STM32L4xx_Nucleo) by extensions ['ros']
[0.425s] Level 1:colcon.colcon_core.package_identification:_identify(STM32/main/X-CUBE-53L0A1/STM32CubeExpansion_VL53L0X_V1.2.0/Drivers/BSP/STM32L4xx_Nucleo) by extension 'ros'
[0.425s] Level 1:colcon.colcon_core.package_identification:_identify(STM32/main/X-CUBE-53L0A1/STM32CubeExpansion_VL53L0X_V1.2.0/Drivers/BSP/STM32L4xx_Nucleo) by extensions ['cmake', 'python']
[0.425s] Level 1:colcon.colcon_core.package_identification:_identify(STM32/main/X-CUBE-53L0A1/STM32CubeExpansion_VL53L0X_V1.2.0/Drivers/BSP/STM32L4xx_Nucleo) by extension 'cmake'
[0.425s] Level 1:colcon.colcon_core.package_identification:_identify(STM32/main/X-CUBE-53L0A1/STM32CubeExpansion_VL53L0X_V1.2.0/Drivers/BSP/STM32L4xx_Nucleo) by extension 'python'
[0.425s] Level 1:colcon.colcon_core.package_identification:_identify(STM32/main/X-CUBE-53L0A1/STM32CubeExpansion_VL53L0X_V1.2.0/Drivers/BSP/STM32L4xx_Nucleo) by extensions ['python_setup_py']
[0.425s] Level 1:colcon.colcon_core.package_identification:_identify(STM32/main/X-CUBE-53L0A1/STM32CubeExpansion_VL53L0X_V1.2.0/Drivers/BSP/STM32L4xx_Nucleo) by extension 'python_setup_py'
[0.426s] Level 1:colcon.colcon_core.package_identification:_identify(STM32/main/X-CUBE-53L0A1/STM32CubeExpansion_VL53L0X_V1.2.0/Drivers/BSP/X-NUCLEO-53L0A1) by extensions ['ignore', 'ignore_ament_install']
[0.426s] Level 1:colcon.colcon_core.package_identification:_identify(STM32/main/X-CUBE-53L0A1/STM32CubeExpansion_VL53L0X_V1.2.0/Drivers/BSP/X-NUCLEO-53L0A1) by extension 'ignore'
[0.426s] Level 1:colcon.colcon_core.package_identification:_identify(STM32/main/X-CUBE-53L0A1/STM32CubeExpansion_VL53L0X_V1.2.0/Drivers/BSP/X-NUCLEO-53L0A1) by extension 'ignore_ament_install'
[0.426s] Level 1:colcon.colcon_core.package_identification:_identify(STM32/main/X-CUBE-53L0A1/STM32CubeExpansion_VL53L0X_V1.2.0/Drivers/BSP/X-NUCLEO-53L0A1) by extensions ['colcon_pkg']
[0.426s] Level 1:colcon.colcon_core.package_identification:_identify(STM32/main/X-CUBE-53L0A1/STM32CubeExpansion_VL53L0X_V1.2.0/Drivers/BSP/X-NUCLEO-53L0A1) by extension 'colcon_pkg'
[0.426s] Level 1:colcon.colcon_core.package_identification:_identify(STM32/main/X-CUBE-53L0A1/STM32CubeExpansion_VL53L0X_V1.2.0/Drivers/BSP/X-NUCLEO-53L0A1) by extensions ['colcon_meta']
[0.426s] Level 1:colcon.colcon_core.package_identification:_identify(STM32/main/X-CUBE-53L0A1/STM32CubeExpansion_VL53L0X_V1.2.0/Drivers/BSP/X-NUCLEO-53L0A1) by extension 'colcon_meta'
[0.426s] Level 1:colcon.colcon_core.package_identification:_identify(STM32/main/X-CUBE-53L0A1/STM32CubeExpansion_VL53L0X_V1.2.0/Drivers/BSP/X-NUCLEO-53L0A1) by extensions ['ros']
[0.426s] Level 1:colcon.colcon_core.package_identification:_identify(STM32/main/X-CUBE-53L0A1/STM32CubeExpansion_VL53L0X_V1.2.0/Drivers/BSP/X-NUCLEO-53L0A1) by extension 'ros'
[0.426s] Level 1:colcon.colcon_core.package_identification:_identify(STM32/main/X-CUBE-53L0A1/STM32CubeExpansion_VL53L0X_V1.2.0/Drivers/BSP/X-NUCLEO-53L0A1) by extensions ['cmake', 'python']
[0.426s] Level 1:colcon.colcon_core.package_identification:_identify(STM32/main/X-CUBE-53L0A1/STM32CubeExpansion_VL53L0X_V1.2.0/Drivers/BSP/X-NUCLEO-53L0A1) by extension 'cmake'
[0.426s] Level 1:colcon.colcon_core.package_identification:_identify(STM32/main/X-CUBE-53L0A1/STM32CubeExpansion_VL53L0X_V1.2.0/Drivers/BSP/X-NUCLEO-53L0A1) by extension 'python'
[0.426s] Level 1:colcon.colcon_core.package_identification:_identify(STM32/main/X-CUBE-53L0A1/STM32CubeExpansion_VL53L0X_V1.2.0/Drivers/BSP/X-NUCLEO-53L0A1) by extensions ['python_setup_py']
[0.426s] Level 1:colcon.colcon_core.package_identification:_identify(STM32/main/X-CUBE-53L0A1/STM32CubeExpansion_VL53L0X_V1.2.0/Drivers/BSP/X-NUCLEO-53L0A1) by extension 'python_setup_py'
[0.427s] Level 1:colcon.colcon_core.package_identification:_identify(STM32/main/X-CUBE-53L0A1/STM32CubeExpansion_VL53L0X_V1.2.0/Drivers/CMSIS) by extensions ['ignore', 'ignore_ament_install']
[0.427s] Level 1:colcon.colcon_core.package_identification:_identify(STM32/main/X-CUBE-53L0A1/STM32CubeExpansion_VL53L0X_V1.2.0/Drivers/CMSIS) by extension 'ignore'
[0.427s] Level 1:colcon.colcon_core.package_identification:_identify(STM32/main/X-CUBE-53L0A1/STM32CubeExpansion_VL53L0X_V1.2.0/Drivers/CMSIS) by extension 'ignore_ament_install'
[0.427s] Level 1:colcon.colcon_core.package_identification:_identify(STM32/main/X-CUBE-53L0A1/STM32CubeExpansion_VL53L0X_V1.2.0/Drivers/CMSIS) by extensions ['colcon_pkg']
[0.427s] Level 1:colcon.colcon_core.package_identification:_identify(STM32/main/X-CUBE-53L0A1/STM32CubeExpansion_VL53L0X_V1.2.0/Drivers/CMSIS) by extension 'colcon_pkg'
[0.428s] Level 1:colcon.colcon_core.package_identification:_identify(STM32/main/X-CUBE-53L0A1/STM32CubeExpansion_VL53L0X_V1.2.0/Drivers/CMSIS) by extensions ['colcon_meta']
[0.428s] Level 1:colcon.colcon_core.package_identification:_identify(STM32/main/X-CUBE-53L0A1/STM32CubeExpansion_VL53L0X_V1.2.0/Drivers/CMSIS) by extension 'colcon_meta'
[0.428s] Level 1:colcon.colcon_core.package_identification:_identify(STM32/main/X-CUBE-53L0A1/STM32CubeExpansion_VL53L0X_V1.2.0/Drivers/CMSIS) by extensions ['ros']
[0.428s] Level 1:colcon.colcon_core.package_identification:_identify(STM32/main/X-CUBE-53L0A1/STM32CubeExpansion_VL53L0X_V1.2.0/Drivers/CMSIS) by extension 'ros'
[0.428s] Level 1:colcon.colcon_core.package_identification:_identify(STM32/main/X-CUBE-53L0A1/STM32CubeExpansion_VL53L0X_V1.2.0/Drivers/CMSIS) by extensions ['cmake', 'python']
[0.429s] Level 1:colcon.colcon_core.package_identification:_identify(STM32/main/X-CUBE-53L0A1/STM32CubeExpansion_VL53L0X_V1.2.0/Drivers/CMSIS) by extension 'cmake'
[0.429s] Level 1:colcon.colcon_core.package_identification:_identify(STM32/main/X-CUBE-53L0A1/STM32CubeExpansion_VL53L0X_V1.2.0/Drivers/CMSIS) by extension 'python'
[0.429s] Level 1:colcon.colcon_core.package_identification:_identify(STM32/main/X-CUBE-53L0A1/STM32CubeExpansion_VL53L0X_V1.2.0/Drivers/CMSIS) by extensions ['python_setup_py']
[0.430s] Level 1:colcon.colcon_core.package_identification:_identify(STM32/main/X-CUBE-53L0A1/STM32CubeExpansion_VL53L0X_V1.2.0/Drivers/CMSIS) by extension 'python_setup_py'
[0.431s] Level 1:colcon.colcon_core.package_identification:_identify(STM32/main/X-CUBE-53L0A1/STM32CubeExpansion_VL53L0X_V1.2.0/Drivers/CMSIS/Device) by extensions ['ignore', 'ignore_ament_install']
[0.431s] Level 1:colcon.colcon_core.package_identification:_identify(STM32/main/X-CUBE-53L0A1/STM32CubeExpansion_VL53L0X_V1.2.0/Drivers/CMSIS/Device) by extension 'ignore'
[0.432s] Level 1:colcon.colcon_core.package_identification:_identify(STM32/main/X-CUBE-53L0A1/STM32CubeExpansion_VL53L0X_V1.2.0/Drivers/CMSIS/Device) by extension 'ignore_ament_install'
[0.433s] Level 1:colcon.colcon_core.package_identification:_identify(STM32/main/X-CUBE-53L0A1/STM32CubeExpansion_VL53L0X_V1.2.0/Drivers/CMSIS/Device) by extensions ['colcon_pkg']
[0.433s] Level 1:colcon.colcon_core.package_identification:_identify(STM32/main/X-CUBE-53L0A1/STM32CubeExpansion_VL53L0X_V1.2.0/Drivers/CMSIS/Device) by extension 'colcon_pkg'
[0.433s] Level 1:colcon.colcon_core.package_identification:_identify(STM32/main/X-CUBE-53L0A1/STM32CubeExpansion_VL53L0X_V1.2.0/Drivers/CMSIS/Device) by extensions ['colcon_meta']
[0.433s] Level 1:colcon.colcon_core.package_identification:_identify(STM32/main/X-CUBE-53L0A1/STM32CubeExpansion_VL53L0X_V1.2.0/Drivers/CMSIS/Device) by extension 'colcon_meta'
[0.434s] Level 1:colcon.colcon_core.package_identification:_identify(STM32/main/X-CUBE-53L0A1/STM32CubeExpansion_VL53L0X_V1.2.0/Drivers/CMSIS/Device) by extensions ['ros']
[0.434s] Level 1:colcon.colcon_core.package_identification:_identify(STM32/main/X-CUBE-53L0A1/STM32CubeExpansion_VL53L0X_V1.2.0/Drivers/CMSIS/Device) by extension 'ros'
[0.434s] Level 1:colcon.colcon_core.package_identification:_identify(STM32/main/X-CUBE-53L0A1/STM32CubeExpansion_VL53L0X_V1.2.0/Drivers/CMSIS/Device) by extensions ['cmake', 'python']
[0.434s] Level 1:colcon.colcon_core.package_identification:_identify(STM32/main/X-CUBE-53L0A1/STM32CubeExpansion_VL53L0X_V1.2.0/Drivers/CMSIS/Device) by extension 'cmake'
[0.435s] Level 1:colcon.colcon_core.package_identification:_identify(STM32/main/X-CUBE-53L0A1/STM32CubeExpansion_VL53L0X_V1.2.0/Drivers/CMSIS/Device) by extension 'python'
[0.436s] Level 1:colcon.colcon_core.package_identification:_identify(STM32/main/X-CUBE-53L0A1/STM32CubeExpansion_VL53L0X_V1.2.0/Drivers/CMSIS/Device) by extensions ['python_setup_py']
[0.436s] Level 1:colcon.colcon_core.package_identification:_identify(STM32/main/X-CUBE-53L0A1/STM32CubeExpansion_VL53L0X_V1.2.0/Drivers/CMSIS/Device) by extension 'python_setup_py'
[0.437s] Level 1:colcon.colcon_core.package_identification:_identify(STM32/main/X-CUBE-53L0A1/STM32CubeExpansion_VL53L0X_V1.2.0/Drivers/CMSIS/Device/ST) by extensions ['ignore', 'ignore_ament_install']
[0.437s] Level 1:colcon.colcon_core.package_identification:_identify(STM32/main/X-CUBE-53L0A1/STM32CubeExpansion_VL53L0X_V1.2.0/Drivers/CMSIS/Device/ST) by extension 'ignore'
[0.438s] Level 1:colcon.colcon_core.package_identification:_identify(STM32/main/X-CUBE-53L0A1/STM32CubeExpansion_VL53L0X_V1.2.0/Drivers/CMSIS/Device/ST) by extension 'ignore_ament_install'
[0.438s] Level 1:colcon.colcon_core.package_identification:_identify(STM32/main/X-CUBE-53L0A1/STM32CubeExpansion_VL53L0X_V1.2.0/Drivers/CMSIS/Device/ST) by extensions ['colcon_pkg']
[0.438s] Level 1:colcon.colcon_core.package_identification:_identify(STM32/main/X-CUBE-53L0A1/STM32CubeExpansion_VL53L0X_V1.2.0/Drivers/CMSIS/Device/ST) by extension 'colcon_pkg'
[0.438s] Level 1:colcon.colcon_core.package_identification:_identify(STM32/main/X-CUBE-53L0A1/STM32CubeExpansion_VL53L0X_V1.2.0/Drivers/CMSIS/Device/ST) by extensions ['colcon_meta']
[0.439s] Level 1:colcon.colcon_core.package_identification:_identify(STM32/main/X-CUBE-53L0A1/STM32CubeExpansion_VL53L0X_V1.2.0/Drivers/CMSIS/Device/ST) by extension 'colcon_meta'
[0.439s] Level 1:colcon.colcon_core.package_identification:_identify(STM32/main/X-CUBE-53L0A1/STM32CubeExpansion_VL53L0X_V1.2.0/Drivers/CMSIS/Device/ST) by extensions ['ros']
[0.439s] Level 1:colcon.colcon_core.package_identification:_identify(STM32/main/X-CUBE-53L0A1/STM32CubeExpansion_VL53L0X_V1.2.0/Drivers/CMSIS/Device/ST) by extension 'ros'
[0.440s] Level 1:colcon.colcon_core.package_identification:_identify(STM32/main/X-CUBE-53L0A1/STM32CubeExpansion_VL53L0X_V1.2.0/Drivers/CMSIS/Device/ST) by extensions ['cmake', 'python']
[0.440s] Level 1:colcon.colcon_core.package_identification:_identify(STM32/main/X-CUBE-53L0A1/STM32CubeExpansion_VL53L0X_V1.2.0/Drivers/CMSIS/Device/ST) by extension 'cmake'
[0.440s] Level 1:colcon.colcon_core.package_identification:_identify(STM32/main/X-CUBE-53L0A1/STM32CubeExpansion_VL53L0X_V1.2.0/Drivers/CMSIS/Device/ST) by extension 'python'
[0.440s] Level 1:colcon.colcon_core.package_identification:_identify(STM32/main/X-CUBE-53L0A1/STM32CubeExpansion_VL53L0X_V1.2.0/Drivers/CMSIS/Device/ST) by extensions ['python_setup_py']
[0.440s] Level 1:colcon.colcon_core.package_identification:_identify(STM32/main/X-CUBE-53L0A1/STM32CubeExpansion_VL53L0X_V1.2.0/Drivers/CMSIS/Device/ST) by extension 'python_setup_py'
[0.440s] Level 1:colcon.colcon_core.package_identification:_identify(STM32/main/X-CUBE-53L0A1/STM32CubeExpansion_VL53L0X_V1.2.0/Drivers/CMSIS/Device/ST/STM32F4xx) by extensions ['ignore', 'ignore_ament_install']
[0.440s] Level 1:colcon.colcon_core.package_identification:_identify(STM32/main/X-CUBE-53L0A1/STM32CubeExpansion_VL53L0X_V1.2.0/Drivers/CMSIS/Device/ST/STM32F4xx) by extension 'ignore'
[0.440s] Level 1:colcon.colcon_core.package_identification:_identify(STM32/main/X-CUBE-53L0A1/STM32CubeExpansion_VL53L0X_V1.2.0/Drivers/CMSIS/Device/ST/STM32F4xx) by extension 'ignore_ament_install'
[0.441s] Level 1:colcon.colcon_core.package_identification:_identify(STM32/main/X-CUBE-53L0A1/STM32CubeExpansion_VL53L0X_V1.2.0/Drivers/CMSIS/Device/ST/STM32F4xx) by extensions ['colcon_pkg']
[0.441s] Level 1:colcon.colcon_core.package_identification:_identify(STM32/main/X-CUBE-53L0A1/STM32CubeExpansion_VL53L0X_V1.2.0/Drivers/CMSIS/Device/ST/STM32F4xx) by extension 'colcon_pkg'
[0.441s] Level 1:colcon.colcon_core.package_identification:_identify(STM32/main/X-CUBE-53L0A1/STM32CubeExpansion_VL53L0X_V1.2.0/Drivers/CMSIS/Device/ST/STM32F4xx) by extensions ['colcon_meta']
[0.441s] Level 1:colcon.colcon_core.package_identification:_identify(STM32/main/X-CUBE-53L0A1/STM32CubeExpansion_VL53L0X_V1.2.0/Drivers/CMSIS/Device/ST/STM32F4xx) by extension 'colcon_meta'
[0.441s] Level 1:colcon.colcon_core.package_identification:_identify(STM32/main/X-CUBE-53L0A1/STM32CubeExpansion_VL53L0X_V1.2.0/Drivers/CMSIS/Device/ST/STM32F4xx) by extensions ['ros']
[0.441s] Level 1:colcon.colcon_core.package_identification:_identify(STM32/main/X-CUBE-53L0A1/STM32CubeExpansion_VL53L0X_V1.2.0/Drivers/CMSIS/Device/ST/STM32F4xx) by extension 'ros'
[0.441s] Level 1:colcon.colcon_core.package_identification:_identify(STM32/main/X-CUBE-53L0A1/STM32CubeExpansion_VL53L0X_V1.2.0/Drivers/CMSIS/Device/ST/STM32F4xx) by extensions ['cmake', 'python']
[0.441s] Level 1:colcon.colcon_core.package_identification:_identify(STM32/main/X-CUBE-53L0A1/STM32CubeExpansion_VL53L0X_V1.2.0/Drivers/CMSIS/Device/ST/STM32F4xx) by extension 'cmake'
[0.441s] Level 1:colcon.colcon_core.package_identification:_identify(STM32/main/X-CUBE-53L0A1/STM32CubeExpansion_VL53L0X_V1.2.0/Drivers/CMSIS/Device/ST/STM32F4xx) by extension 'python'
[0.442s] Level 1:colcon.colcon_core.package_identification:_identify(STM32/main/X-CUBE-53L0A1/STM32CubeExpansion_VL53L0X_V1.2.0/Drivers/CMSIS/Device/ST/STM32F4xx) by extensions ['python_setup_py']
[0.442s] Level 1:colcon.colcon_core.package_identification:_identify(STM32/main/X-CUBE-53L0A1/STM32CubeExpansion_VL53L0X_V1.2.0/Drivers/CMSIS/Device/ST/STM32F4xx) by extension 'python_setup_py'
[0.442s] Level 1:colcon.colcon_core.package_identification:_identify(STM32/main/X-CUBE-53L0A1/STM32CubeExpansion_VL53L0X_V1.2.0/Drivers/CMSIS/Device/ST/STM32F4xx/Include) by extensions ['ignore', 'ignore_ament_install']
[0.443s] Level 1:colcon.colcon_core.package_identification:_identify(STM32/main/X-CUBE-53L0A1/STM32CubeExpansion_VL53L0X_V1.2.0/Drivers/CMSIS/Device/ST/STM32F4xx/Include) by extension 'ignore'
[0.443s] Level 1:colcon.colcon_core.package_identification:_identify(STM32/main/X-CUBE-53L0A1/STM32CubeExpansion_VL53L0X_V1.2.0/Drivers/CMSIS/Device/ST/STM32F4xx/Include) by extension 'ignore_ament_install'
[0.444s] Level 1:colcon.colcon_core.package_identification:_identify(STM32/main/X-CUBE-53L0A1/STM32CubeExpansion_VL53L0X_V1.2.0/Drivers/CMSIS/Device/ST/STM32F4xx/Include) by extensions ['colcon_pkg']
[0.444s] Level 1:colcon.colcon_core.package_identification:_identify(STM32/main/X-CUBE-53L0A1/STM32CubeExpansion_VL53L0X_V1.2.0/Drivers/CMSIS/Device/ST/STM32F4xx/Include) by extension 'colcon_pkg'
[0.444s] Level 1:colcon.colcon_core.package_identification:_identify(STM32/main/X-CUBE-53L0A1/STM32CubeExpansion_VL53L0X_V1.2.0/Drivers/CMSIS/Device/ST/STM32F4xx/Include) by extensions ['colcon_meta']
[0.444s] Level 1:colcon.colcon_core.package_identification:_identify(STM32/main/X-CUBE-53L0A1/STM32CubeExpansion_VL53L0X_V1.2.0/Drivers/CMSIS/Device/ST/STM32F4xx/Include) by extension 'colcon_meta'
[0.445s] Level 1:colcon.colcon_core.package_identification:_identify(STM32/main/X-CUBE-53L0A1/STM32CubeExpansion_VL53L0X_V1.2.0/Drivers/CMSIS/Device/ST/STM32F4xx/Include) by extensions ['ros']
[0.445s] Level 1:colcon.colcon_core.package_identification:_identify(STM32/main/X-CUBE-53L0A1/STM32CubeExpansion_VL53L0X_V1.2.0/Drivers/CMSIS/Device/ST/STM32F4xx/Include) by extension 'ros'
[0.445s] Level 1:colcon.colcon_core.package_identification:_identify(STM32/main/X-CUBE-53L0A1/STM32CubeExpansion_VL53L0X_V1.2.0/Drivers/CMSIS/Device/ST/STM32F4xx/Include) by extensions ['cmake', 'python']
[0.446s] Level 1:colcon.colcon_core.package_identification:_identify(STM32/main/X-CUBE-53L0A1/STM32CubeExpansion_VL53L0X_V1.2.0/Drivers/CMSIS/Device/ST/STM32F4xx/Include) by extension 'cmake'
[0.446s] Level 1:colcon.colcon_core.package_identification:_identify(STM32/main/X-CUBE-53L0A1/STM32CubeExpansion_VL53L0X_V1.2.0/Drivers/CMSIS/Device/ST/STM32F4xx/Include) by extension 'python'
[0.446s] Level 1:colcon.colcon_core.package_identification:_identify(STM32/main/X-CUBE-53L0A1/STM32CubeExpansion_VL53L0X_V1.2.0/Drivers/CMSIS/Device/ST/STM32F4xx/Include) by extensions ['python_setup_py']
[0.446s] Level 1:colcon.colcon_core.package_identification:_identify(STM32/main/X-CUBE-53L0A1/STM32CubeExpansion_VL53L0X_V1.2.0/Drivers/CMSIS/Device/ST/STM32F4xx/Include) by extension 'python_setup_py'
[0.447s] Level 1:colcon.colcon_core.package_identification:_identify(STM32/main/X-CUBE-53L0A1/STM32CubeExpansion_VL53L0X_V1.2.0/Drivers/CMSIS/Device/ST/STM32F4xx/Source) by extensions ['ignore', 'ignore_ament_install']
[0.447s] Level 1:colcon.colcon_core.package_identification:_identify(STM32/main/X-CUBE-53L0A1/STM32CubeExpansion_VL53L0X_V1.2.0/Drivers/CMSIS/Device/ST/STM32F4xx/Source) by extension 'ignore'
[0.447s] Level 1:colcon.colcon_core.package_identification:_identify(STM32/main/X-CUBE-53L0A1/STM32CubeExpansion_VL53L0X_V1.2.0/Drivers/CMSIS/Device/ST/STM32F4xx/Source) by extension 'ignore_ament_install'
[0.447s] Level 1:colcon.colcon_core.package_identification:_identify(STM32/main/X-CUBE-53L0A1/STM32CubeExpansion_VL53L0X_V1.2.0/Drivers/CMSIS/Device/ST/STM32F4xx/Source) by extensions ['colcon_pkg']
[0.447s] Level 1:colcon.colcon_core.package_identification:_identify(STM32/main/X-CUBE-53L0A1/STM32CubeExpansion_VL53L0X_V1.2.0/Drivers/CMSIS/Device/ST/STM32F4xx/Source) by extension 'colcon_pkg'
[0.447s] Level 1:colcon.colcon_core.package_identification:_identify(STM32/main/X-CUBE-53L0A1/STM32CubeExpansion_VL53L0X_V1.2.0/Drivers/CMSIS/Device/ST/STM32F4xx/Source) by extensions ['colcon_meta']
[0.447s] Level 1:colcon.colcon_core.package_identification:_identify(STM32/main/X-CUBE-53L0A1/STM32CubeExpansion_VL53L0X_V1.2.0/Drivers/CMSIS/Device/ST/STM32F4xx/Source) by extension 'colcon_meta'
[0.448s] Level 1:colcon.colcon_core.package_identification:_identify(STM32/main/X-CUBE-53L0A1/STM32CubeExpansion_VL53L0X_V1.2.0/Drivers/CMSIS/Device/ST/STM32F4xx/Source) by extensions ['ros']
[0.448s] Level 1:colcon.colcon_core.package_identification:_identify(STM32/main/X-CUBE-53L0A1/STM32CubeExpansion_VL53L0X_V1.2.0/Drivers/CMSIS/Device/ST/STM32F4xx/Source) by extension 'ros'
[0.448s] Level 1:colcon.colcon_core.package_identification:_identify(STM32/main/X-CUBE-53L0A1/STM32CubeExpansion_VL53L0X_V1.2.0/Drivers/CMSIS/Device/ST/STM32F4xx/Source) by extensions ['cmake', 'python']
[0.448s] Level 1:colcon.colcon_core.package_identification:_identify(STM32/main/X-CUBE-53L0A1/STM32CubeExpansion_VL53L0X_V1.2.0/Drivers/CMSIS/Device/ST/STM32F4xx/Source) by extension 'cmake'
[0.448s] Level 1:colcon.colcon_core.package_identification:_identify(STM32/main/X-CUBE-53L0A1/STM32CubeExpansion_VL53L0X_V1.2.0/Drivers/CMSIS/Device/ST/STM32F4xx/Source) by extension 'python'
[0.448s] Level 1:colcon.colcon_core.package_identification:_identify(STM32/main/X-CUBE-53L0A1/STM32CubeExpansion_VL53L0X_V1.2.0/Drivers/CMSIS/Device/ST/STM32F4xx/Source) by extensions ['python_setup_py']
[0.449s] Level 1:colcon.colcon_core.package_identification:_identify(STM32/main/X-CUBE-53L0A1/STM32CubeExpansion_VL53L0X_V1.2.0/Drivers/CMSIS/Device/ST/STM32F4xx/Source) by extension 'python_setup_py'
[0.449s] Level 1:colcon.colcon_core.package_identification:_identify(STM32/main/X-CUBE-53L0A1/STM32CubeExpansion_VL53L0X_V1.2.0/Drivers/CMSIS/Device/ST/STM32F4xx/Source/Templates) by extensions ['ignore', 'ignore_ament_install']
[0.450s] Level 1:colcon.colcon_core.package_identification:_identify(STM32/main/X-CUBE-53L0A1/STM32CubeExpansion_VL53L0X_V1.2.0/Drivers/CMSIS/Device/ST/STM32F4xx/Source/Templates) by extension 'ignore'
[0.450s] Level 1:colcon.colcon_core.package_identification:_identify(STM32/main/X-CUBE-53L0A1/STM32CubeExpansion_VL53L0X_V1.2.0/Drivers/CMSIS/Device/ST/STM32F4xx/Source/Templates) by extension 'ignore_ament_install'
[0.450s] Level 1:colcon.colcon_core.package_identification:_identify(STM32/main/X-CUBE-53L0A1/STM32CubeExpansion_VL53L0X_V1.2.0/Drivers/CMSIS/Device/ST/STM32F4xx/Source/Templates) by extensions ['colcon_pkg']
[0.451s] Level 1:colcon.colcon_core.package_identification:_identify(STM32/main/X-CUBE-53L0A1/STM32CubeExpansion_VL53L0X_V1.2.0/Drivers/CMSIS/Device/ST/STM32F4xx/Source/Templates) by extension 'colcon_pkg'
[0.451s] Level 1:colcon.colcon_core.package_identification:_identify(STM32/main/X-CUBE-53L0A1/STM32CubeExpansion_VL53L0X_V1.2.0/Drivers/CMSIS/Device/ST/STM32F4xx/Source/Templates) by extensions ['colcon_meta']
[0.451s] Level 1:colcon.colcon_core.package_identification:_identify(STM32/main/X-CUBE-53L0A1/STM32CubeExpansion_VL53L0X_V1.2.0/Drivers/CMSIS/Device/ST/STM32F4xx/Source/Templates) by extension 'colcon_meta'
[0.451s] Level 1:colcon.colcon_core.package_identification:_identify(STM32/main/X-CUBE-53L0A1/STM32CubeExpansion_VL53L0X_V1.2.0/Drivers/CMSIS/Device/ST/STM32F4xx/Source/Templates) by extensions ['ros']
[0.452s] Level 1:colcon.colcon_core.package_identification:_identify(STM32/main/X-CUBE-53L0A1/STM32CubeExpansion_VL53L0X_V1.2.0/Drivers/CMSIS/Device/ST/STM32F4xx/Source/Templates) by extension 'ros'
[0.452s] Level 1:colcon.colcon_core.package_identification:_identify(STM32/main/X-CUBE-53L0A1/STM32CubeExpansion_VL53L0X_V1.2.0/Drivers/CMSIS/Device/ST/STM32F4xx/Source/Templates) by extensions ['cmake', 'python']
[0.453s] Level 1:colcon.colcon_core.package_identification:_identify(STM32/main/X-CUBE-53L0A1/STM32CubeExpansion_VL53L0X_V1.2.0/Drivers/CMSIS/Device/ST/STM32F4xx/Source/Templates) by extension 'cmake'
[0.453s] Level 1:colcon.colcon_core.package_identification:_identify(STM32/main/X-CUBE-53L0A1/STM32CubeExpansion_VL53L0X_V1.2.0/Drivers/CMSIS/Device/ST/STM32F4xx/Source/Templates) by extension 'python'
[0.453s] Level 1:colcon.colcon_core.package_identification:_identify(STM32/main/X-CUBE-53L0A1/STM32CubeExpansion_VL53L0X_V1.2.0/Drivers/CMSIS/Device/ST/STM32F4xx/Source/Templates) by extensions ['python_setup_py']
[0.453s] Level 1:colcon.colcon_core.package_identification:_identify(STM32/main/X-CUBE-53L0A1/STM32CubeExpansion_VL53L0X_V1.2.0/Drivers/CMSIS/Device/ST/STM32F4xx/Source/Templates) by extension 'python_setup_py'
[0.454s] Level 1:colcon.colcon_core.package_identification:_identify(STM32/main/X-CUBE-53L0A1/STM32CubeExpansion_VL53L0X_V1.2.0/Drivers/CMSIS/Device/ST/STM32F4xx/Source/Templates/arm) by extensions ['ignore', 'ignore_ament_install']
[0.454s] Level 1:colcon.colcon_core.package_identification:_identify(STM32/main/X-CUBE-53L0A1/STM32CubeExpansion_VL53L0X_V1.2.0/Drivers/CMSIS/Device/ST/STM32F4xx/Source/Templates/arm) by extension 'ignore'
[0.454s] Level 1:colcon.colcon_core.package_identification:_identify(STM32/main/X-CUBE-53L0A1/STM32CubeExpansion_VL53L0X_V1.2.0/Drivers/CMSIS/Device/ST/STM32F4xx/Source/Templates/arm) by extension 'ignore_ament_install'
[0.455s] Level 1:colcon.colcon_core.package_identification:_identify(STM32/main/X-CUBE-53L0A1/STM32CubeExpansion_VL53L0X_V1.2.0/Drivers/CMSIS/Device/ST/STM32F4xx/Source/Templates/arm) by extensions ['colcon_pkg']
[0.455s] Level 1:colcon.colcon_core.package_identification:_identify(STM32/main/X-CUBE-53L0A1/STM32CubeExpansion_VL53L0X_V1.2.0/Drivers/CMSIS/Device/ST/STM32F4xx/Source/Templates/arm) by extension 'colcon_pkg'
[0.455s] Level 1:colcon.colcon_core.package_identification:_identify(STM32/main/X-CUBE-53L0A1/STM32CubeExpansion_VL53L0X_V1.2.0/Drivers/CMSIS/Device/ST/STM32F4xx/Source/Templates/arm) by extensions ['colcon_meta']
[0.455s] Level 1:colcon.colcon_core.package_identification:_identify(STM32/main/X-CUBE-53L0A1/STM32CubeExpansion_VL53L0X_V1.2.0/Drivers/CMSIS/Device/ST/STM32F4xx/Source/Templates/arm) by extension 'colcon_meta'
[0.455s] Level 1:colcon.colcon_core.package_identification:_identify(STM32/main/X-CUBE-53L0A1/STM32CubeExpansion_VL53L0X_V1.2.0/Drivers/CMSIS/Device/ST/STM32F4xx/Source/Templates/arm) by extensions ['ros']
[0.455s] Level 1:colcon.colcon_core.package_identification:_identify(STM32/main/X-CUBE-53L0A1/STM32CubeExpansion_VL53L0X_V1.2.0/Drivers/CMSIS/Device/ST/STM32F4xx/Source/Templates/arm) by extension 'ros'
[0.456s] Level 1:colcon.colcon_core.package_identification:_identify(STM32/main/X-CUBE-53L0A1/STM32CubeExpansion_VL53L0X_V1.2.0/Drivers/CMSIS/Device/ST/STM32F4xx/Source/Templates/arm) by extensions ['cmake', 'python']
[0.456s] Level 1:colcon.colcon_core.package_identification:_identify(STM32/main/X-CUBE-53L0A1/STM32CubeExpansion_VL53L0X_V1.2.0/Drivers/CMSIS/Device/ST/STM32F4xx/Source/Templates/arm) by extension 'cmake'
[0.456s] Level 1:colcon.colcon_core.package_identification:_identify(STM32/main/X-CUBE-53L0A1/STM32CubeExpansion_VL53L0X_V1.2.0/Drivers/CMSIS/Device/ST/STM32F4xx/Source/Templates/arm) by extension 'python'
[0.457s] Level 1:colcon.colcon_core.package_identification:_identify(STM32/main/X-CUBE-53L0A1/STM32CubeExpansion_VL53L0X_V1.2.0/Drivers/CMSIS/Device/ST/STM32F4xx/Source/Templates/arm) by extensions ['python_setup_py']
[0.457s] Level 1:colcon.colcon_core.package_identification:_identify(STM32/main/X-CUBE-53L0A1/STM32CubeExpansion_VL53L0X_V1.2.0/Drivers/CMSIS/Device/ST/STM32F4xx/Source/Templates/arm) by extension 'python_setup_py'
[0.457s] Level 1:colcon.colcon_core.package_identification:_identify(STM32/main/X-CUBE-53L0A1/STM32CubeExpansion_VL53L0X_V1.2.0/Drivers/CMSIS/Device/ST/STM32F4xx/Source/Templates/gcc) by extensions ['ignore', 'ignore_ament_install']
[0.458s] Level 1:colcon.colcon_core.package_identification:_identify(STM32/main/X-CUBE-53L0A1/STM32CubeExpansion_VL53L0X_V1.2.0/Drivers/CMSIS/Device/ST/STM32F4xx/Source/Templates/gcc) by extension 'ignore'
[0.458s] Level 1:colcon.colcon_core.package_identification:_identify(STM32/main/X-CUBE-53L0A1/STM32CubeExpansion_VL53L0X_V1.2.0/Drivers/CMSIS/Device/ST/STM32F4xx/Source/Templates/gcc) by extension 'ignore_ament_install'
[0.459s] Level 1:colcon.colcon_core.package_identification:_identify(STM32/main/X-CUBE-53L0A1/STM32CubeExpansion_VL53L0X_V1.2.0/Drivers/CMSIS/Device/ST/STM32F4xx/Source/Templates/gcc) by extensions ['colcon_pkg']
[0.459s] Level 1:colcon.colcon_core.package_identification:_identify(STM32/main/X-CUBE-53L0A1/STM32CubeExpansion_VL53L0X_V1.2.0/Drivers/CMSIS/Device/ST/STM32F4xx/Source/Templates/gcc) by extension 'colcon_pkg'
[0.459s] Level 1:colcon.colcon_core.package_identification:_identify(STM32/main/X-CUBE-53L0A1/STM32CubeExpansion_VL53L0X_V1.2.0/Drivers/CMSIS/Device/ST/STM32F4xx/Source/Templates/gcc) by extensions ['colcon_meta']
[0.459s] Level 1:colcon.colcon_core.package_identification:_identify(STM32/main/X-CUBE-53L0A1/STM32CubeExpansion_VL53L0X_V1.2.0/Drivers/CMSIS/Device/ST/STM32F4xx/Source/Templates/gcc) by extension 'colcon_meta'
[0.459s] Level 1:colcon.colcon_core.package_identification:_identify(STM32/main/X-CUBE-53L0A1/STM32CubeExpansion_VL53L0X_V1.2.0/Drivers/CMSIS/Device/ST/STM32F4xx/Source/Templates/gcc) by extensions ['ros']
[0.459s] Level 1:colcon.colcon_core.package_identification:_identify(STM32/main/X-CUBE-53L0A1/STM32CubeExpansion_VL53L0X_V1.2.0/Drivers/CMSIS/Device/ST/STM32F4xx/Source/Templates/gcc) by extension 'ros'
[0.460s] Level 1:colcon.colcon_core.package_identification:_identify(STM32/main/X-CUBE-53L0A1/STM32CubeExpansion_VL53L0X_V1.2.0/Drivers/CMSIS/Device/ST/STM32F4xx/Source/Templates/gcc) by extensions ['cmake', 'python']
[0.460s] Level 1:colcon.colcon_core.package_identification:_identify(STM32/main/X-CUBE-53L0A1/STM32CubeExpansion_VL53L0X_V1.2.0/Drivers/CMSIS/Device/ST/STM32F4xx/Source/Templates/gcc) by extension 'cmake'
[0.460s] Level 1:colcon.colcon_core.package_identification:_identify(STM32/main/X-CUBE-53L0A1/STM32CubeExpansion_VL53L0X_V1.2.0/Drivers/CMSIS/Device/ST/STM32F4xx/Source/Templates/gcc) by extension 'python'
[0.460s] Level 1:colcon.colcon_core.package_identification:_identify(STM32/main/X-CUBE-53L0A1/STM32CubeExpansion_VL53L0X_V1.2.0/Drivers/CMSIS/Device/ST/STM32F4xx/Source/Templates/gcc) by extensions ['python_setup_py']
[0.460s] Level 1:colcon.colcon_core.package_identification:_identify(STM32/main/X-CUBE-53L0A1/STM32CubeExpansion_VL53L0X_V1.2.0/Drivers/CMSIS/Device/ST/STM32F4xx/Source/Templates/gcc) by extension 'python_setup_py'
[0.460s] Level 1:colcon.colcon_core.package_identification:_identify(STM32/main/X-CUBE-53L0A1/STM32CubeExpansion_VL53L0X_V1.2.0/Drivers/CMSIS/Device/ST/STM32F4xx/Source/Templates/iar) by extensions ['ignore', 'ignore_ament_install']
[0.461s] Level 1:colcon.colcon_core.package_identification:_identify(STM32/main/X-CUBE-53L0A1/STM32CubeExpansion_VL53L0X_V1.2.0/Drivers/CMSIS/Device/ST/STM32F4xx/Source/Templates/iar) by extension 'ignore'
[0.461s] Level 1:colcon.colcon_core.package_identification:_identify(STM32/main/X-CUBE-53L0A1/STM32CubeExpansion_VL53L0X_V1.2.0/Drivers/CMSIS/Device/ST/STM32F4xx/Source/Templates/iar) by extension 'ignore_ament_install'
[0.461s] Level 1:colcon.colcon_core.package_identification:_identify(STM32/main/X-CUBE-53L0A1/STM32CubeExpansion_VL53L0X_V1.2.0/Drivers/CMSIS/Device/ST/STM32F4xx/Source/Templates/iar) by extensions ['colcon_pkg']
[0.461s] Level 1:colcon.colcon_core.package_identification:_identify(STM32/main/X-CUBE-53L0A1/STM32CubeExpansion_VL53L0X_V1.2.0/Drivers/CMSIS/Device/ST/STM32F4xx/Source/Templates/iar) by extension 'colcon_pkg'
[0.462s] Level 1:colcon.colcon_core.package_identification:_identify(STM32/main/X-CUBE-53L0A1/STM32CubeExpansion_VL53L0X_V1.2.0/Drivers/CMSIS/Device/ST/STM32F4xx/Source/Templates/iar) by extensions ['colcon_meta']
[0.462s] Level 1:colcon.colcon_core.package_identification:_identify(STM32/main/X-CUBE-53L0A1/STM32CubeExpansion_VL53L0X_V1.2.0/Drivers/CMSIS/Device/ST/STM32F4xx/Source/Templates/iar) by extension 'colcon_meta'
[0.462s] Level 1:colcon.colcon_core.package_identification:_identify(STM32/main/X-CUBE-53L0A1/STM32CubeExpansion_VL53L0X_V1.2.0/Drivers/CMSIS/Device/ST/STM32F4xx/Source/Templates/iar) by extensions ['ros']
[0.462s] Level 1:colcon.colcon_core.package_identification:_identify(STM32/main/X-CUBE-53L0A1/STM32CubeExpansion_VL53L0X_V1.2.0/Drivers/CMSIS/Device/ST/STM32F4xx/Source/Templates/iar) by extension 'ros'
[0.463s] Level 1:colcon.colcon_core.package_identification:_identify(STM32/main/X-CUBE-53L0A1/STM32CubeExpansion_VL53L0X_V1.2.0/Drivers/CMSIS/Device/ST/STM32F4xx/Source/Templates/iar) by extensions ['cmake', 'python']
[0.463s] Level 1:colcon.colcon_core.package_identification:_identify(STM32/main/X-CUBE-53L0A1/STM32CubeExpansion_VL53L0X_V1.2.0/Drivers/CMSIS/Device/ST/STM32F4xx/Source/Templates/iar) by extension 'cmake'
[0.464s] Level 1:colcon.colcon_core.package_identification:_identify(STM32/main/X-CUBE-53L0A1/STM32CubeExpansion_VL53L0X_V1.2.0/Drivers/CMSIS/Device/ST/STM32F4xx/Source/Templates/iar) by extension 'python'
[0.464s] Level 1:colcon.colcon_core.package_identification:_identify(STM32/main/X-CUBE-53L0A1/STM32CubeExpansion_VL53L0X_V1.2.0/Drivers/CMSIS/Device/ST/STM32F4xx/Source/Templates/iar) by extensions ['python_setup_py']
[0.464s] Level 1:colcon.colcon_core.package_identification:_identify(STM32/main/X-CUBE-53L0A1/STM32CubeExpansion_VL53L0X_V1.2.0/Drivers/CMSIS/Device/ST/STM32F4xx/Source/Templates/iar) by extension 'python_setup_py'
[0.465s] Level 1:colcon.colcon_core.package_identification:_identify(STM32/main/X-CUBE-53L0A1/STM32CubeExpansion_VL53L0X_V1.2.0/Drivers/CMSIS/Device/ST/STM32F4xx/Source/Templates/iar/linker) by extensions ['ignore', 'ignore_ament_install']
[0.466s] Level 1:colcon.colcon_core.package_identification:_identify(STM32/main/X-CUBE-53L0A1/STM32CubeExpansion_VL53L0X_V1.2.0/Drivers/CMSIS/Device/ST/STM32F4xx/Source/Templates/iar/linker) by extension 'ignore'
[0.466s] Level 1:colcon.colcon_core.package_identification:_identify(STM32/main/X-CUBE-53L0A1/STM32CubeExpansion_VL53L0X_V1.2.0/Drivers/CMSIS/Device/ST/STM32F4xx/Source/Templates/iar/linker) by extension 'ignore_ament_install'
[0.467s] Level 1:colcon.colcon_core.package_identification:_identify(STM32/main/X-CUBE-53L0A1/STM32CubeExpansion_VL53L0X_V1.2.0/Drivers/CMSIS/Device/ST/STM32F4xx/Source/Templates/iar/linker) by extensions ['colcon_pkg']
[0.467s] Level 1:colcon.colcon_core.package_identification:_identify(STM32/main/X-CUBE-53L0A1/STM32CubeExpansion_VL53L0X_V1.2.0/Drivers/CMSIS/Device/ST/STM32F4xx/Source/Templates/iar/linker) by extension 'colcon_pkg'
[0.467s] Level 1:colcon.colcon_core.package_identification:_identify(STM32/main/X-CUBE-53L0A1/STM32CubeExpansion_VL53L0X_V1.2.0/Drivers/CMSIS/Device/ST/STM32F4xx/Source/Templates/iar/linker) by extensions ['colcon_meta']
[0.468s] Level 1:colcon.colcon_core.package_identification:_identify(STM32/main/X-CUBE-53L0A1/STM32CubeExpansion_VL53L0X_V1.2.0/Drivers/CMSIS/Device/ST/STM32F4xx/Source/Templates/iar/linker) by extension 'colcon_meta'
[0.468s] Level 1:colcon.colcon_core.package_identification:_identify(STM32/main/X-CUBE-53L0A1/STM32CubeExpansion_VL53L0X_V1.2.0/Drivers/CMSIS/Device/ST/STM32F4xx/Source/Templates/iar/linker) by extensions ['ros']
[0.468s] Level 1:colcon.colcon_core.package_identification:_identify(STM32/main/X-CUBE-53L0A1/STM32CubeExpansion_VL53L0X_V1.2.0/Drivers/CMSIS/Device/ST/STM32F4xx/Source/Templates/iar/linker) by extension 'ros'
[0.469s] Level 1:colcon.colcon_core.package_identification:_identify(STM32/main/X-CUBE-53L0A1/STM32CubeExpansion_VL53L0X_V1.2.0/Drivers/CMSIS/Device/ST/STM32F4xx/Source/Templates/iar/linker) by extensions ['cmake', 'python']
[0.469s] Level 1:colcon.colcon_core.package_identification:_identify(STM32/main/X-CUBE-53L0A1/STM32CubeExpansion_VL53L0X_V1.2.0/Drivers/CMSIS/Device/ST/STM32F4xx/Source/Templates/iar/linker) by extension 'cmake'
[0.470s] Level 1:colcon.colcon_core.package_identification:_identify(STM32/main/X-CUBE-53L0A1/STM32CubeExpansion_VL53L0X_V1.2.0/Drivers/CMSIS/Device/ST/STM32F4xx/Source/Templates/iar/linker) by extension 'python'
[0.470s] Level 1:colcon.colcon_core.package_identification:_identify(STM32/main/X-CUBE-53L0A1/STM32CubeExpansion_VL53L0X_V1.2.0/Drivers/CMSIS/Device/ST/STM32F4xx/Source/Templates/iar/linker) by extensions ['python_setup_py']
[0.470s] Level 1:colcon.colcon_core.package_identification:_identify(STM32/main/X-CUBE-53L0A1/STM32CubeExpansion_VL53L0X_V1.2.0/Drivers/CMSIS/Device/ST/STM32F4xx/Source/Templates/iar/linker) by extension 'python_setup_py'
[0.470s] Level 1:colcon.colcon_core.package_identification:_identify(STM32/main/X-CUBE-53L0A1/STM32CubeExpansion_VL53L0X_V1.2.0/Drivers/CMSIS/Device/ST/STM32L4xx) by extensions ['ignore', 'ignore_ament_install']
[0.471s] Level 1:colcon.colcon_core.package_identification:_identify(STM32/main/X-CUBE-53L0A1/STM32CubeExpansion_VL53L0X_V1.2.0/Drivers/CMSIS/Device/ST/STM32L4xx) by extension 'ignore'
[0.471s] Level 1:colcon.colcon_core.package_identification:_identify(STM32/main/X-CUBE-53L0A1/STM32CubeExpansion_VL53L0X_V1.2.0/Drivers/CMSIS/Device/ST/STM32L4xx) by extension 'ignore_ament_install'
[0.471s] Level 1:colcon.colcon_core.package_identification:_identify(STM32/main/X-CUBE-53L0A1/STM32CubeExpansion_VL53L0X_V1.2.0/Drivers/CMSIS/Device/ST/STM32L4xx) by extensions ['colcon_pkg']
[0.471s] Level 1:colcon.colcon_core.package_identification:_identify(STM32/main/X-CUBE-53L0A1/STM32CubeExpansion_VL53L0X_V1.2.0/Drivers/CMSIS/Device/ST/STM32L4xx) by extension 'colcon_pkg'
[0.471s] Level 1:colcon.colcon_core.package_identification:_identify(STM32/main/X-CUBE-53L0A1/STM32CubeExpansion_VL53L0X_V1.2.0/Drivers/CMSIS/Device/ST/STM32L4xx) by extensions ['colcon_meta']
[0.471s] Level 1:colcon.colcon_core.package_identification:_identify(STM32/main/X-CUBE-53L0A1/STM32CubeExpansion_VL53L0X_V1.2.0/Drivers/CMSIS/Device/ST/STM32L4xx) by extension 'colcon_meta'
[0.472s] Level 1:colcon.colcon_core.package_identification:_identify(STM32/main/X-CUBE-53L0A1/STM32CubeExpansion_VL53L0X_V1.2.0/Drivers/CMSIS/Device/ST/STM32L4xx) by extensions ['ros']
[0.472s] Level 1:colcon.colcon_core.package_identification:_identify(STM32/main/X-CUBE-53L0A1/STM32CubeExpansion_VL53L0X_V1.2.0/Drivers/CMSIS/Device/ST/STM32L4xx) by extension 'ros'
[0.472s] Level 1:colcon.colcon_core.package_identification:_identify(STM32/main/X-CUBE-53L0A1/STM32CubeExpansion_VL53L0X_V1.2.0/Drivers/CMSIS/Device/ST/STM32L4xx) by extensions ['cmake', 'python']
[0.473s] Level 1:colcon.colcon_core.package_identification:_identify(STM32/main/X-CUBE-53L0A1/STM32CubeExpansion_VL53L0X_V1.2.0/Drivers/CMSIS/Device/ST/STM32L4xx) by extension 'cmake'
[0.473s] Level 1:colcon.colcon_core.package_identification:_identify(STM32/main/X-CUBE-53L0A1/STM32CubeExpansion_VL53L0X_V1.2.0/Drivers/CMSIS/Device/ST/STM32L4xx) by extension 'python'
[0.473s] Level 1:colcon.colcon_core.package_identification:_identify(STM32/main/X-CUBE-53L0A1/STM32CubeExpansion_VL53L0X_V1.2.0/Drivers/CMSIS/Device/ST/STM32L4xx) by extensions ['python_setup_py']
[0.473s] Level 1:colcon.colcon_core.package_identification:_identify(STM32/main/X-CUBE-53L0A1/STM32CubeExpansion_VL53L0X_V1.2.0/Drivers/CMSIS/Device/ST/STM32L4xx) by extension 'python_setup_py'
[0.474s] Level 1:colcon.colcon_core.package_identification:_identify(STM32/main/X-CUBE-53L0A1/STM32CubeExpansion_VL53L0X_V1.2.0/Drivers/CMSIS/Device/ST/STM32L4xx/Include) by extensions ['ignore', 'ignore_ament_install']
[0.474s] Level 1:colcon.colcon_core.package_identification:_identify(STM32/main/X-CUBE-53L0A1/STM32CubeExpansion_VL53L0X_V1.2.0/Drivers/CMSIS/Device/ST/STM32L4xx/Include) by extension 'ignore'
[0.475s] Level 1:colcon.colcon_core.package_identification:_identify(STM32/main/X-CUBE-53L0A1/STM32CubeExpansion_VL53L0X_V1.2.0/Drivers/CMSIS/Device/ST/STM32L4xx/Include) by extension 'ignore_ament_install'
[0.475s] Level 1:colcon.colcon_core.package_identification:_identify(STM32/main/X-CUBE-53L0A1/STM32CubeExpansion_VL53L0X_V1.2.0/Drivers/CMSIS/Device/ST/STM32L4xx/Include) by extensions ['colcon_pkg']
[0.476s] Level 1:colcon.colcon_core.package_identification:_identify(STM32/main/X-CUBE-53L0A1/STM32CubeExpansion_VL53L0X_V1.2.0/Drivers/CMSIS/Device/ST/STM32L4xx/Include) by extension 'colcon_pkg'
[0.476s] Level 1:colcon.colcon_core.package_identification:_identify(STM32/main/X-CUBE-53L0A1/STM32CubeExpansion_VL53L0X_V1.2.0/Drivers/CMSIS/Device/ST/STM32L4xx/Include) by extensions ['colcon_meta']
[0.476s] Level 1:colcon.colcon_core.package_identification:_identify(STM32/main/X-CUBE-53L0A1/STM32CubeExpansion_VL53L0X_V1.2.0/Drivers/CMSIS/Device/ST/STM32L4xx/Include) by extension 'colcon_meta'
[0.476s] Level 1:colcon.colcon_core.package_identification:_identify(STM32/main/X-CUBE-53L0A1/STM32CubeExpansion_VL53L0X_V1.2.0/Drivers/CMSIS/Device/ST/STM32L4xx/Include) by extensions ['ros']
[0.476s] Level 1:colcon.colcon_core.package_identification:_identify(STM32/main/X-CUBE-53L0A1/STM32CubeExpansion_VL53L0X_V1.2.0/Drivers/CMSIS/Device/ST/STM32L4xx/Include) by extension 'ros'
[0.477s] Level 1:colcon.colcon_core.package_identification:_identify(STM32/main/X-CUBE-53L0A1/STM32CubeExpansion_VL53L0X_V1.2.0/Drivers/CMSIS/Device/ST/STM32L4xx/Include) by extensions ['cmake', 'python']
[0.477s] Level 1:colcon.colcon_core.package_identification:_identify(STM32/main/X-CUBE-53L0A1/STM32CubeExpansion_VL53L0X_V1.2.0/Drivers/CMSIS/Device/ST/STM32L4xx/Include) by extension 'cmake'
[0.477s] Level 1:colcon.colcon_core.package_identification:_identify(STM32/main/X-CUBE-53L0A1/STM32CubeExpansion_VL53L0X_V1.2.0/Drivers/CMSIS/Device/ST/STM32L4xx/Include) by extension 'python'
[0.477s] Level 1:colcon.colcon_core.package_identification:_identify(STM32/main/X-CUBE-53L0A1/STM32CubeExpansion_VL53L0X_V1.2.0/Drivers/CMSIS/Device/ST/STM32L4xx/Include) by extensions ['python_setup_py']
[0.477s] Level 1:colcon.colcon_core.package_identification:_identify(STM32/main/X-CUBE-53L0A1/STM32CubeExpansion_VL53L0X_V1.2.0/Drivers/CMSIS/Device/ST/STM32L4xx/Include) by extension 'python_setup_py'
[0.477s] Level 1:colcon.colcon_core.package_identification:_identify(STM32/main/X-CUBE-53L0A1/STM32CubeExpansion_VL53L0X_V1.2.0/Drivers/CMSIS/Device/ST/STM32L4xx/Source) by extensions ['ignore', 'ignore_ament_install']
[0.478s] Level 1:colcon.colcon_core.package_identification:_identify(STM32/main/X-CUBE-53L0A1/STM32CubeExpansion_VL53L0X_V1.2.0/Drivers/CMSIS/Device/ST/STM32L4xx/Source) by extension 'ignore'
[0.479s] Level 1:colcon.colcon_core.package_identification:_identify(STM32/main/X-CUBE-53L0A1/STM32CubeExpansion_VL53L0X_V1.2.0/Drivers/CMSIS/Device/ST/STM32L4xx/Source) by extension 'ignore_ament_install'
[0.479s] Level 1:colcon.colcon_core.package_identification:_identify(STM32/main/X-CUBE-53L0A1/STM32CubeExpansion_VL53L0X_V1.2.0/Drivers/CMSIS/Device/ST/STM32L4xx/Source) by extensions ['colcon_pkg']
[0.479s] Level 1:colcon.colcon_core.package_identification:_identify(STM32/main/X-CUBE-53L0A1/STM32CubeExpansion_VL53L0X_V1.2.0/Drivers/CMSIS/Device/ST/STM32L4xx/Source) by extension 'colcon_pkg'
[0.480s] Level 1:colcon.colcon_core.package_identification:_identify(STM32/main/X-CUBE-53L0A1/STM32CubeExpansion_VL53L0X_V1.2.0/Drivers/CMSIS/Device/ST/STM32L4xx/Source) by extensions ['colcon_meta']
[0.480s] Level 1:colcon.colcon_core.package_identification:_identify(STM32/main/X-CUBE-53L0A1/STM32CubeExpansion_VL53L0X_V1.2.0/Drivers/CMSIS/Device/ST/STM32L4xx/Source) by extension 'colcon_meta'
[0.481s] Level 1:colcon.colcon_core.package_identification:_identify(STM32/main/X-CUBE-53L0A1/STM32CubeExpansion_VL53L0X_V1.2.0/Drivers/CMSIS/Device/ST/STM32L4xx/Source) by extensions ['ros']
[0.481s] Level 1:colcon.colcon_core.package_identification:_identify(STM32/main/X-CUBE-53L0A1/STM32CubeExpansion_VL53L0X_V1.2.0/Drivers/CMSIS/Device/ST/STM32L4xx/Source) by extension 'ros'
[0.482s] Level 1:colcon.colcon_core.package_identification:_identify(STM32/main/X-CUBE-53L0A1/STM32CubeExpansion_VL53L0X_V1.2.0/Drivers/CMSIS/Device/ST/STM32L4xx/Source) by extensions ['cmake', 'python']
[0.482s] Level 1:colcon.colcon_core.package_identification:_identify(STM32/main/X-CUBE-53L0A1/STM32CubeExpansion_VL53L0X_V1.2.0/Drivers/CMSIS/Device/ST/STM32L4xx/Source) by extension 'cmake'
[0.482s] Level 1:colcon.colcon_core.package_identification:_identify(STM32/main/X-CUBE-53L0A1/STM32CubeExpansion_VL53L0X_V1.2.0/Drivers/CMSIS/Device/ST/STM32L4xx/Source) by extension 'python'
[0.482s] Level 1:colcon.colcon_core.package_identification:_identify(STM32/main/X-CUBE-53L0A1/STM32CubeExpansion_VL53L0X_V1.2.0/Drivers/CMSIS/Device/ST/STM32L4xx/Source) by extensions ['python_setup_py']
[0.482s] Level 1:colcon.colcon_core.package_identification:_identify(STM32/main/X-CUBE-53L0A1/STM32CubeExpansion_VL53L0X_V1.2.0/Drivers/CMSIS/Device/ST/STM32L4xx/Source) by extension 'python_setup_py'
[0.483s] Level 1:colcon.colcon_core.package_identification:_identify(STM32/main/X-CUBE-53L0A1/STM32CubeExpansion_VL53L0X_V1.2.0/Drivers/CMSIS/Device/ST/STM32L4xx/Source/Templates) by extensions ['ignore', 'ignore_ament_install']
[0.483s] Level 1:colcon.colcon_core.package_identification:_identify(STM32/main/X-CUBE-53L0A1/STM32CubeExpansion_VL53L0X_V1.2.0/Drivers/CMSIS/Device/ST/STM32L4xx/Source/Templates) by extension 'ignore'
[0.483s] Level 1:colcon.colcon_core.package_identification:_identify(STM32/main/X-CUBE-53L0A1/STM32CubeExpansion_VL53L0X_V1.2.0/Drivers/CMSIS/Device/ST/STM32L4xx/Source/Templates) by extension 'ignore_ament_install'
[0.484s] Level 1:colcon.colcon_core.package_identification:_identify(STM32/main/X-CUBE-53L0A1/STM32CubeExpansion_VL53L0X_V1.2.0/Drivers/CMSIS/Device/ST/STM32L4xx/Source/Templates) by extensions ['colcon_pkg']
[0.484s] Level 1:colcon.colcon_core.package_identification:_identify(STM32/main/X-CUBE-53L0A1/STM32CubeExpansion_VL53L0X_V1.2.0/Drivers/CMSIS/Device/ST/STM32L4xx/Source/Templates) by extension 'colcon_pkg'
[0.484s] Level 1:colcon.colcon_core.package_identification:_identify(STM32/main/X-CUBE-53L0A1/STM32CubeExpansion_VL53L0X_V1.2.0/Drivers/CMSIS/Device/ST/STM32L4xx/Source/Templates) by extensions ['colcon_meta']
[0.485s] Level 1:colcon.colcon_core.package_identification:_identify(STM32/main/X-CUBE-53L0A1/STM32CubeExpansion_VL53L0X_V1.2.0/Drivers/CMSIS/Device/ST/STM32L4xx/Source/Templates) by extension 'colcon_meta'
[0.485s] Level 1:colcon.colcon_core.package_identification:_identify(STM32/main/X-CUBE-53L0A1/STM32CubeExpansion_VL53L0X_V1.2.0/Drivers/CMSIS/Device/ST/STM32L4xx/Source/Templates) by extensions ['ros']
[0.485s] Level 1:colcon.colcon_core.package_identification:_identify(STM32/main/X-CUBE-53L0A1/STM32CubeExpansion_VL53L0X_V1.2.0/Drivers/CMSIS/Device/ST/STM32L4xx/Source/Templates) by extension 'ros'
[0.486s] Level 1:colcon.colcon_core.package_identification:_identify(STM32/main/X-CUBE-53L0A1/STM32CubeExpansion_VL53L0X_V1.2.0/Drivers/CMSIS/Device/ST/STM32L4xx/Source/Templates) by extensions ['cmake', 'python']
[0.486s] Level 1:colcon.colcon_core.package_identification:_identify(STM32/main/X-CUBE-53L0A1/STM32CubeExpansion_VL53L0X_V1.2.0/Drivers/CMSIS/Device/ST/STM32L4xx/Source/Templates) by extension 'cmake'
[0.486s] Level 1:colcon.colcon_core.package_identification:_identify(STM32/main/X-CUBE-53L0A1/STM32CubeExpansion_VL53L0X_V1.2.0/Drivers/CMSIS/Device/ST/STM32L4xx/Source/Templates) by extension 'python'
[0.487s] Level 1:colcon.colcon_core.package_identification:_identify(STM32/main/X-CUBE-53L0A1/STM32CubeExpansion_VL53L0X_V1.2.0/Drivers/CMSIS/Device/ST/STM32L4xx/Source/Templates) by extensions ['python_setup_py']
[0.487s] Level 1:colcon.colcon_core.package_identification:_identify(STM32/main/X-CUBE-53L0A1/STM32CubeExpansion_VL53L0X_V1.2.0/Drivers/CMSIS/Device/ST/STM32L4xx/Source/Templates) by extension 'python_setup_py'
[0.487s] Level 1:colcon.colcon_core.package_identification:_identify(STM32/main/X-CUBE-53L0A1/STM32CubeExpansion_VL53L0X_V1.2.0/Drivers/CMSIS/Device/ST/STM32L4xx/Source/Templates/arm) by extensions ['ignore', 'ignore_ament_install']
[0.488s] Level 1:colcon.colcon_core.package_identification:_identify(STM32/main/X-CUBE-53L0A1/STM32CubeExpansion_VL53L0X_V1.2.0/Drivers/CMSIS/Device/ST/STM32L4xx/Source/Templates/arm) by extension 'ignore'
[0.488s] Level 1:colcon.colcon_core.package_identification:_identify(STM32/main/X-CUBE-53L0A1/STM32CubeExpansion_VL53L0X_V1.2.0/Drivers/CMSIS/Device/ST/STM32L4xx/Source/Templates/arm) by extension 'ignore_ament_install'
[0.488s] Level 1:colcon.colcon_core.package_identification:_identify(STM32/main/X-CUBE-53L0A1/STM32CubeExpansion_VL53L0X_V1.2.0/Drivers/CMSIS/Device/ST/STM32L4xx/Source/Templates/arm) by extensions ['colcon_pkg']
[0.489s] Level 1:colcon.colcon_core.package_identification:_identify(STM32/main/X-CUBE-53L0A1/STM32CubeExpansion_VL53L0X_V1.2.0/Drivers/CMSIS/Device/ST/STM32L4xx/Source/Templates/arm) by extension 'colcon_pkg'
[0.489s] Level 1:colcon.colcon_core.package_identification:_identify(STM32/main/X-CUBE-53L0A1/STM32CubeExpansion_VL53L0X_V1.2.0/Drivers/CMSIS/Device/ST/STM32L4xx/Source/Templates/arm) by extensions ['colcon_meta']
[0.489s] Level 1:colcon.colcon_core.package_identification:_identify(STM32/main/X-CUBE-53L0A1/STM32CubeExpansion_VL53L0X_V1.2.0/Drivers/CMSIS/Device/ST/STM32L4xx/Source/Templates/arm) by extension 'colcon_meta'
[0.489s] Level 1:colcon.colcon_core.package_identification:_identify(STM32/main/X-CUBE-53L0A1/STM32CubeExpansion_VL53L0X_V1.2.0/Drivers/CMSIS/Device/ST/STM32L4xx/Source/Templates/arm) by extensions ['ros']
[0.490s] Level 1:colcon.colcon_core.package_identification:_identify(STM32/main/X-CUBE-53L0A1/STM32CubeExpansion_VL53L0X_V1.2.0/Drivers/CMSIS/Device/ST/STM32L4xx/Source/Templates/arm) by extension 'ros'
[0.490s] Level 1:colcon.colcon_core.package_identification:_identify(STM32/main/X-CUBE-53L0A1/STM32CubeExpansion_VL53L0X_V1.2.0/Drivers/CMSIS/Device/ST/STM32L4xx/Source/Templates/arm) by extensions ['cmake', 'python']
[0.490s] Level 1:colcon.colcon_core.package_identification:_identify(STM32/main/X-CUBE-53L0A1/STM32CubeExpansion_VL53L0X_V1.2.0/Drivers/CMSIS/Device/ST/STM32L4xx/Source/Templates/arm) by extension 'cmake'
[0.490s] Level 1:colcon.colcon_core.package_identification:_identify(STM32/main/X-CUBE-53L0A1/STM32CubeExpansion_VL53L0X_V1.2.0/Drivers/CMSIS/Device/ST/STM32L4xx/Source/Templates/arm) by extension 'python'
[0.490s] Level 1:colcon.colcon_core.package_identification:_identify(STM32/main/X-CUBE-53L0A1/STM32CubeExpansion_VL53L0X_V1.2.0/Drivers/CMSIS/Device/ST/STM32L4xx/Source/Templates/arm) by extensions ['python_setup_py']
[0.490s] Level 1:colcon.colcon_core.package_identification:_identify(STM32/main/X-CUBE-53L0A1/STM32CubeExpansion_VL53L0X_V1.2.0/Drivers/CMSIS/Device/ST/STM32L4xx/Source/Templates/arm) by extension 'python_setup_py'
[0.491s] Level 1:colcon.colcon_core.package_identification:_identify(STM32/main/X-CUBE-53L0A1/STM32CubeExpansion_VL53L0X_V1.2.0/Drivers/CMSIS/Device/ST/STM32L4xx/Source/Templates/gcc) by extensions ['ignore', 'ignore_ament_install']
[0.491s] Level 1:colcon.colcon_core.package_identification:_identify(STM32/main/X-CUBE-53L0A1/STM32CubeExpansion_VL53L0X_V1.2.0/Drivers/CMSIS/Device/ST/STM32L4xx/Source/Templates/gcc) by extension 'ignore'
[0.491s] Level 1:colcon.colcon_core.package_identification:_identify(STM32/main/X-CUBE-53L0A1/STM32CubeExpansion_VL53L0X_V1.2.0/Drivers/CMSIS/Device/ST/STM32L4xx/Source/Templates/gcc) by extension 'ignore_ament_install'
[0.492s] Level 1:colcon.colcon_core.package_identification:_identify(STM32/main/X-CUBE-53L0A1/STM32CubeExpansion_VL53L0X_V1.2.0/Drivers/CMSIS/Device/ST/STM32L4xx/Source/Templates/gcc) by extensions ['colcon_pkg']
[0.492s] Level 1:colcon.colcon_core.package_identification:_identify(STM32/main/X-CUBE-53L0A1/STM32CubeExpansion_VL53L0X_V1.2.0/Drivers/CMSIS/Device/ST/STM32L4xx/Source/Templates/gcc) by extension 'colcon_pkg'
[0.492s] Level 1:colcon.colcon_core.package_identification:_identify(STM32/main/X-CUBE-53L0A1/STM32CubeExpansion_VL53L0X_V1.2.0/Drivers/CMSIS/Device/ST/STM32L4xx/Source/Templates/gcc) by extensions ['colcon_meta']
[0.492s] Level 1:colcon.colcon_core.package_identification:_identify(STM32/main/X-CUBE-53L0A1/STM32CubeExpansion_VL53L0X_V1.2.0/Drivers/CMSIS/Device/ST/STM32L4xx/Source/Templates/gcc) by extension 'colcon_meta'
[0.492s] Level 1:colcon.colcon_core.package_identification:_identify(STM32/main/X-CUBE-53L0A1/STM32CubeExpansion_VL53L0X_V1.2.0/Drivers/CMSIS/Device/ST/STM32L4xx/Source/Templates/gcc) by extensions ['ros']
[0.492s] Level 1:colcon.colcon_core.package_identification:_identify(STM32/main/X-CUBE-53L0A1/STM32CubeExpansion_VL53L0X_V1.2.0/Drivers/CMSIS/Device/ST/STM32L4xx/Source/Templates/gcc) by extension 'ros'
[0.493s] Level 1:colcon.colcon_core.package_identification:_identify(STM32/main/X-CUBE-53L0A1/STM32CubeExpansion_VL53L0X_V1.2.0/Drivers/CMSIS/Device/ST/STM32L4xx/Source/Templates/gcc) by extensions ['cmake', 'python']
[0.493s] Level 1:colcon.colcon_core.package_identification:_identify(STM32/main/X-CUBE-53L0A1/STM32CubeExpansion_VL53L0X_V1.2.0/Drivers/CMSIS/Device/ST/STM32L4xx/Source/Templates/gcc) by extension 'cmake'
[0.493s] Level 1:colcon.colcon_core.package_identification:_identify(STM32/main/X-CUBE-53L0A1/STM32CubeExpansion_VL53L0X_V1.2.0/Drivers/CMSIS/Device/ST/STM32L4xx/Source/Templates/gcc) by extension 'python'
[0.493s] Level 1:colcon.colcon_core.package_identification:_identify(STM32/main/X-CUBE-53L0A1/STM32CubeExpansion_VL53L0X_V1.2.0/Drivers/CMSIS/Device/ST/STM32L4xx/Source/Templates/gcc) by extensions ['python_setup_py']
[0.493s] Level 1:colcon.colcon_core.package_identification:_identify(STM32/main/X-CUBE-53L0A1/STM32CubeExpansion_VL53L0X_V1.2.0/Drivers/CMSIS/Device/ST/STM32L4xx/Source/Templates/gcc) by extension 'python_setup_py'
[0.493s] Level 1:colcon.colcon_core.package_identification:_identify(STM32/main/X-CUBE-53L0A1/STM32CubeExpansion_VL53L0X_V1.2.0/Drivers/CMSIS/Device/ST/STM32L4xx/Source/Templates/iar) by extensions ['ignore', 'ignore_ament_install']
[0.494s] Level 1:colcon.colcon_core.package_identification:_identify(STM32/main/X-CUBE-53L0A1/STM32CubeExpansion_VL53L0X_V1.2.0/Drivers/CMSIS/Device/ST/STM32L4xx/Source/Templates/iar) by extension 'ignore'
[0.494s] Level 1:colcon.colcon_core.package_identification:_identify(STM32/main/X-CUBE-53L0A1/STM32CubeExpansion_VL53L0X_V1.2.0/Drivers/CMSIS/Device/ST/STM32L4xx/Source/Templates/iar) by extension 'ignore_ament_install'
[0.494s] Level 1:colcon.colcon_core.package_identification:_identify(STM32/main/X-CUBE-53L0A1/STM32CubeExpansion_VL53L0X_V1.2.0/Drivers/CMSIS/Device/ST/STM32L4xx/Source/Templates/iar) by extensions ['colcon_pkg']
[0.495s] Level 1:colcon.colcon_core.package_identification:_identify(STM32/main/X-CUBE-53L0A1/STM32CubeExpansion_VL53L0X_V1.2.0/Drivers/CMSIS/Device/ST/STM32L4xx/Source/Templates/iar) by extension 'colcon_pkg'
[0.495s] Level 1:colcon.colcon_core.package_identification:_identify(STM32/main/X-CUBE-53L0A1/STM32CubeExpansion_VL53L0X_V1.2.0/Drivers/CMSIS/Device/ST/STM32L4xx/Source/Templates/iar) by extensions ['colcon_meta']
[0.495s] Level 1:colcon.colcon_core.package_identification:_identify(STM32/main/X-CUBE-53L0A1/STM32CubeExpansion_VL53L0X_V1.2.0/Drivers/CMSIS/Device/ST/STM32L4xx/Source/Templates/iar) by extension 'colcon_meta'
[0.495s] Level 1:colcon.colcon_core.package_identification:_identify(STM32/main/X-CUBE-53L0A1/STM32CubeExpansion_VL53L0X_V1.2.0/Drivers/CMSIS/Device/ST/STM32L4xx/Source/Templates/iar) by extensions ['ros']
[0.496s] Level 1:colcon.colcon_core.package_identification:_identify(STM32/main/X-CUBE-53L0A1/STM32CubeExpansion_VL53L0X_V1.2.0/Drivers/CMSIS/Device/ST/STM32L4xx/Source/Templates/iar) by extension 'ros'
[0.496s] Level 1:colcon.colcon_core.package_identification:_identify(STM32/main/X-CUBE-53L0A1/STM32CubeExpansion_VL53L0X_V1.2.0/Drivers/CMSIS/Device/ST/STM32L4xx/Source/Templates/iar) by extensions ['cmake', 'python']
[0.496s] Level 1:colcon.colcon_core.package_identification:_identify(STM32/main/X-CUBE-53L0A1/STM32CubeExpansion_VL53L0X_V1.2.0/Drivers/CMSIS/Device/ST/STM32L4xx/Source/Templates/iar) by extension 'cmake'
[0.497s] Level 1:colcon.colcon_core.package_identification:_identify(STM32/main/X-CUBE-53L0A1/STM32CubeExpansion_VL53L0X_V1.2.0/Drivers/CMSIS/Device/ST/STM32L4xx/Source/Templates/iar) by extension 'python'
[0.497s] Level 1:colcon.colcon_core.package_identification:_identify(STM32/main/X-CUBE-53L0A1/STM32CubeExpansion_VL53L0X_V1.2.0/Drivers/CMSIS/Device/ST/STM32L4xx/Source/Templates/iar) by extensions ['python_setup_py']
[0.497s] Level 1:colcon.colcon_core.package_identification:_identify(STM32/main/X-CUBE-53L0A1/STM32CubeExpansion_VL53L0X_V1.2.0/Drivers/CMSIS/Device/ST/STM32L4xx/Source/Templates/iar) by extension 'python_setup_py'
[0.497s] Level 1:colcon.colcon_core.package_identification:_identify(STM32/main/X-CUBE-53L0A1/STM32CubeExpansion_VL53L0X_V1.2.0/Drivers/CMSIS/Device/ST/STM32L4xx/Source/Templates/iar/linker) by extensions ['ignore', 'ignore_ament_install']
[0.497s] Level 1:colcon.colcon_core.package_identification:_identify(STM32/main/X-CUBE-53L0A1/STM32CubeExpansion_VL53L0X_V1.2.0/Drivers/CMSIS/Device/ST/STM32L4xx/Source/Templates/iar/linker) by extension 'ignore'
[0.497s] Level 1:colcon.colcon_core.package_identification:_identify(STM32/main/X-CUBE-53L0A1/STM32CubeExpansion_VL53L0X_V1.2.0/Drivers/CMSIS/Device/ST/STM32L4xx/Source/Templates/iar/linker) by extension 'ignore_ament_install'
[0.498s] Level 1:colcon.colcon_core.package_identification:_identify(STM32/main/X-CUBE-53L0A1/STM32CubeExpansion_VL53L0X_V1.2.0/Drivers/CMSIS/Device/ST/STM32L4xx/Source/Templates/iar/linker) by extensions ['colcon_pkg']
[0.498s] Level 1:colcon.colcon_core.package_identification:_identify(STM32/main/X-CUBE-53L0A1/STM32CubeExpansion_VL53L0X_V1.2.0/Drivers/CMSIS/Device/ST/STM32L4xx/Source/Templates/iar/linker) by extension 'colcon_pkg'
[0.499s] Level 1:colcon.colcon_core.package_identification:_identify(STM32/main/X-CUBE-53L0A1/STM32CubeExpansion_VL53L0X_V1.2.0/Drivers/CMSIS/Device/ST/STM32L4xx/Source/Templates/iar/linker) by extensions ['colcon_meta']
[0.499s] Level 1:colcon.colcon_core.package_identification:_identify(STM32/main/X-CUBE-53L0A1/STM32CubeExpansion_VL53L0X_V1.2.0/Drivers/CMSIS/Device/ST/STM32L4xx/Source/Templates/iar/linker) by extension 'colcon_meta'
[0.499s] Level 1:colcon.colcon_core.package_identification:_identify(STM32/main/X-CUBE-53L0A1/STM32CubeExpansion_VL53L0X_V1.2.0/Drivers/CMSIS/Device/ST/STM32L4xx/Source/Templates/iar/linker) by extensions ['ros']
[0.499s] Level 1:colcon.colcon_core.package_identification:_identify(STM32/main/X-CUBE-53L0A1/STM32CubeExpansion_VL53L0X_V1.2.0/Drivers/CMSIS/Device/ST/STM32L4xx/Source/Templates/iar/linker) by extension 'ros'
[0.500s] Level 1:colcon.colcon_core.package_identification:_identify(STM32/main/X-CUBE-53L0A1/STM32CubeExpansion_VL53L0X_V1.2.0/Drivers/CMSIS/Device/ST/STM32L4xx/Source/Templates/iar/linker) by extensions ['cmake', 'python']
[0.500s] Level 1:colcon.colcon_core.package_identification:_identify(STM32/main/X-CUBE-53L0A1/STM32CubeExpansion_VL53L0X_V1.2.0/Drivers/CMSIS/Device/ST/STM32L4xx/Source/Templates/iar/linker) by extension 'cmake'
[0.500s] Level 1:colcon.colcon_core.package_identification:_identify(STM32/main/X-CUBE-53L0A1/STM32CubeExpansion_VL53L0X_V1.2.0/Drivers/CMSIS/Device/ST/STM32L4xx/Source/Templates/iar/linker) by extension 'python'
[0.501s] Level 1:colcon.colcon_core.package_identification:_identify(STM32/main/X-CUBE-53L0A1/STM32CubeExpansion_VL53L0X_V1.2.0/Drivers/CMSIS/Device/ST/STM32L4xx/Source/Templates/iar/linker) by extensions ['python_setup_py']
[0.501s] Level 1:colcon.colcon_core.package_identification:_identify(STM32/main/X-CUBE-53L0A1/STM32CubeExpansion_VL53L0X_V1.2.0/Drivers/CMSIS/Device/ST/STM32L4xx/Source/Templates/iar/linker) by extension 'python_setup_py'
[0.502s] Level 1:colcon.colcon_core.package_identification:_identify(STM32/main/X-CUBE-53L0A1/STM32CubeExpansion_VL53L0X_V1.2.0/Drivers/CMSIS/Include) by extensions ['ignore', 'ignore_ament_install']
[0.502s] Level 1:colcon.colcon_core.package_identification:_identify(STM32/main/X-CUBE-53L0A1/STM32CubeExpansion_VL53L0X_V1.2.0/Drivers/CMSIS/Include) by extension 'ignore'
[0.503s] Level 1:colcon.colcon_core.package_identification:_identify(STM32/main/X-CUBE-53L0A1/STM32CubeExpansion_VL53L0X_V1.2.0/Drivers/CMSIS/Include) by extension 'ignore_ament_install'
[0.503s] Level 1:colcon.colcon_core.package_identification:_identify(STM32/main/X-CUBE-53L0A1/STM32CubeExpansion_VL53L0X_V1.2.0/Drivers/CMSIS/Include) by extensions ['colcon_pkg']
[0.503s] Level 1:colcon.colcon_core.package_identification:_identify(STM32/main/X-CUBE-53L0A1/STM32CubeExpansion_VL53L0X_V1.2.0/Drivers/CMSIS/Include) by extension 'colcon_pkg'
[0.503s] Level 1:colcon.colcon_core.package_identification:_identify(STM32/main/X-CUBE-53L0A1/STM32CubeExpansion_VL53L0X_V1.2.0/Drivers/CMSIS/Include) by extensions ['colcon_meta']
[0.503s] Level 1:colcon.colcon_core.package_identification:_identify(STM32/main/X-CUBE-53L0A1/STM32CubeExpansion_VL53L0X_V1.2.0/Drivers/CMSIS/Include) by extension 'colcon_meta'
[0.503s] Level 1:colcon.colcon_core.package_identification:_identify(STM32/main/X-CUBE-53L0A1/STM32CubeExpansion_VL53L0X_V1.2.0/Drivers/CMSIS/Include) by extensions ['ros']
[0.503s] Level 1:colcon.colcon_core.package_identification:_identify(STM32/main/X-CUBE-53L0A1/STM32CubeExpansion_VL53L0X_V1.2.0/Drivers/CMSIS/Include) by extension 'ros'
[0.504s] Level 1:colcon.colcon_core.package_identification:_identify(STM32/main/X-CUBE-53L0A1/STM32CubeExpansion_VL53L0X_V1.2.0/Drivers/CMSIS/Include) by extensions ['cmake', 'python']
[0.504s] Level 1:colcon.colcon_core.package_identification:_identify(STM32/main/X-CUBE-53L0A1/STM32CubeExpansion_VL53L0X_V1.2.0/Drivers/CMSIS/Include) by extension 'cmake'
[0.505s] Level 1:colcon.colcon_core.package_identification:_identify(STM32/main/X-CUBE-53L0A1/STM32CubeExpansion_VL53L0X_V1.2.0/Drivers/CMSIS/Include) by extension 'python'
[0.505s] Level 1:colcon.colcon_core.package_identification:_identify(STM32/main/X-CUBE-53L0A1/STM32CubeExpansion_VL53L0X_V1.2.0/Drivers/CMSIS/Include) by extensions ['python_setup_py']
[0.506s] Level 1:colcon.colcon_core.package_identification:_identify(STM32/main/X-CUBE-53L0A1/STM32CubeExpansion_VL53L0X_V1.2.0/Drivers/CMSIS/Include) by extension 'python_setup_py'
[0.506s] Level 1:colcon.colcon_core.package_identification:_identify(STM32/main/X-CUBE-53L0A1/STM32CubeExpansion_VL53L0X_V1.2.0/Drivers/STM32F4xx_HAL_Driver) by extensions ['ignore', 'ignore_ament_install']
[0.506s] Level 1:colcon.colcon_core.package_identification:_identify(STM32/main/X-CUBE-53L0A1/STM32CubeExpansion_VL53L0X_V1.2.0/Drivers/STM32F4xx_HAL_Driver) by extension 'ignore'
[0.507s] Level 1:colcon.colcon_core.package_identification:_identify(STM32/main/X-CUBE-53L0A1/STM32CubeExpansion_VL53L0X_V1.2.0/Drivers/STM32F4xx_HAL_Driver) by extension 'ignore_ament_install'
[0.507s] Level 1:colcon.colcon_core.package_identification:_identify(STM32/main/X-CUBE-53L0A1/STM32CubeExpansion_VL53L0X_V1.2.0/Drivers/STM32F4xx_HAL_Driver) by extensions ['colcon_pkg']
[0.507s] Level 1:colcon.colcon_core.package_identification:_identify(STM32/main/X-CUBE-53L0A1/STM32CubeExpansion_VL53L0X_V1.2.0/Drivers/STM32F4xx_HAL_Driver) by extension 'colcon_pkg'
[0.507s] Level 1:colcon.colcon_core.package_identification:_identify(STM32/main/X-CUBE-53L0A1/STM32CubeExpansion_VL53L0X_V1.2.0/Drivers/STM32F4xx_HAL_Driver) by extensions ['colcon_meta']
[0.507s] Level 1:colcon.colcon_core.package_identification:_identify(STM32/main/X-CUBE-53L0A1/STM32CubeExpansion_VL53L0X_V1.2.0/Drivers/STM32F4xx_HAL_Driver) by extension 'colcon_meta'
[0.507s] Level 1:colcon.colcon_core.package_identification:_identify(STM32/main/X-CUBE-53L0A1/STM32CubeExpansion_VL53L0X_V1.2.0/Drivers/STM32F4xx_HAL_Driver) by extensions ['ros']
[0.507s] Level 1:colcon.colcon_core.package_identification:_identify(STM32/main/X-CUBE-53L0A1/STM32CubeExpansion_VL53L0X_V1.2.0/Drivers/STM32F4xx_HAL_Driver) by extension 'ros'
[0.508s] Level 1:colcon.colcon_core.package_identification:_identify(STM32/main/X-CUBE-53L0A1/STM32CubeExpansion_VL53L0X_V1.2.0/Drivers/STM32F4xx_HAL_Driver) by extensions ['cmake', 'python']
[0.508s] Level 1:colcon.colcon_core.package_identification:_identify(STM32/main/X-CUBE-53L0A1/STM32CubeExpansion_VL53L0X_V1.2.0/Drivers/STM32F4xx_HAL_Driver) by extension 'cmake'
[0.509s] Level 1:colcon.colcon_core.package_identification:_identify(STM32/main/X-CUBE-53L0A1/STM32CubeExpansion_VL53L0X_V1.2.0/Drivers/STM32F4xx_HAL_Driver) by extension 'python'
[0.509s] Level 1:colcon.colcon_core.package_identification:_identify(STM32/main/X-CUBE-53L0A1/STM32CubeExpansion_VL53L0X_V1.2.0/Drivers/STM32F4xx_HAL_Driver) by extensions ['python_setup_py']
[0.510s] Level 1:colcon.colcon_core.package_identification:_identify(STM32/main/X-CUBE-53L0A1/STM32CubeExpansion_VL53L0X_V1.2.0/Drivers/STM32F4xx_HAL_Driver) by extension 'python_setup_py'
[0.510s] Level 1:colcon.colcon_core.package_identification:_identify(STM32/main/X-CUBE-53L0A1/STM32CubeExpansion_VL53L0X_V1.2.0/Drivers/STM32F4xx_HAL_Driver/Inc) by extensions ['ignore', 'ignore_ament_install']
[0.511s] Level 1:colcon.colcon_core.package_identification:_identify(STM32/main/X-CUBE-53L0A1/STM32CubeExpansion_VL53L0X_V1.2.0/Drivers/STM32F4xx_HAL_Driver/Inc) by extension 'ignore'
[0.511s] Level 1:colcon.colcon_core.package_identification:_identify(STM32/main/X-CUBE-53L0A1/STM32CubeExpansion_VL53L0X_V1.2.0/Drivers/STM32F4xx_HAL_Driver/Inc) by extension 'ignore_ament_install'
[0.513s] Level 1:colcon.colcon_core.package_identification:_identify(STM32/main/X-CUBE-53L0A1/STM32CubeExpansion_VL53L0X_V1.2.0/Drivers/STM32F4xx_HAL_Driver/Inc) by extensions ['colcon_pkg']
[0.513s] Level 1:colcon.colcon_core.package_identification:_identify(STM32/main/X-CUBE-53L0A1/STM32CubeExpansion_VL53L0X_V1.2.0/Drivers/STM32F4xx_HAL_Driver/Inc) by extension 'colcon_pkg'
[0.514s] Level 1:colcon.colcon_core.package_identification:_identify(STM32/main/X-CUBE-53L0A1/STM32CubeExpansion_VL53L0X_V1.2.0/Drivers/STM32F4xx_HAL_Driver/Inc) by extensions ['colcon_meta']
[0.514s] Level 1:colcon.colcon_core.package_identification:_identify(STM32/main/X-CUBE-53L0A1/STM32CubeExpansion_VL53L0X_V1.2.0/Drivers/STM32F4xx_HAL_Driver/Inc) by extension 'colcon_meta'
[0.514s] Level 1:colcon.colcon_core.package_identification:_identify(STM32/main/X-CUBE-53L0A1/STM32CubeExpansion_VL53L0X_V1.2.0/Drivers/STM32F4xx_HAL_Driver/Inc) by extensions ['ros']
[0.514s] Level 1:colcon.colcon_core.package_identification:_identify(STM32/main/X-CUBE-53L0A1/STM32CubeExpansion_VL53L0X_V1.2.0/Drivers/STM32F4xx_HAL_Driver/Inc) by extension 'ros'
[0.515s] Level 1:colcon.colcon_core.package_identification:_identify(STM32/main/X-CUBE-53L0A1/STM32CubeExpansion_VL53L0X_V1.2.0/Drivers/STM32F4xx_HAL_Driver/Inc) by extensions ['cmake', 'python']
[0.515s] Level 1:colcon.colcon_core.package_identification:_identify(STM32/main/X-CUBE-53L0A1/STM32CubeExpansion_VL53L0X_V1.2.0/Drivers/STM32F4xx_HAL_Driver/Inc) by extension 'cmake'
[0.515s] Level 1:colcon.colcon_core.package_identification:_identify(STM32/main/X-CUBE-53L0A1/STM32CubeExpansion_VL53L0X_V1.2.0/Drivers/STM32F4xx_HAL_Driver/Inc) by extension 'python'
[0.515s] Level 1:colcon.colcon_core.package_identification:_identify(STM32/main/X-CUBE-53L0A1/STM32CubeExpansion_VL53L0X_V1.2.0/Drivers/STM32F4xx_HAL_Driver/Inc) by extensions ['python_setup_py']
[0.515s] Level 1:colcon.colcon_core.package_identification:_identify(STM32/main/X-CUBE-53L0A1/STM32CubeExpansion_VL53L0X_V1.2.0/Drivers/STM32F4xx_HAL_Driver/Inc) by extension 'python_setup_py'
[0.516s] Level 1:colcon.colcon_core.package_identification:_identify(STM32/main/X-CUBE-53L0A1/STM32CubeExpansion_VL53L0X_V1.2.0/Drivers/STM32F4xx_HAL_Driver/Inc/Legacy) by extensions ['ignore', 'ignore_ament_install']
[0.517s] Level 1:colcon.colcon_core.package_identification:_identify(STM32/main/X-CUBE-53L0A1/STM32CubeExpansion_VL53L0X_V1.2.0/Drivers/STM32F4xx_HAL_Driver/Inc/Legacy) by extension 'ignore'
[0.517s] Level 1:colcon.colcon_core.package_identification:_identify(STM32/main/X-CUBE-53L0A1/STM32CubeExpansion_VL53L0X_V1.2.0/Drivers/STM32F4xx_HAL_Driver/Inc/Legacy) by extension 'ignore_ament_install'
[0.517s] Level 1:colcon.colcon_core.package_identification:_identify(STM32/main/X-CUBE-53L0A1/STM32CubeExpansion_VL53L0X_V1.2.0/Drivers/STM32F4xx_HAL_Driver/Inc/Legacy) by extensions ['colcon_pkg']
[0.518s] Level 1:colcon.colcon_core.package_identification:_identify(STM32/main/X-CUBE-53L0A1/STM32CubeExpansion_VL53L0X_V1.2.0/Drivers/STM32F4xx_HAL_Driver/Inc/Legacy) by extension 'colcon_pkg'
[0.518s] Level 1:colcon.colcon_core.package_identification:_identify(STM32/main/X-CUBE-53L0A1/STM32CubeExpansion_VL53L0X_V1.2.0/Drivers/STM32F4xx_HAL_Driver/Inc/Legacy) by extensions ['colcon_meta']
[0.518s] Level 1:colcon.colcon_core.package_identification:_identify(STM32/main/X-CUBE-53L0A1/STM32CubeExpansion_VL53L0X_V1.2.0/Drivers/STM32F4xx_HAL_Driver/Inc/Legacy) by extension 'colcon_meta'
[0.518s] Level 1:colcon.colcon_core.package_identification:_identify(STM32/main/X-CUBE-53L0A1/STM32CubeExpansion_VL53L0X_V1.2.0/Drivers/STM32F4xx_HAL_Driver/Inc/Legacy) by extensions ['ros']
[0.518s] Level 1:colcon.colcon_core.package_identification:_identify(STM32/main/X-CUBE-53L0A1/STM32CubeExpansion_VL53L0X_V1.2.0/Drivers/STM32F4xx_HAL_Driver/Inc/Legacy) by extension 'ros'
[0.519s] Level 1:colcon.colcon_core.package_identification:_identify(STM32/main/X-CUBE-53L0A1/STM32CubeExpansion_VL53L0X_V1.2.0/Drivers/STM32F4xx_HAL_Driver/Inc/Legacy) by extensions ['cmake', 'python']
[0.519s] Level 1:colcon.colcon_core.package_identification:_identify(STM32/main/X-CUBE-53L0A1/STM32CubeExpansion_VL53L0X_V1.2.0/Drivers/STM32F4xx_HAL_Driver/Inc/Legacy) by extension 'cmake'
[0.519s] Level 1:colcon.colcon_core.package_identification:_identify(STM32/main/X-CUBE-53L0A1/STM32CubeExpansion_VL53L0X_V1.2.0/Drivers/STM32F4xx_HAL_Driver/Inc/Legacy) by extension 'python'
[0.519s] Level 1:colcon.colcon_core.package_identification:_identify(STM32/main/X-CUBE-53L0A1/STM32CubeExpansion_VL53L0X_V1.2.0/Drivers/STM32F4xx_HAL_Driver/Inc/Legacy) by extensions ['python_setup_py']
[0.519s] Level 1:colcon.colcon_core.package_identification:_identify(STM32/main/X-CUBE-53L0A1/STM32CubeExpansion_VL53L0X_V1.2.0/Drivers/STM32F4xx_HAL_Driver/Inc/Legacy) by extension 'python_setup_py'
[0.522s] Level 1:colcon.colcon_core.package_identification:_identify(STM32/main/X-CUBE-53L0A1/STM32CubeExpansion_VL53L0X_V1.2.0/Drivers/STM32F4xx_HAL_Driver/Src) by extensions ['ignore', 'ignore_ament_install']
[0.523s] Level 1:colcon.colcon_core.package_identification:_identify(STM32/main/X-CUBE-53L0A1/STM32CubeExpansion_VL53L0X_V1.2.0/Drivers/STM32F4xx_HAL_Driver/Src) by extension 'ignore'
[0.523s] Level 1:colcon.colcon_core.package_identification:_identify(STM32/main/X-CUBE-53L0A1/STM32CubeExpansion_VL53L0X_V1.2.0/Drivers/STM32F4xx_HAL_Driver/Src) by extension 'ignore_ament_install'
[0.523s] Level 1:colcon.colcon_core.package_identification:_identify(STM32/main/X-CUBE-53L0A1/STM32CubeExpansion_VL53L0X_V1.2.0/Drivers/STM32F4xx_HAL_Driver/Src) by extensions ['colcon_pkg']
[0.523s] Level 1:colcon.colcon_core.package_identification:_identify(STM32/main/X-CUBE-53L0A1/STM32CubeExpansion_VL53L0X_V1.2.0/Drivers/STM32F4xx_HAL_Driver/Src) by extension 'colcon_pkg'
[0.525s] Level 1:colcon.colcon_core.package_identification:_identify(STM32/main/X-CUBE-53L0A1/STM32CubeExpansion_VL53L0X_V1.2.0/Drivers/STM32F4xx_HAL_Driver/Src) by extensions ['colcon_meta']
[0.526s] Level 1:colcon.colcon_core.package_identification:_identify(STM32/main/X-CUBE-53L0A1/STM32CubeExpansion_VL53L0X_V1.2.0/Drivers/STM32F4xx_HAL_Driver/Src) by extension 'colcon_meta'
[0.526s] Level 1:colcon.colcon_core.package_identification:_identify(STM32/main/X-CUBE-53L0A1/STM32CubeExpansion_VL53L0X_V1.2.0/Drivers/STM32F4xx_HAL_Driver/Src) by extensions ['ros']
[0.526s] Level 1:colcon.colcon_core.package_identification:_identify(STM32/main/X-CUBE-53L0A1/STM32CubeExpansion_VL53L0X_V1.2.0/Drivers/STM32F4xx_HAL_Driver/Src) by extension 'ros'
[0.527s] Level 1:colcon.colcon_core.package_identification:_identify(STM32/main/X-CUBE-53L0A1/STM32CubeExpansion_VL53L0X_V1.2.0/Drivers/STM32F4xx_HAL_Driver/Src) by extensions ['cmake', 'python']
[0.527s] Level 1:colcon.colcon_core.package_identification:_identify(STM32/main/X-CUBE-53L0A1/STM32CubeExpansion_VL53L0X_V1.2.0/Drivers/STM32F4xx_HAL_Driver/Src) by extension 'cmake'
[0.527s] Level 1:colcon.colcon_core.package_identification:_identify(STM32/main/X-CUBE-53L0A1/STM32CubeExpansion_VL53L0X_V1.2.0/Drivers/STM32F4xx_HAL_Driver/Src) by extension 'python'
[0.527s] Level 1:colcon.colcon_core.package_identification:_identify(STM32/main/X-CUBE-53L0A1/STM32CubeExpansion_VL53L0X_V1.2.0/Drivers/STM32F4xx_HAL_Driver/Src) by extensions ['python_setup_py']
[0.528s] Level 1:colcon.colcon_core.package_identification:_identify(STM32/main/X-CUBE-53L0A1/STM32CubeExpansion_VL53L0X_V1.2.0/Drivers/STM32F4xx_HAL_Driver/Src) by extension 'python_setup_py'
[0.529s] Level 1:colcon.colcon_core.package_identification:_identify(STM32/main/X-CUBE-53L0A1/STM32CubeExpansion_VL53L0X_V1.2.0/Drivers/STM32L4xx_HAL_Driver) by extensions ['ignore', 'ignore_ament_install']
[0.529s] Level 1:colcon.colcon_core.package_identification:_identify(STM32/main/X-CUBE-53L0A1/STM32CubeExpansion_VL53L0X_V1.2.0/Drivers/STM32L4xx_HAL_Driver) by extension 'ignore'
[0.529s] Level 1:colcon.colcon_core.package_identification:_identify(STM32/main/X-CUBE-53L0A1/STM32CubeExpansion_VL53L0X_V1.2.0/Drivers/STM32L4xx_HAL_Driver) by extension 'ignore_ament_install'
[0.530s] Level 1:colcon.colcon_core.package_identification:_identify(STM32/main/X-CUBE-53L0A1/STM32CubeExpansion_VL53L0X_V1.2.0/Drivers/STM32L4xx_HAL_Driver) by extensions ['colcon_pkg']
[0.530s] Level 1:colcon.colcon_core.package_identification:_identify(STM32/main/X-CUBE-53L0A1/STM32CubeExpansion_VL53L0X_V1.2.0/Drivers/STM32L4xx_HAL_Driver) by extension 'colcon_pkg'
[0.530s] Level 1:colcon.colcon_core.package_identification:_identify(STM32/main/X-CUBE-53L0A1/STM32CubeExpansion_VL53L0X_V1.2.0/Drivers/STM32L4xx_HAL_Driver) by extensions ['colcon_meta']
[0.530s] Level 1:colcon.colcon_core.package_identification:_identify(STM32/main/X-CUBE-53L0A1/STM32CubeExpansion_VL53L0X_V1.2.0/Drivers/STM32L4xx_HAL_Driver) by extension 'colcon_meta'
[0.530s] Level 1:colcon.colcon_core.package_identification:_identify(STM32/main/X-CUBE-53L0A1/STM32CubeExpansion_VL53L0X_V1.2.0/Drivers/STM32L4xx_HAL_Driver) by extensions ['ros']
[0.530s] Level 1:colcon.colcon_core.package_identification:_identify(STM32/main/X-CUBE-53L0A1/STM32CubeExpansion_VL53L0X_V1.2.0/Drivers/STM32L4xx_HAL_Driver) by extension 'ros'
[0.530s] Level 1:colcon.colcon_core.package_identification:_identify(STM32/main/X-CUBE-53L0A1/STM32CubeExpansion_VL53L0X_V1.2.0/Drivers/STM32L4xx_HAL_Driver) by extensions ['cmake', 'python']
[0.530s] Level 1:colcon.colcon_core.package_identification:_identify(STM32/main/X-CUBE-53L0A1/STM32CubeExpansion_VL53L0X_V1.2.0/Drivers/STM32L4xx_HAL_Driver) by extension 'cmake'
[0.530s] Level 1:colcon.colcon_core.package_identification:_identify(STM32/main/X-CUBE-53L0A1/STM32CubeExpansion_VL53L0X_V1.2.0/Drivers/STM32L4xx_HAL_Driver) by extension 'python'
[0.531s] Level 1:colcon.colcon_core.package_identification:_identify(STM32/main/X-CUBE-53L0A1/STM32CubeExpansion_VL53L0X_V1.2.0/Drivers/STM32L4xx_HAL_Driver) by extensions ['python_setup_py']
[0.531s] Level 1:colcon.colcon_core.package_identification:_identify(STM32/main/X-CUBE-53L0A1/STM32CubeExpansion_VL53L0X_V1.2.0/Drivers/STM32L4xx_HAL_Driver) by extension 'python_setup_py'
[0.532s] Level 1:colcon.colcon_core.package_identification:_identify(STM32/main/X-CUBE-53L0A1/STM32CubeExpansion_VL53L0X_V1.2.0/Drivers/STM32L4xx_HAL_Driver/Inc) by extensions ['ignore', 'ignore_ament_install']
[0.533s] Level 1:colcon.colcon_core.package_identification:_identify(STM32/main/X-CUBE-53L0A1/STM32CubeExpansion_VL53L0X_V1.2.0/Drivers/STM32L4xx_HAL_Driver/Inc) by extension 'ignore'
[0.533s] Level 1:colcon.colcon_core.package_identification:_identify(STM32/main/X-CUBE-53L0A1/STM32CubeExpansion_VL53L0X_V1.2.0/Drivers/STM32L4xx_HAL_Driver/Inc) by extension 'ignore_ament_install'
[0.533s] Level 1:colcon.colcon_core.package_identification:_identify(STM32/main/X-CUBE-53L0A1/STM32CubeExpansion_VL53L0X_V1.2.0/Drivers/STM32L4xx_HAL_Driver/Inc) by extensions ['colcon_pkg']
[0.533s] Level 1:colcon.colcon_core.package_identification:_identify(STM32/main/X-CUBE-53L0A1/STM32CubeExpansion_VL53L0X_V1.2.0/Drivers/STM32L4xx_HAL_Driver/Inc) by extension 'colcon_pkg'
[0.533s] Level 1:colcon.colcon_core.package_identification:_identify(STM32/main/X-CUBE-53L0A1/STM32CubeExpansion_VL53L0X_V1.2.0/Drivers/STM32L4xx_HAL_Driver/Inc) by extensions ['colcon_meta']
[0.533s] Level 1:colcon.colcon_core.package_identification:_identify(STM32/main/X-CUBE-53L0A1/STM32CubeExpansion_VL53L0X_V1.2.0/Drivers/STM32L4xx_HAL_Driver/Inc) by extension 'colcon_meta'
[0.533s] Level 1:colcon.colcon_core.package_identification:_identify(STM32/main/X-CUBE-53L0A1/STM32CubeExpansion_VL53L0X_V1.2.0/Drivers/STM32L4xx_HAL_Driver/Inc) by extensions ['ros']
[0.533s] Level 1:colcon.colcon_core.package_identification:_identify(STM32/main/X-CUBE-53L0A1/STM32CubeExpansion_VL53L0X_V1.2.0/Drivers/STM32L4xx_HAL_Driver/Inc) by extension 'ros'
[0.534s] Level 1:colcon.colcon_core.package_identification:_identify(STM32/main/X-CUBE-53L0A1/STM32CubeExpansion_VL53L0X_V1.2.0/Drivers/STM32L4xx_HAL_Driver/Inc) by extensions ['cmake', 'python']
[0.534s] Level 1:colcon.colcon_core.package_identification:_identify(STM32/main/X-CUBE-53L0A1/STM32CubeExpansion_VL53L0X_V1.2.0/Drivers/STM32L4xx_HAL_Driver/Inc) by extension 'cmake'
[0.534s] Level 1:colcon.colcon_core.package_identification:_identify(STM32/main/X-CUBE-53L0A1/STM32CubeExpansion_VL53L0X_V1.2.0/Drivers/STM32L4xx_HAL_Driver/Inc) by extension 'python'
[0.534s] Level 1:colcon.colcon_core.package_identification:_identify(STM32/main/X-CUBE-53L0A1/STM32CubeExpansion_VL53L0X_V1.2.0/Drivers/STM32L4xx_HAL_Driver/Inc) by extensions ['python_setup_py']
[0.534s] Level 1:colcon.colcon_core.package_identification:_identify(STM32/main/X-CUBE-53L0A1/STM32CubeExpansion_VL53L0X_V1.2.0/Drivers/STM32L4xx_HAL_Driver/Inc) by extension 'python_setup_py'
[0.534s] Level 1:colcon.colcon_core.package_identification:_identify(STM32/main/X-CUBE-53L0A1/STM32CubeExpansion_VL53L0X_V1.2.0/Drivers/STM32L4xx_HAL_Driver/Inc/Legacy) by extensions ['ignore', 'ignore_ament_install']
[0.534s] Level 1:colcon.colcon_core.package_identification:_identify(STM32/main/X-CUBE-53L0A1/STM32CubeExpansion_VL53L0X_V1.2.0/Drivers/STM32L4xx_HAL_Driver/Inc/Legacy) by extension 'ignore'
[0.536s] Level 1:colcon.colcon_core.package_identification:_identify(STM32/main/X-CUBE-53L0A1/STM32CubeExpansion_VL53L0X_V1.2.0/Drivers/STM32L4xx_HAL_Driver/Inc/Legacy) by extension 'ignore_ament_install'
[0.536s] Level 1:colcon.colcon_core.package_identification:_identify(STM32/main/X-CUBE-53L0A1/STM32CubeExpansion_VL53L0X_V1.2.0/Drivers/STM32L4xx_HAL_Driver/Inc/Legacy) by extensions ['colcon_pkg']
[0.536s] Level 1:colcon.colcon_core.package_identification:_identify(STM32/main/X-CUBE-53L0A1/STM32CubeExpansion_VL53L0X_V1.2.0/Drivers/STM32L4xx_HAL_Driver/Inc/Legacy) by extension 'colcon_pkg'
[0.537s] Level 1:colcon.colcon_core.package_identification:_identify(STM32/main/X-CUBE-53L0A1/STM32CubeExpansion_VL53L0X_V1.2.0/Drivers/STM32L4xx_HAL_Driver/Inc/Legacy) by extensions ['colcon_meta']
[0.537s] Level 1:colcon.colcon_core.package_identification:_identify(STM32/main/X-CUBE-53L0A1/STM32CubeExpansion_VL53L0X_V1.2.0/Drivers/STM32L4xx_HAL_Driver/Inc/Legacy) by extension 'colcon_meta'
[0.537s] Level 1:colcon.colcon_core.package_identification:_identify(STM32/main/X-CUBE-53L0A1/STM32CubeExpansion_VL53L0X_V1.2.0/Drivers/STM32L4xx_HAL_Driver/Inc/Legacy) by extensions ['ros']
[0.537s] Level 1:colcon.colcon_core.package_identification:_identify(STM32/main/X-CUBE-53L0A1/STM32CubeExpansion_VL53L0X_V1.2.0/Drivers/STM32L4xx_HAL_Driver/Inc/Legacy) by extension 'ros'
[0.538s] Level 1:colcon.colcon_core.package_identification:_identify(STM32/main/X-CUBE-53L0A1/STM32CubeExpansion_VL53L0X_V1.2.0/Drivers/STM32L4xx_HAL_Driver/Inc/Legacy) by extensions ['cmake', 'python']
[0.538s] Level 1:colcon.colcon_core.package_identification:_identify(STM32/main/X-CUBE-53L0A1/STM32CubeExpansion_VL53L0X_V1.2.0/Drivers/STM32L4xx_HAL_Driver/Inc/Legacy) by extension 'cmake'
[0.538s] Level 1:colcon.colcon_core.package_identification:_identify(STM32/main/X-CUBE-53L0A1/STM32CubeExpansion_VL53L0X_V1.2.0/Drivers/STM32L4xx_HAL_Driver/Inc/Legacy) by extension 'python'
[0.539s] Level 1:colcon.colcon_core.package_identification:_identify(STM32/main/X-CUBE-53L0A1/STM32CubeExpansion_VL53L0X_V1.2.0/Drivers/STM32L4xx_HAL_Driver/Inc/Legacy) by extensions ['python_setup_py']
[0.539s] Level 1:colcon.colcon_core.package_identification:_identify(STM32/main/X-CUBE-53L0A1/STM32CubeExpansion_VL53L0X_V1.2.0/Drivers/STM32L4xx_HAL_Driver/Inc/Legacy) by extension 'python_setup_py'
[0.539s] Level 1:colcon.colcon_core.package_identification:_identify(STM32/main/X-CUBE-53L0A1/STM32CubeExpansion_VL53L0X_V1.2.0/Drivers/STM32L4xx_HAL_Driver/Src) by extensions ['ignore', 'ignore_ament_install']
[0.540s] Level 1:colcon.colcon_core.package_identification:_identify(STM32/main/X-CUBE-53L0A1/STM32CubeExpansion_VL53L0X_V1.2.0/Drivers/STM32L4xx_HAL_Driver/Src) by extension 'ignore'
[0.540s] Level 1:colcon.colcon_core.package_identification:_identify(STM32/main/X-CUBE-53L0A1/STM32CubeExpansion_VL53L0X_V1.2.0/Drivers/STM32L4xx_HAL_Driver/Src) by extension 'ignore_ament_install'
[0.540s] Level 1:colcon.colcon_core.package_identification:_identify(STM32/main/X-CUBE-53L0A1/STM32CubeExpansion_VL53L0X_V1.2.0/Drivers/STM32L4xx_HAL_Driver/Src) by extensions ['colcon_pkg']
[0.540s] Level 1:colcon.colcon_core.package_identification:_identify(STM32/main/X-CUBE-53L0A1/STM32CubeExpansion_VL53L0X_V1.2.0/Drivers/STM32L4xx_HAL_Driver/Src) by extension 'colcon_pkg'
[0.540s] Level 1:colcon.colcon_core.package_identification:_identify(STM32/main/X-CUBE-53L0A1/STM32CubeExpansion_VL53L0X_V1.2.0/Drivers/STM32L4xx_HAL_Driver/Src) by extensions ['colcon_meta']
[0.540s] Level 1:colcon.colcon_core.package_identification:_identify(STM32/main/X-CUBE-53L0A1/STM32CubeExpansion_VL53L0X_V1.2.0/Drivers/STM32L4xx_HAL_Driver/Src) by extension 'colcon_meta'
[0.540s] Level 1:colcon.colcon_core.package_identification:_identify(STM32/main/X-CUBE-53L0A1/STM32CubeExpansion_VL53L0X_V1.2.0/Drivers/STM32L4xx_HAL_Driver/Src) by extensions ['ros']
[0.540s] Level 1:colcon.colcon_core.package_identification:_identify(STM32/main/X-CUBE-53L0A1/STM32CubeExpansion_VL53L0X_V1.2.0/Drivers/STM32L4xx_HAL_Driver/Src) by extension 'ros'
[0.540s] Level 1:colcon.colcon_core.package_identification:_identify(STM32/main/X-CUBE-53L0A1/STM32CubeExpansion_VL53L0X_V1.2.0/Drivers/STM32L4xx_HAL_Driver/Src) by extensions ['cmake', 'python']
[0.540s] Level 1:colcon.colcon_core.package_identification:_identify(STM32/main/X-CUBE-53L0A1/STM32CubeExpansion_VL53L0X_V1.2.0/Drivers/STM32L4xx_HAL_Driver/Src) by extension 'cmake'
[0.540s] Level 1:colcon.colcon_core.package_identification:_identify(STM32/main/X-CUBE-53L0A1/STM32CubeExpansion_VL53L0X_V1.2.0/Drivers/STM32L4xx_HAL_Driver/Src) by extension 'python'
[0.541s] Level 1:colcon.colcon_core.package_identification:_identify(STM32/main/X-CUBE-53L0A1/STM32CubeExpansion_VL53L0X_V1.2.0/Drivers/STM32L4xx_HAL_Driver/Src) by extensions ['python_setup_py']
[0.541s] Level 1:colcon.colcon_core.package_identification:_identify(STM32/main/X-CUBE-53L0A1/STM32CubeExpansion_VL53L0X_V1.2.0/Drivers/STM32L4xx_HAL_Driver/Src) by extension 'python_setup_py'
[0.541s] Level 1:colcon.colcon_core.package_identification:_identify(STM32/main/X-CUBE-53L0A1/STM32CubeExpansion_VL53L0X_V1.2.0/Middlewares) by extensions ['ignore', 'ignore_ament_install']
[0.541s] Level 1:colcon.colcon_core.package_identification:_identify(STM32/main/X-CUBE-53L0A1/STM32CubeExpansion_VL53L0X_V1.2.0/Middlewares) by extension 'ignore'
[0.541s] Level 1:colcon.colcon_core.package_identification:_identify(STM32/main/X-CUBE-53L0A1/STM32CubeExpansion_VL53L0X_V1.2.0/Middlewares) by extension 'ignore_ament_install'
[0.541s] Level 1:colcon.colcon_core.package_identification:_identify(STM32/main/X-CUBE-53L0A1/STM32CubeExpansion_VL53L0X_V1.2.0/Middlewares) by extensions ['colcon_pkg']
[0.541s] Level 1:colcon.colcon_core.package_identification:_identify(STM32/main/X-CUBE-53L0A1/STM32CubeExpansion_VL53L0X_V1.2.0/Middlewares) by extension 'colcon_pkg'
[0.541s] Level 1:colcon.colcon_core.package_identification:_identify(STM32/main/X-CUBE-53L0A1/STM32CubeExpansion_VL53L0X_V1.2.0/Middlewares) by extensions ['colcon_meta']
[0.541s] Level 1:colcon.colcon_core.package_identification:_identify(STM32/main/X-CUBE-53L0A1/STM32CubeExpansion_VL53L0X_V1.2.0/Middlewares) by extension 'colcon_meta'
[0.541s] Level 1:colcon.colcon_core.package_identification:_identify(STM32/main/X-CUBE-53L0A1/STM32CubeExpansion_VL53L0X_V1.2.0/Middlewares) by extensions ['ros']
[0.541s] Level 1:colcon.colcon_core.package_identification:_identify(STM32/main/X-CUBE-53L0A1/STM32CubeExpansion_VL53L0X_V1.2.0/Middlewares) by extension 'ros'
[0.542s] Level 1:colcon.colcon_core.package_identification:_identify(STM32/main/X-CUBE-53L0A1/STM32CubeExpansion_VL53L0X_V1.2.0/Middlewares) by extensions ['cmake', 'python']
[0.542s] Level 1:colcon.colcon_core.package_identification:_identify(STM32/main/X-CUBE-53L0A1/STM32CubeExpansion_VL53L0X_V1.2.0/Middlewares) by extension 'cmake'
[0.542s] Level 1:colcon.colcon_core.package_identification:_identify(STM32/main/X-CUBE-53L0A1/STM32CubeExpansion_VL53L0X_V1.2.0/Middlewares) by extension 'python'
[0.542s] Level 1:colcon.colcon_core.package_identification:_identify(STM32/main/X-CUBE-53L0A1/STM32CubeExpansion_VL53L0X_V1.2.0/Middlewares) by extensions ['python_setup_py']
[0.542s] Level 1:colcon.colcon_core.package_identification:_identify(STM32/main/X-CUBE-53L0A1/STM32CubeExpansion_VL53L0X_V1.2.0/Middlewares) by extension 'python_setup_py'
[0.542s] Level 1:colcon.colcon_core.package_identification:_identify(STM32/main/X-CUBE-53L0A1/STM32CubeExpansion_VL53L0X_V1.2.0/Middlewares/ST) by extensions ['ignore', 'ignore_ament_install']
[0.542s] Level 1:colcon.colcon_core.package_identification:_identify(STM32/main/X-CUBE-53L0A1/STM32CubeExpansion_VL53L0X_V1.2.0/Middlewares/ST) by extension 'ignore'
[0.543s] Level 1:colcon.colcon_core.package_identification:_identify(STM32/main/X-CUBE-53L0A1/STM32CubeExpansion_VL53L0X_V1.2.0/Middlewares/ST) by extension 'ignore_ament_install'
[0.543s] Level 1:colcon.colcon_core.package_identification:_identify(STM32/main/X-CUBE-53L0A1/STM32CubeExpansion_VL53L0X_V1.2.0/Middlewares/ST) by extensions ['colcon_pkg']
[0.543s] Level 1:colcon.colcon_core.package_identification:_identify(STM32/main/X-CUBE-53L0A1/STM32CubeExpansion_VL53L0X_V1.2.0/Middlewares/ST) by extension 'colcon_pkg'
[0.543s] Level 1:colcon.colcon_core.package_identification:_identify(STM32/main/X-CUBE-53L0A1/STM32CubeExpansion_VL53L0X_V1.2.0/Middlewares/ST) by extensions ['colcon_meta']
[0.544s] Level 1:colcon.colcon_core.package_identification:_identify(STM32/main/X-CUBE-53L0A1/STM32CubeExpansion_VL53L0X_V1.2.0/Middlewares/ST) by extension 'colcon_meta'
[0.544s] Level 1:colcon.colcon_core.package_identification:_identify(STM32/main/X-CUBE-53L0A1/STM32CubeExpansion_VL53L0X_V1.2.0/Middlewares/ST) by extensions ['ros']
[0.545s] Level 1:colcon.colcon_core.package_identification:_identify(STM32/main/X-CUBE-53L0A1/STM32CubeExpansion_VL53L0X_V1.2.0/Middlewares/ST) by extension 'ros'
[0.545s] Level 1:colcon.colcon_core.package_identification:_identify(STM32/main/X-CUBE-53L0A1/STM32CubeExpansion_VL53L0X_V1.2.0/Middlewares/ST) by extensions ['cmake', 'python']
[0.545s] Level 1:colcon.colcon_core.package_identification:_identify(STM32/main/X-CUBE-53L0A1/STM32CubeExpansion_VL53L0X_V1.2.0/Middlewares/ST) by extension 'cmake'
[0.546s] Level 1:colcon.colcon_core.package_identification:_identify(STM32/main/X-CUBE-53L0A1/STM32CubeExpansion_VL53L0X_V1.2.0/Middlewares/ST) by extension 'python'
[0.546s] Level 1:colcon.colcon_core.package_identification:_identify(STM32/main/X-CUBE-53L0A1/STM32CubeExpansion_VL53L0X_V1.2.0/Middlewares/ST) by extensions ['python_setup_py']
[0.547s] Level 1:colcon.colcon_core.package_identification:_identify(STM32/main/X-CUBE-53L0A1/STM32CubeExpansion_VL53L0X_V1.2.0/Middlewares/ST) by extension 'python_setup_py'
[0.547s] Level 1:colcon.colcon_core.package_identification:_identify(STM32/main/X-CUBE-53L0A1/STM32CubeExpansion_VL53L0X_V1.2.0/Middlewares/ST/Gestures) by extensions ['ignore', 'ignore_ament_install']
[0.548s] Level 1:colcon.colcon_core.package_identification:_identify(STM32/main/X-CUBE-53L0A1/STM32CubeExpansion_VL53L0X_V1.2.0/Middlewares/ST/Gestures) by extension 'ignore'
[0.548s] Level 1:colcon.colcon_core.package_identification:_identify(STM32/main/X-CUBE-53L0A1/STM32CubeExpansion_VL53L0X_V1.2.0/Middlewares/ST/Gestures) by extension 'ignore_ament_install'
[0.548s] Level 1:colcon.colcon_core.package_identification:_identify(STM32/main/X-CUBE-53L0A1/STM32CubeExpansion_VL53L0X_V1.2.0/Middlewares/ST/Gestures) by extensions ['colcon_pkg']
[0.548s] Level 1:colcon.colcon_core.package_identification:_identify(STM32/main/X-CUBE-53L0A1/STM32CubeExpansion_VL53L0X_V1.2.0/Middlewares/ST/Gestures) by extension 'colcon_pkg'
[0.549s] Level 1:colcon.colcon_core.package_identification:_identify(STM32/main/X-CUBE-53L0A1/STM32CubeExpansion_VL53L0X_V1.2.0/Middlewares/ST/Gestures) by extensions ['colcon_meta']
[0.549s] Level 1:colcon.colcon_core.package_identification:_identify(STM32/main/X-CUBE-53L0A1/STM32CubeExpansion_VL53L0X_V1.2.0/Middlewares/ST/Gestures) by extension 'colcon_meta'
[0.549s] Level 1:colcon.colcon_core.package_identification:_identify(STM32/main/X-CUBE-53L0A1/STM32CubeExpansion_VL53L0X_V1.2.0/Middlewares/ST/Gestures) by extensions ['ros']
[0.549s] Level 1:colcon.colcon_core.package_identification:_identify(STM32/main/X-CUBE-53L0A1/STM32CubeExpansion_VL53L0X_V1.2.0/Middlewares/ST/Gestures) by extension 'ros'
[0.549s] Level 1:colcon.colcon_core.package_identification:_identify(STM32/main/X-CUBE-53L0A1/STM32CubeExpansion_VL53L0X_V1.2.0/Middlewares/ST/Gestures) by extensions ['cmake', 'python']
[0.549s] Level 1:colcon.colcon_core.package_identification:_identify(STM32/main/X-CUBE-53L0A1/STM32CubeExpansion_VL53L0X_V1.2.0/Middlewares/ST/Gestures) by extension 'cmake'
[0.549s] Level 1:colcon.colcon_core.package_identification:_identify(STM32/main/X-CUBE-53L0A1/STM32CubeExpansion_VL53L0X_V1.2.0/Middlewares/ST/Gestures) by extension 'python'
[0.549s] Level 1:colcon.colcon_core.package_identification:_identify(STM32/main/X-CUBE-53L0A1/STM32CubeExpansion_VL53L0X_V1.2.0/Middlewares/ST/Gestures) by extensions ['python_setup_py']
[0.549s] Level 1:colcon.colcon_core.package_identification:_identify(STM32/main/X-CUBE-53L0A1/STM32CubeExpansion_VL53L0X_V1.2.0/Middlewares/ST/Gestures) by extension 'python_setup_py'
[0.549s] Level 1:colcon.colcon_core.package_identification:_identify(STM32/main/X-CUBE-53L0A1/STM32CubeExpansion_VL53L0X_V1.2.0/Middlewares/ST/Gestures/GesturesDetect) by extensions ['ignore', 'ignore_ament_install']
[0.550s] Level 1:colcon.colcon_core.package_identification:_identify(STM32/main/X-CUBE-53L0A1/STM32CubeExpansion_VL53L0X_V1.2.0/Middlewares/ST/Gestures/GesturesDetect) by extension 'ignore'
[0.550s] Level 1:colcon.colcon_core.package_identification:_identify(STM32/main/X-CUBE-53L0A1/STM32CubeExpansion_VL53L0X_V1.2.0/Middlewares/ST/Gestures/GesturesDetect) by extension 'ignore_ament_install'
[0.550s] Level 1:colcon.colcon_core.package_identification:_identify(STM32/main/X-CUBE-53L0A1/STM32CubeExpansion_VL53L0X_V1.2.0/Middlewares/ST/Gestures/GesturesDetect) by extensions ['colcon_pkg']
[0.550s] Level 1:colcon.colcon_core.package_identification:_identify(STM32/main/X-CUBE-53L0A1/STM32CubeExpansion_VL53L0X_V1.2.0/Middlewares/ST/Gestures/GesturesDetect) by extension 'colcon_pkg'
[0.550s] Level 1:colcon.colcon_core.package_identification:_identify(STM32/main/X-CUBE-53L0A1/STM32CubeExpansion_VL53L0X_V1.2.0/Middlewares/ST/Gestures/GesturesDetect) by extensions ['colcon_meta']
[0.550s] Level 1:colcon.colcon_core.package_identification:_identify(STM32/main/X-CUBE-53L0A1/STM32CubeExpansion_VL53L0X_V1.2.0/Middlewares/ST/Gestures/GesturesDetect) by extension 'colcon_meta'
[0.550s] Level 1:colcon.colcon_core.package_identification:_identify(STM32/main/X-CUBE-53L0A1/STM32CubeExpansion_VL53L0X_V1.2.0/Middlewares/ST/Gestures/GesturesDetect) by extensions ['ros']
[0.550s] Level 1:colcon.colcon_core.package_identification:_identify(STM32/main/X-CUBE-53L0A1/STM32CubeExpansion_VL53L0X_V1.2.0/Middlewares/ST/Gestures/GesturesDetect) by extension 'ros'
[0.551s] Level 1:colcon.colcon_core.package_identification:_identify(STM32/main/X-CUBE-53L0A1/STM32CubeExpansion_VL53L0X_V1.2.0/Middlewares/ST/Gestures/GesturesDetect) by extensions ['cmake', 'python']
[0.551s] Level 1:colcon.colcon_core.package_identification:_identify(STM32/main/X-CUBE-53L0A1/STM32CubeExpansion_VL53L0X_V1.2.0/Middlewares/ST/Gestures/GesturesDetect) by extension 'cmake'
[0.551s] Level 1:colcon.colcon_core.package_identification:_identify(STM32/main/X-CUBE-53L0A1/STM32CubeExpansion_VL53L0X_V1.2.0/Middlewares/ST/Gestures/GesturesDetect) by extension 'python'
[0.551s] Level 1:colcon.colcon_core.package_identification:_identify(STM32/main/X-CUBE-53L0A1/STM32CubeExpansion_VL53L0X_V1.2.0/Middlewares/ST/Gestures/GesturesDetect) by extensions ['python_setup_py']
[0.552s] Level 1:colcon.colcon_core.package_identification:_identify(STM32/main/X-CUBE-53L0A1/STM32CubeExpansion_VL53L0X_V1.2.0/Middlewares/ST/Gestures/GesturesDetect) by extension 'python_setup_py'
[0.552s] Level 1:colcon.colcon_core.package_identification:_identify(STM32/main/X-CUBE-53L0A1/STM32CubeExpansion_VL53L0X_V1.2.0/Middlewares/ST/Gestures/GesturesDetect/Inc) by extensions ['ignore', 'ignore_ament_install']
[0.553s] Level 1:colcon.colcon_core.package_identification:_identify(STM32/main/X-CUBE-53L0A1/STM32CubeExpansion_VL53L0X_V1.2.0/Middlewares/ST/Gestures/GesturesDetect/Inc) by extension 'ignore'
[0.553s] Level 1:colcon.colcon_core.package_identification:_identify(STM32/main/X-CUBE-53L0A1/STM32CubeExpansion_VL53L0X_V1.2.0/Middlewares/ST/Gestures/GesturesDetect/Inc) by extension 'ignore_ament_install'
[0.554s] Level 1:colcon.colcon_core.package_identification:_identify(STM32/main/X-CUBE-53L0A1/STM32CubeExpansion_VL53L0X_V1.2.0/Middlewares/ST/Gestures/GesturesDetect/Inc) by extensions ['colcon_pkg']
[0.554s] Level 1:colcon.colcon_core.package_identification:_identify(STM32/main/X-CUBE-53L0A1/STM32CubeExpansion_VL53L0X_V1.2.0/Middlewares/ST/Gestures/GesturesDetect/Inc) by extension 'colcon_pkg'
[0.554s] Level 1:colcon.colcon_core.package_identification:_identify(STM32/main/X-CUBE-53L0A1/STM32CubeExpansion_VL53L0X_V1.2.0/Middlewares/ST/Gestures/GesturesDetect/Inc) by extensions ['colcon_meta']
[0.554s] Level 1:colcon.colcon_core.package_identification:_identify(STM32/main/X-CUBE-53L0A1/STM32CubeExpansion_VL53L0X_V1.2.0/Middlewares/ST/Gestures/GesturesDetect/Inc) by extension 'colcon_meta'
[0.555s] Level 1:colcon.colcon_core.package_identification:_identify(STM32/main/X-CUBE-53L0A1/STM32CubeExpansion_VL53L0X_V1.2.0/Middlewares/ST/Gestures/GesturesDetect/Inc) by extensions ['ros']
[0.555s] Level 1:colcon.colcon_core.package_identification:_identify(STM32/main/X-CUBE-53L0A1/STM32CubeExpansion_VL53L0X_V1.2.0/Middlewares/ST/Gestures/GesturesDetect/Inc) by extension 'ros'
[0.556s] Level 1:colcon.colcon_core.package_identification:_identify(STM32/main/X-CUBE-53L0A1/STM32CubeExpansion_VL53L0X_V1.2.0/Middlewares/ST/Gestures/GesturesDetect/Inc) by extensions ['cmake', 'python']
[0.556s] Level 1:colcon.colcon_core.package_identification:_identify(STM32/main/X-CUBE-53L0A1/STM32CubeExpansion_VL53L0X_V1.2.0/Middlewares/ST/Gestures/GesturesDetect/Inc) by extension 'cmake'
[0.556s] Level 1:colcon.colcon_core.package_identification:_identify(STM32/main/X-CUBE-53L0A1/STM32CubeExpansion_VL53L0X_V1.2.0/Middlewares/ST/Gestures/GesturesDetect/Inc) by extension 'python'
[0.557s] Level 1:colcon.colcon_core.package_identification:_identify(STM32/main/X-CUBE-53L0A1/STM32CubeExpansion_VL53L0X_V1.2.0/Middlewares/ST/Gestures/GesturesDetect/Inc) by extensions ['python_setup_py']
[0.557s] Level 1:colcon.colcon_core.package_identification:_identify(STM32/main/X-CUBE-53L0A1/STM32CubeExpansion_VL53L0X_V1.2.0/Middlewares/ST/Gestures/GesturesDetect/Inc) by extension 'python_setup_py'
[0.557s] Level 1:colcon.colcon_core.package_identification:_identify(STM32/main/X-CUBE-53L0A1/STM32CubeExpansion_VL53L0X_V1.2.0/Middlewares/ST/Gestures/GesturesDetect/Inc/diag) by extensions ['ignore', 'ignore_ament_install']
[0.557s] Level 1:colcon.colcon_core.package_identification:_identify(STM32/main/X-CUBE-53L0A1/STM32CubeExpansion_VL53L0X_V1.2.0/Middlewares/ST/Gestures/GesturesDetect/Inc/diag) by extension 'ignore'
[0.557s] Level 1:colcon.colcon_core.package_identification:_identify(STM32/main/X-CUBE-53L0A1/STM32CubeExpansion_VL53L0X_V1.2.0/Middlewares/ST/Gestures/GesturesDetect/Inc/diag) by extension 'ignore_ament_install'
[0.558s] Level 1:colcon.colcon_core.package_identification:_identify(STM32/main/X-CUBE-53L0A1/STM32CubeExpansion_VL53L0X_V1.2.0/Middlewares/ST/Gestures/GesturesDetect/Inc/diag) by extensions ['colcon_pkg']
[0.558s] Level 1:colcon.colcon_core.package_identification:_identify(STM32/main/X-CUBE-53L0A1/STM32CubeExpansion_VL53L0X_V1.2.0/Middlewares/ST/Gestures/GesturesDetect/Inc/diag) by extension 'colcon_pkg'
[0.558s] Level 1:colcon.colcon_core.package_identification:_identify(STM32/main/X-CUBE-53L0A1/STM32CubeExpansion_VL53L0X_V1.2.0/Middlewares/ST/Gestures/GesturesDetect/Inc/diag) by extensions ['colcon_meta']
[0.558s] Level 1:colcon.colcon_core.package_identification:_identify(STM32/main/X-CUBE-53L0A1/STM32CubeExpansion_VL53L0X_V1.2.0/Middlewares/ST/Gestures/GesturesDetect/Inc/diag) by extension 'colcon_meta'
[0.558s] Level 1:colcon.colcon_core.package_identification:_identify(STM32/main/X-CUBE-53L0A1/STM32CubeExpansion_VL53L0X_V1.2.0/Middlewares/ST/Gestures/GesturesDetect/Inc/diag) by extensions ['ros']
[0.558s] Level 1:colcon.colcon_core.package_identification:_identify(STM32/main/X-CUBE-53L0A1/STM32CubeExpansion_VL53L0X_V1.2.0/Middlewares/ST/Gestures/GesturesDetect/Inc/diag) by extension 'ros'
[0.558s] Level 1:colcon.colcon_core.package_identification:_identify(STM32/main/X-CUBE-53L0A1/STM32CubeExpansion_VL53L0X_V1.2.0/Middlewares/ST/Gestures/GesturesDetect/Inc/diag) by extensions ['cmake', 'python']
[0.558s] Level 1:colcon.colcon_core.package_identification:_identify(STM32/main/X-CUBE-53L0A1/STM32CubeExpansion_VL53L0X_V1.2.0/Middlewares/ST/Gestures/GesturesDetect/Inc/diag) by extension 'cmake'
[0.559s] Level 1:colcon.colcon_core.package_identification:_identify(STM32/main/X-CUBE-53L0A1/STM32CubeExpansion_VL53L0X_V1.2.0/Middlewares/ST/Gestures/GesturesDetect/Inc/diag) by extension 'python'
[0.559s] Level 1:colcon.colcon_core.package_identification:_identify(STM32/main/X-CUBE-53L0A1/STM32CubeExpansion_VL53L0X_V1.2.0/Middlewares/ST/Gestures/GesturesDetect/Inc/diag) by extensions ['python_setup_py']
[0.559s] Level 1:colcon.colcon_core.package_identification:_identify(STM32/main/X-CUBE-53L0A1/STM32CubeExpansion_VL53L0X_V1.2.0/Middlewares/ST/Gestures/GesturesDetect/Inc/diag) by extension 'python_setup_py'
[0.560s] Level 1:colcon.colcon_core.package_identification:_identify(STM32/main/X-CUBE-53L0A1/STM32CubeExpansion_VL53L0X_V1.2.0/Middlewares/ST/Gestures/GesturesDetect/Src) by extensions ['ignore', 'ignore_ament_install']
[0.560s] Level 1:colcon.colcon_core.package_identification:_identify(STM32/main/X-CUBE-53L0A1/STM32CubeExpansion_VL53L0X_V1.2.0/Middlewares/ST/Gestures/GesturesDetect/Src) by extension 'ignore'
[0.560s] Level 1:colcon.colcon_core.package_identification:_identify(STM32/main/X-CUBE-53L0A1/STM32CubeExpansion_VL53L0X_V1.2.0/Middlewares/ST/Gestures/GesturesDetect/Src) by extension 'ignore_ament_install'
[0.560s] Level 1:colcon.colcon_core.package_identification:_identify(STM32/main/X-CUBE-53L0A1/STM32CubeExpansion_VL53L0X_V1.2.0/Middlewares/ST/Gestures/GesturesDetect/Src) by extensions ['colcon_pkg']
[0.560s] Level 1:colcon.colcon_core.package_identification:_identify(STM32/main/X-CUBE-53L0A1/STM32CubeExpansion_VL53L0X_V1.2.0/Middlewares/ST/Gestures/GesturesDetect/Src) by extension 'colcon_pkg'
[0.560s] Level 1:colcon.colcon_core.package_identification:_identify(STM32/main/X-CUBE-53L0A1/STM32CubeExpansion_VL53L0X_V1.2.0/Middlewares/ST/Gestures/GesturesDetect/Src) by extensions ['colcon_meta']
[0.560s] Level 1:colcon.colcon_core.package_identification:_identify(STM32/main/X-CUBE-53L0A1/STM32CubeExpansion_VL53L0X_V1.2.0/Middlewares/ST/Gestures/GesturesDetect/Src) by extension 'colcon_meta'
[0.560s] Level 1:colcon.colcon_core.package_identification:_identify(STM32/main/X-CUBE-53L0A1/STM32CubeExpansion_VL53L0X_V1.2.0/Middlewares/ST/Gestures/GesturesDetect/Src) by extensions ['ros']
[0.560s] Level 1:colcon.colcon_core.package_identification:_identify(STM32/main/X-CUBE-53L0A1/STM32CubeExpansion_VL53L0X_V1.2.0/Middlewares/ST/Gestures/GesturesDetect/Src) by extension 'ros'
[0.561s] Level 1:colcon.colcon_core.package_identification:_identify(STM32/main/X-CUBE-53L0A1/STM32CubeExpansion_VL53L0X_V1.2.0/Middlewares/ST/Gestures/GesturesDetect/Src) by extensions ['cmake', 'python']
[0.561s] Level 1:colcon.colcon_core.package_identification:_identify(STM32/main/X-CUBE-53L0A1/STM32CubeExpansion_VL53L0X_V1.2.0/Middlewares/ST/Gestures/GesturesDetect/Src) by extension 'cmake'
[0.561s] Level 1:colcon.colcon_core.package_identification:_identify(STM32/main/X-CUBE-53L0A1/STM32CubeExpansion_VL53L0X_V1.2.0/Middlewares/ST/Gestures/GesturesDetect/Src) by extension 'python'
[0.561s] Level 1:colcon.colcon_core.package_identification:_identify(STM32/main/X-CUBE-53L0A1/STM32CubeExpansion_VL53L0X_V1.2.0/Middlewares/ST/Gestures/GesturesDetect/Src) by extensions ['python_setup_py']
[0.561s] Level 1:colcon.colcon_core.package_identification:_identify(STM32/main/X-CUBE-53L0A1/STM32CubeExpansion_VL53L0X_V1.2.0/Middlewares/ST/Gestures/GesturesDetect/Src) by extension 'python_setup_py'
[0.562s] Level 1:colcon.colcon_core.package_identification:_identify(STM32/main/X-CUBE-53L0A1/STM32CubeExpansion_VL53L0X_V1.2.0/Middlewares/ST/Gestures/GesturesDetect/Src/diag) by extensions ['ignore', 'ignore_ament_install']
[0.562s] Level 1:colcon.colcon_core.package_identification:_identify(STM32/main/X-CUBE-53L0A1/STM32CubeExpansion_VL53L0X_V1.2.0/Middlewares/ST/Gestures/GesturesDetect/Src/diag) by extension 'ignore'
[0.562s] Level 1:colcon.colcon_core.package_identification:_identify(STM32/main/X-CUBE-53L0A1/STM32CubeExpansion_VL53L0X_V1.2.0/Middlewares/ST/Gestures/GesturesDetect/Src/diag) by extension 'ignore_ament_install'
[0.563s] Level 1:colcon.colcon_core.package_identification:_identify(STM32/main/X-CUBE-53L0A1/STM32CubeExpansion_VL53L0X_V1.2.0/Middlewares/ST/Gestures/GesturesDetect/Src/diag) by extensions ['colcon_pkg']
[0.563s] Level 1:colcon.colcon_core.package_identification:_identify(STM32/main/X-CUBE-53L0A1/STM32CubeExpansion_VL53L0X_V1.2.0/Middlewares/ST/Gestures/GesturesDetect/Src/diag) by extension 'colcon_pkg'
[0.563s] Level 1:colcon.colcon_core.package_identification:_identify(STM32/main/X-CUBE-53L0A1/STM32CubeExpansion_VL53L0X_V1.2.0/Middlewares/ST/Gestures/GesturesDetect/Src/diag) by extensions ['colcon_meta']
[0.564s] Level 1:colcon.colcon_core.package_identification:_identify(STM32/main/X-CUBE-53L0A1/STM32CubeExpansion_VL53L0X_V1.2.0/Middlewares/ST/Gestures/GesturesDetect/Src/diag) by extension 'colcon_meta'
[0.564s] Level 1:colcon.colcon_core.package_identification:_identify(STM32/main/X-CUBE-53L0A1/STM32CubeExpansion_VL53L0X_V1.2.0/Middlewares/ST/Gestures/GesturesDetect/Src/diag) by extensions ['ros']
[0.564s] Level 1:colcon.colcon_core.package_identification:_identify(STM32/main/X-CUBE-53L0A1/STM32CubeExpansion_VL53L0X_V1.2.0/Middlewares/ST/Gestures/GesturesDetect/Src/diag) by extension 'ros'
[0.565s] Level 1:colcon.colcon_core.package_identification:_identify(STM32/main/X-CUBE-53L0A1/STM32CubeExpansion_VL53L0X_V1.2.0/Middlewares/ST/Gestures/GesturesDetect/Src/diag) by extensions ['cmake', 'python']
[0.565s] Level 1:colcon.colcon_core.package_identification:_identify(STM32/main/X-CUBE-53L0A1/STM32CubeExpansion_VL53L0X_V1.2.0/Middlewares/ST/Gestures/GesturesDetect/Src/diag) by extension 'cmake'
[0.565s] Level 1:colcon.colcon_core.package_identification:_identify(STM32/main/X-CUBE-53L0A1/STM32CubeExpansion_VL53L0X_V1.2.0/Middlewares/ST/Gestures/GesturesDetect/Src/diag) by extension 'python'
[0.565s] Level 1:colcon.colcon_core.package_identification:_identify(STM32/main/X-CUBE-53L0A1/STM32CubeExpansion_VL53L0X_V1.2.0/Middlewares/ST/Gestures/GesturesDetect/Src/diag) by extensions ['python_setup_py']
[0.565s] Level 1:colcon.colcon_core.package_identification:_identify(STM32/main/X-CUBE-53L0A1/STM32CubeExpansion_VL53L0X_V1.2.0/Middlewares/ST/Gestures/GesturesDetect/Src/diag) by extension 'python_setup_py'
[0.565s] Level 1:colcon.colcon_core.package_identification:_identify(STM32/main/X-CUBE-53L0A1/STM32CubeExpansion_VL53L0X_V1.2.0/Projects) by extensions ['ignore', 'ignore_ament_install']
[0.566s] Level 1:colcon.colcon_core.package_identification:_identify(STM32/main/X-CUBE-53L0A1/STM32CubeExpansion_VL53L0X_V1.2.0/Projects) by extension 'ignore'
[0.566s] Level 1:colcon.colcon_core.package_identification:_identify(STM32/main/X-CUBE-53L0A1/STM32CubeExpansion_VL53L0X_V1.2.0/Projects) by extension 'ignore_ament_install'
[0.566s] Level 1:colcon.colcon_core.package_identification:_identify(STM32/main/X-CUBE-53L0A1/STM32CubeExpansion_VL53L0X_V1.2.0/Projects) by extensions ['colcon_pkg']
[0.566s] Level 1:colcon.colcon_core.package_identification:_identify(STM32/main/X-CUBE-53L0A1/STM32CubeExpansion_VL53L0X_V1.2.0/Projects) by extension 'colcon_pkg'
[0.567s] Level 1:colcon.colcon_core.package_identification:_identify(STM32/main/X-CUBE-53L0A1/STM32CubeExpansion_VL53L0X_V1.2.0/Projects) by extensions ['colcon_meta']
[0.567s] Level 1:colcon.colcon_core.package_identification:_identify(STM32/main/X-CUBE-53L0A1/STM32CubeExpansion_VL53L0X_V1.2.0/Projects) by extension 'colcon_meta'
[0.567s] Level 1:colcon.colcon_core.package_identification:_identify(STM32/main/X-CUBE-53L0A1/STM32CubeExpansion_VL53L0X_V1.2.0/Projects) by extensions ['ros']
[0.567s] Level 1:colcon.colcon_core.package_identification:_identify(STM32/main/X-CUBE-53L0A1/STM32CubeExpansion_VL53L0X_V1.2.0/Projects) by extension 'ros'
[0.567s] Level 1:colcon.colcon_core.package_identification:_identify(STM32/main/X-CUBE-53L0A1/STM32CubeExpansion_VL53L0X_V1.2.0/Projects) by extensions ['cmake', 'python']
[0.567s] Level 1:colcon.colcon_core.package_identification:_identify(STM32/main/X-CUBE-53L0A1/STM32CubeExpansion_VL53L0X_V1.2.0/Projects) by extension 'cmake'
[0.567s] Level 1:colcon.colcon_core.package_identification:_identify(STM32/main/X-CUBE-53L0A1/STM32CubeExpansion_VL53L0X_V1.2.0/Projects) by extension 'python'
[0.567s] Level 1:colcon.colcon_core.package_identification:_identify(STM32/main/X-CUBE-53L0A1/STM32CubeExpansion_VL53L0X_V1.2.0/Projects) by extensions ['python_setup_py']
[0.567s] Level 1:colcon.colcon_core.package_identification:_identify(STM32/main/X-CUBE-53L0A1/STM32CubeExpansion_VL53L0X_V1.2.0/Projects) by extension 'python_setup_py'
[0.567s] Level 1:colcon.colcon_core.package_identification:_identify(STM32/main/X-CUBE-53L0A1/STM32CubeExpansion_VL53L0X_V1.2.0/Projects/Multi) by extensions ['ignore', 'ignore_ament_install']
[0.567s] Level 1:colcon.colcon_core.package_identification:_identify(STM32/main/X-CUBE-53L0A1/STM32CubeExpansion_VL53L0X_V1.2.0/Projects/Multi) by extension 'ignore'
[0.568s] Level 1:colcon.colcon_core.package_identification:_identify(STM32/main/X-CUBE-53L0A1/STM32CubeExpansion_VL53L0X_V1.2.0/Projects/Multi) by extension 'ignore_ament_install'
[0.568s] Level 1:colcon.colcon_core.package_identification:_identify(STM32/main/X-CUBE-53L0A1/STM32CubeExpansion_VL53L0X_V1.2.0/Projects/Multi) by extensions ['colcon_pkg']
[0.568s] Level 1:colcon.colcon_core.package_identification:_identify(STM32/main/X-CUBE-53L0A1/STM32CubeExpansion_VL53L0X_V1.2.0/Projects/Multi) by extension 'colcon_pkg'
[0.568s] Level 1:colcon.colcon_core.package_identification:_identify(STM32/main/X-CUBE-53L0A1/STM32CubeExpansion_VL53L0X_V1.2.0/Projects/Multi) by extensions ['colcon_meta']
[0.568s] Level 1:colcon.colcon_core.package_identification:_identify(STM32/main/X-CUBE-53L0A1/STM32CubeExpansion_VL53L0X_V1.2.0/Projects/Multi) by extension 'colcon_meta'
[0.568s] Level 1:colcon.colcon_core.package_identification:_identify(STM32/main/X-CUBE-53L0A1/STM32CubeExpansion_VL53L0X_V1.2.0/Projects/Multi) by extensions ['ros']
[0.568s] Level 1:colcon.colcon_core.package_identification:_identify(STM32/main/X-CUBE-53L0A1/STM32CubeExpansion_VL53L0X_V1.2.0/Projects/Multi) by extension 'ros'
[0.568s] Level 1:colcon.colcon_core.package_identification:_identify(STM32/main/X-CUBE-53L0A1/STM32CubeExpansion_VL53L0X_V1.2.0/Projects/Multi) by extensions ['cmake', 'python']
[0.568s] Level 1:colcon.colcon_core.package_identification:_identify(STM32/main/X-CUBE-53L0A1/STM32CubeExpansion_VL53L0X_V1.2.0/Projects/Multi) by extension 'cmake'
[0.568s] Level 1:colcon.colcon_core.package_identification:_identify(STM32/main/X-CUBE-53L0A1/STM32CubeExpansion_VL53L0X_V1.2.0/Projects/Multi) by extension 'python'
[0.569s] Level 1:colcon.colcon_core.package_identification:_identify(STM32/main/X-CUBE-53L0A1/STM32CubeExpansion_VL53L0X_V1.2.0/Projects/Multi) by extensions ['python_setup_py']
[0.569s] Level 1:colcon.colcon_core.package_identification:_identify(STM32/main/X-CUBE-53L0A1/STM32CubeExpansion_VL53L0X_V1.2.0/Projects/Multi) by extension 'python_setup_py'
[0.569s] Level 1:colcon.colcon_core.package_identification:_identify(STM32/main/X-CUBE-53L0A1/STM32CubeExpansion_VL53L0X_V1.2.0/Projects/Multi/Applications) by extensions ['ignore', 'ignore_ament_install']
[0.570s] Level 1:colcon.colcon_core.package_identification:_identify(STM32/main/X-CUBE-53L0A1/STM32CubeExpansion_VL53L0X_V1.2.0/Projects/Multi/Applications) by extension 'ignore'
[0.570s] Level 1:colcon.colcon_core.package_identification:_identify(STM32/main/X-CUBE-53L0A1/STM32CubeExpansion_VL53L0X_V1.2.0/Projects/Multi/Applications) by extension 'ignore_ament_install'
[0.570s] Level 1:colcon.colcon_core.package_identification:_identify(STM32/main/X-CUBE-53L0A1/STM32CubeExpansion_VL53L0X_V1.2.0/Projects/Multi/Applications) by extensions ['colcon_pkg']
[0.571s] Level 1:colcon.colcon_core.package_identification:_identify(STM32/main/X-CUBE-53L0A1/STM32CubeExpansion_VL53L0X_V1.2.0/Projects/Multi/Applications) by extension 'colcon_pkg'
[0.571s] Level 1:colcon.colcon_core.package_identification:_identify(STM32/main/X-CUBE-53L0A1/STM32CubeExpansion_VL53L0X_V1.2.0/Projects/Multi/Applications) by extensions ['colcon_meta']
[0.571s] Level 1:colcon.colcon_core.package_identification:_identify(STM32/main/X-CUBE-53L0A1/STM32CubeExpansion_VL53L0X_V1.2.0/Projects/Multi/Applications) by extension 'colcon_meta'
[0.571s] Level 1:colcon.colcon_core.package_identification:_identify(STM32/main/X-CUBE-53L0A1/STM32CubeExpansion_VL53L0X_V1.2.0/Projects/Multi/Applications) by extensions ['ros']
[0.572s] Level 1:colcon.colcon_core.package_identification:_identify(STM32/main/X-CUBE-53L0A1/STM32CubeExpansion_VL53L0X_V1.2.0/Projects/Multi/Applications) by extension 'ros'
[0.572s] Level 1:colcon.colcon_core.package_identification:_identify(STM32/main/X-CUBE-53L0A1/STM32CubeExpansion_VL53L0X_V1.2.0/Projects/Multi/Applications) by extensions ['cmake', 'python']
[0.572s] Level 1:colcon.colcon_core.package_identification:_identify(STM32/main/X-CUBE-53L0A1/STM32CubeExpansion_VL53L0X_V1.2.0/Projects/Multi/Applications) by extension 'cmake'
[0.573s] Level 1:colcon.colcon_core.package_identification:_identify(STM32/main/X-CUBE-53L0A1/STM32CubeExpansion_VL53L0X_V1.2.0/Projects/Multi/Applications) by extension 'python'
[0.573s] Level 1:colcon.colcon_core.package_identification:_identify(STM32/main/X-CUBE-53L0A1/STM32CubeExpansion_VL53L0X_V1.2.0/Projects/Multi/Applications) by extensions ['python_setup_py']
[0.573s] Level 1:colcon.colcon_core.package_identification:_identify(STM32/main/X-CUBE-53L0A1/STM32CubeExpansion_VL53L0X_V1.2.0/Projects/Multi/Applications) by extension 'python_setup_py'
[0.573s] Level 1:colcon.colcon_core.package_identification:_identify(STM32/main/X-CUBE-53L0A1/STM32CubeExpansion_VL53L0X_V1.2.0/Projects/Multi/Applications/VL53L0X) by extensions ['ignore', 'ignore_ament_install']
[0.573s] Level 1:colcon.colcon_core.package_identification:_identify(STM32/main/X-CUBE-53L0A1/STM32CubeExpansion_VL53L0X_V1.2.0/Projects/Multi/Applications/VL53L0X) by extension 'ignore'
[0.573s] Level 1:colcon.colcon_core.package_identification:_identify(STM32/main/X-CUBE-53L0A1/STM32CubeExpansion_VL53L0X_V1.2.0/Projects/Multi/Applications/VL53L0X) by extension 'ignore_ament_install'
[0.573s] Level 1:colcon.colcon_core.package_identification:_identify(STM32/main/X-CUBE-53L0A1/STM32CubeExpansion_VL53L0X_V1.2.0/Projects/Multi/Applications/VL53L0X) by extensions ['colcon_pkg']
[0.573s] Level 1:colcon.colcon_core.package_identification:_identify(STM32/main/X-CUBE-53L0A1/STM32CubeExpansion_VL53L0X_V1.2.0/Projects/Multi/Applications/VL53L0X) by extension 'colcon_pkg'
[0.573s] Level 1:colcon.colcon_core.package_identification:_identify(STM32/main/X-CUBE-53L0A1/STM32CubeExpansion_VL53L0X_V1.2.0/Projects/Multi/Applications/VL53L0X) by extensions ['colcon_meta']
[0.573s] Level 1:colcon.colcon_core.package_identification:_identify(STM32/main/X-CUBE-53L0A1/STM32CubeExpansion_VL53L0X_V1.2.0/Projects/Multi/Applications/VL53L0X) by extension 'colcon_meta'
[0.573s] Level 1:colcon.colcon_core.package_identification:_identify(STM32/main/X-CUBE-53L0A1/STM32CubeExpansion_VL53L0X_V1.2.0/Projects/Multi/Applications/VL53L0X) by extensions ['ros']
[0.574s] Level 1:colcon.colcon_core.package_identification:_identify(STM32/main/X-CUBE-53L0A1/STM32CubeExpansion_VL53L0X_V1.2.0/Projects/Multi/Applications/VL53L0X) by extension 'ros'
[0.574s] Level 1:colcon.colcon_core.package_identification:_identify(STM32/main/X-CUBE-53L0A1/STM32CubeExpansion_VL53L0X_V1.2.0/Projects/Multi/Applications/VL53L0X) by extensions ['cmake', 'python']
[0.574s] Level 1:colcon.colcon_core.package_identification:_identify(STM32/main/X-CUBE-53L0A1/STM32CubeExpansion_VL53L0X_V1.2.0/Projects/Multi/Applications/VL53L0X) by extension 'cmake'
[0.574s] Level 1:colcon.colcon_core.package_identification:_identify(STM32/main/X-CUBE-53L0A1/STM32CubeExpansion_VL53L0X_V1.2.0/Projects/Multi/Applications/VL53L0X) by extension 'python'
[0.574s] Level 1:colcon.colcon_core.package_identification:_identify(STM32/main/X-CUBE-53L0A1/STM32CubeExpansion_VL53L0X_V1.2.0/Projects/Multi/Applications/VL53L0X) by extensions ['python_setup_py']
[0.574s] Level 1:colcon.colcon_core.package_identification:_identify(STM32/main/X-CUBE-53L0A1/STM32CubeExpansion_VL53L0X_V1.2.0/Projects/Multi/Applications/VL53L0X) by extension 'python_setup_py'
[0.574s] Level 1:colcon.colcon_core.package_identification:_identify(STM32/main/X-CUBE-53L0A1/STM32CubeExpansion_VL53L0X_V1.2.0/Projects/Multi/Applications/VL53L0X/GestureDetect) by extensions ['ignore', 'ignore_ament_install']
[0.575s] Level 1:colcon.colcon_core.package_identification:_identify(STM32/main/X-CUBE-53L0A1/STM32CubeExpansion_VL53L0X_V1.2.0/Projects/Multi/Applications/VL53L0X/GestureDetect) by extension 'ignore'
[0.575s] Level 1:colcon.colcon_core.package_identification:_identify(STM32/main/X-CUBE-53L0A1/STM32CubeExpansion_VL53L0X_V1.2.0/Projects/Multi/Applications/VL53L0X/GestureDetect) by extension 'ignore_ament_install'
[0.575s] Level 1:colcon.colcon_core.package_identification:_identify(STM32/main/X-CUBE-53L0A1/STM32CubeExpansion_VL53L0X_V1.2.0/Projects/Multi/Applications/VL53L0X/GestureDetect) by extensions ['colcon_pkg']
[0.576s] Level 1:colcon.colcon_core.package_identification:_identify(STM32/main/X-CUBE-53L0A1/STM32CubeExpansion_VL53L0X_V1.2.0/Projects/Multi/Applications/VL53L0X/GestureDetect) by extension 'colcon_pkg'
[0.576s] Level 1:colcon.colcon_core.package_identification:_identify(STM32/main/X-CUBE-53L0A1/STM32CubeExpansion_VL53L0X_V1.2.0/Projects/Multi/Applications/VL53L0X/GestureDetect) by extensions ['colcon_meta']
[0.576s] Level 1:colcon.colcon_core.package_identification:_identify(STM32/main/X-CUBE-53L0A1/STM32CubeExpansion_VL53L0X_V1.2.0/Projects/Multi/Applications/VL53L0X/GestureDetect) by extension 'colcon_meta'
[0.576s] Level 1:colcon.colcon_core.package_identification:_identify(STM32/main/X-CUBE-53L0A1/STM32CubeExpansion_VL53L0X_V1.2.0/Projects/Multi/Applications/VL53L0X/GestureDetect) by extensions ['ros']
[0.577s] Level 1:colcon.colcon_core.package_identification:_identify(STM32/main/X-CUBE-53L0A1/STM32CubeExpansion_VL53L0X_V1.2.0/Projects/Multi/Applications/VL53L0X/GestureDetect) by extension 'ros'
[0.577s] Level 1:colcon.colcon_core.package_identification:_identify(STM32/main/X-CUBE-53L0A1/STM32CubeExpansion_VL53L0X_V1.2.0/Projects/Multi/Applications/VL53L0X/GestureDetect) by extensions ['cmake', 'python']
[0.577s] Level 1:colcon.colcon_core.package_identification:_identify(STM32/main/X-CUBE-53L0A1/STM32CubeExpansion_VL53L0X_V1.2.0/Projects/Multi/Applications/VL53L0X/GestureDetect) by extension 'cmake'
[0.577s] Level 1:colcon.colcon_core.package_identification:_identify(STM32/main/X-CUBE-53L0A1/STM32CubeExpansion_VL53L0X_V1.2.0/Projects/Multi/Applications/VL53L0X/GestureDetect) by extension 'python'
[0.578s] Level 1:colcon.colcon_core.package_identification:_identify(STM32/main/X-CUBE-53L0A1/STM32CubeExpansion_VL53L0X_V1.2.0/Projects/Multi/Applications/VL53L0X/GestureDetect) by extensions ['python_setup_py']
[0.578s] Level 1:colcon.colcon_core.package_identification:_identify(STM32/main/X-CUBE-53L0A1/STM32CubeExpansion_VL53L0X_V1.2.0/Projects/Multi/Applications/VL53L0X/GestureDetect) by extension 'python_setup_py'
[0.579s] Level 1:colcon.colcon_core.package_identification:_identify(STM32/main/X-CUBE-53L0A1/STM32CubeExpansion_VL53L0X_V1.2.0/Projects/Multi/Applications/VL53L0X/GestureDetect/Binary) by extensions ['ignore', 'ignore_ament_install']
[0.579s] Level 1:colcon.colcon_core.package_identification:_identify(STM32/main/X-CUBE-53L0A1/STM32CubeExpansion_VL53L0X_V1.2.0/Projects/Multi/Applications/VL53L0X/GestureDetect/Binary) by extension 'ignore'
[0.579s] Level 1:colcon.colcon_core.package_identification:_identify(STM32/main/X-CUBE-53L0A1/STM32CubeExpansion_VL53L0X_V1.2.0/Projects/Multi/Applications/VL53L0X/GestureDetect/Binary) by extension 'ignore_ament_install'
[0.580s] Level 1:colcon.colcon_core.package_identification:_identify(STM32/main/X-CUBE-53L0A1/STM32CubeExpansion_VL53L0X_V1.2.0/Projects/Multi/Applications/VL53L0X/GestureDetect/Binary) by extensions ['colcon_pkg']
[0.580s] Level 1:colcon.colcon_core.package_identification:_identify(STM32/main/X-CUBE-53L0A1/STM32CubeExpansion_VL53L0X_V1.2.0/Projects/Multi/Applications/VL53L0X/GestureDetect/Binary) by extension 'colcon_pkg'
[0.580s] Level 1:colcon.colcon_core.package_identification:_identify(STM32/main/X-CUBE-53L0A1/STM32CubeExpansion_VL53L0X_V1.2.0/Projects/Multi/Applications/VL53L0X/GestureDetect/Binary) by extensions ['colcon_meta']
[0.580s] Level 1:colcon.colcon_core.package_identification:_identify(STM32/main/X-CUBE-53L0A1/STM32CubeExpansion_VL53L0X_V1.2.0/Projects/Multi/Applications/VL53L0X/GestureDetect/Binary) by extension 'colcon_meta'
[0.580s] Level 1:colcon.colcon_core.package_identification:_identify(STM32/main/X-CUBE-53L0A1/STM32CubeExpansion_VL53L0X_V1.2.0/Projects/Multi/Applications/VL53L0X/GestureDetect/Binary) by extensions ['ros']
[0.580s] Level 1:colcon.colcon_core.package_identification:_identify(STM32/main/X-CUBE-53L0A1/STM32CubeExpansion_VL53L0X_V1.2.0/Projects/Multi/Applications/VL53L0X/GestureDetect/Binary) by extension 'ros'
[0.580s] Level 1:colcon.colcon_core.package_identification:_identify(STM32/main/X-CUBE-53L0A1/STM32CubeExpansion_VL53L0X_V1.2.0/Projects/Multi/Applications/VL53L0X/GestureDetect/Binary) by extensions ['cmake', 'python']
[0.580s] Level 1:colcon.colcon_core.package_identification:_identify(STM32/main/X-CUBE-53L0A1/STM32CubeExpansion_VL53L0X_V1.2.0/Projects/Multi/Applications/VL53L0X/GestureDetect/Binary) by extension 'cmake'
[0.580s] Level 1:colcon.colcon_core.package_identification:_identify(STM32/main/X-CUBE-53L0A1/STM32CubeExpansion_VL53L0X_V1.2.0/Projects/Multi/Applications/VL53L0X/GestureDetect/Binary) by extension 'python'
[0.580s] Level 1:colcon.colcon_core.package_identification:_identify(STM32/main/X-CUBE-53L0A1/STM32CubeExpansion_VL53L0X_V1.2.0/Projects/Multi/Applications/VL53L0X/GestureDetect/Binary) by extensions ['python_setup_py']
[0.580s] Level 1:colcon.colcon_core.package_identification:_identify(STM32/main/X-CUBE-53L0A1/STM32CubeExpansion_VL53L0X_V1.2.0/Projects/Multi/Applications/VL53L0X/GestureDetect/Binary) by extension 'python_setup_py'
[0.581s] Level 1:colcon.colcon_core.package_identification:_identify(STM32/main/X-CUBE-53L0A1/STM32CubeExpansion_VL53L0X_V1.2.0/Projects/Multi/Applications/VL53L0X/GestureDetect/EWARM) by extensions ['ignore', 'ignore_ament_install']
[0.581s] Level 1:colcon.colcon_core.package_identification:_identify(STM32/main/X-CUBE-53L0A1/STM32CubeExpansion_VL53L0X_V1.2.0/Projects/Multi/Applications/VL53L0X/GestureDetect/EWARM) by extension 'ignore'
[0.581s] Level 1:colcon.colcon_core.package_identification:_identify(STM32/main/X-CUBE-53L0A1/STM32CubeExpansion_VL53L0X_V1.2.0/Projects/Multi/Applications/VL53L0X/GestureDetect/EWARM) by extension 'ignore_ament_install'
[0.581s] Level 1:colcon.colcon_core.package_identification:_identify(STM32/main/X-CUBE-53L0A1/STM32CubeExpansion_VL53L0X_V1.2.0/Projects/Multi/Applications/VL53L0X/GestureDetect/EWARM) by extensions ['colcon_pkg']
[0.581s] Level 1:colcon.colcon_core.package_identification:_identify(STM32/main/X-CUBE-53L0A1/STM32CubeExpansion_VL53L0X_V1.2.0/Projects/Multi/Applications/VL53L0X/GestureDetect/EWARM) by extension 'colcon_pkg'
[0.581s] Level 1:colcon.colcon_core.package_identification:_identify(STM32/main/X-CUBE-53L0A1/STM32CubeExpansion_VL53L0X_V1.2.0/Projects/Multi/Applications/VL53L0X/GestureDetect/EWARM) by extensions ['colcon_meta']
[0.582s] Level 1:colcon.colcon_core.package_identification:_identify(STM32/main/X-CUBE-53L0A1/STM32CubeExpansion_VL53L0X_V1.2.0/Projects/Multi/Applications/VL53L0X/GestureDetect/EWARM) by extension 'colcon_meta'
[0.582s] Level 1:colcon.colcon_core.package_identification:_identify(STM32/main/X-CUBE-53L0A1/STM32CubeExpansion_VL53L0X_V1.2.0/Projects/Multi/Applications/VL53L0X/GestureDetect/EWARM) by extensions ['ros']
[0.582s] Level 1:colcon.colcon_core.package_identification:_identify(STM32/main/X-CUBE-53L0A1/STM32CubeExpansion_VL53L0X_V1.2.0/Projects/Multi/Applications/VL53L0X/GestureDetect/EWARM) by extension 'ros'
[0.583s] Level 1:colcon.colcon_core.package_identification:_identify(STM32/main/X-CUBE-53L0A1/STM32CubeExpansion_VL53L0X_V1.2.0/Projects/Multi/Applications/VL53L0X/GestureDetect/EWARM) by extensions ['cmake', 'python']
[0.583s] Level 1:colcon.colcon_core.package_identification:_identify(STM32/main/X-CUBE-53L0A1/STM32CubeExpansion_VL53L0X_V1.2.0/Projects/Multi/Applications/VL53L0X/GestureDetect/EWARM) by extension 'cmake'
[0.583s] Level 1:colcon.colcon_core.package_identification:_identify(STM32/main/X-CUBE-53L0A1/STM32CubeExpansion_VL53L0X_V1.2.0/Projects/Multi/Applications/VL53L0X/GestureDetect/EWARM) by extension 'python'
[0.583s] Level 1:colcon.colcon_core.package_identification:_identify(STM32/main/X-CUBE-53L0A1/STM32CubeExpansion_VL53L0X_V1.2.0/Projects/Multi/Applications/VL53L0X/GestureDetect/EWARM) by extensions ['python_setup_py']
[0.584s] Level 1:colcon.colcon_core.package_identification:_identify(STM32/main/X-CUBE-53L0A1/STM32CubeExpansion_VL53L0X_V1.2.0/Projects/Multi/Applications/VL53L0X/GestureDetect/EWARM) by extension 'python_setup_py'
[0.584s] Level 1:colcon.colcon_core.package_identification:_identify(STM32/main/X-CUBE-53L0A1/STM32CubeExpansion_VL53L0X_V1.2.0/Projects/Multi/Applications/VL53L0X/GestureDetect/EWARM/STM32F401RE-Nucleo) by extensions ['ignore', 'ignore_ament_install']
[0.585s] Level 1:colcon.colcon_core.package_identification:_identify(STM32/main/X-CUBE-53L0A1/STM32CubeExpansion_VL53L0X_V1.2.0/Projects/Multi/Applications/VL53L0X/GestureDetect/EWARM/STM32F401RE-Nucleo) by extension 'ignore'
[0.585s] Level 1:colcon.colcon_core.package_identification:_identify(STM32/main/X-CUBE-53L0A1/STM32CubeExpansion_VL53L0X_V1.2.0/Projects/Multi/Applications/VL53L0X/GestureDetect/EWARM/STM32F401RE-Nucleo) by extension 'ignore_ament_install'
[0.585s] Level 1:colcon.colcon_core.package_identification:_identify(STM32/main/X-CUBE-53L0A1/STM32CubeExpansion_VL53L0X_V1.2.0/Projects/Multi/Applications/VL53L0X/GestureDetect/EWARM/STM32F401RE-Nucleo) by extensions ['colcon_pkg']
[0.585s] Level 1:colcon.colcon_core.package_identification:_identify(STM32/main/X-CUBE-53L0A1/STM32CubeExpansion_VL53L0X_V1.2.0/Projects/Multi/Applications/VL53L0X/GestureDetect/EWARM/STM32F401RE-Nucleo) by extension 'colcon_pkg'
[0.585s] Level 1:colcon.colcon_core.package_identification:_identify(STM32/main/X-CUBE-53L0A1/STM32CubeExpansion_VL53L0X_V1.2.0/Projects/Multi/Applications/VL53L0X/GestureDetect/EWARM/STM32F401RE-Nucleo) by extensions ['colcon_meta']
[0.585s] Level 1:colcon.colcon_core.package_identification:_identify(STM32/main/X-CUBE-53L0A1/STM32CubeExpansion_VL53L0X_V1.2.0/Projects/Multi/Applications/VL53L0X/GestureDetect/EWARM/STM32F401RE-Nucleo) by extension 'colcon_meta'
[0.586s] Level 1:colcon.colcon_core.package_identification:_identify(STM32/main/X-CUBE-53L0A1/STM32CubeExpansion_VL53L0X_V1.2.0/Projects/Multi/Applications/VL53L0X/GestureDetect/EWARM/STM32F401RE-Nucleo) by extensions ['ros']
[0.586s] Level 1:colcon.colcon_core.package_identification:_identify(STM32/main/X-CUBE-53L0A1/STM32CubeExpansion_VL53L0X_V1.2.0/Projects/Multi/Applications/VL53L0X/GestureDetect/EWARM/STM32F401RE-Nucleo) by extension 'ros'
[0.586s] Level 1:colcon.colcon_core.package_identification:_identify(STM32/main/X-CUBE-53L0A1/STM32CubeExpansion_VL53L0X_V1.2.0/Projects/Multi/Applications/VL53L0X/GestureDetect/EWARM/STM32F401RE-Nucleo) by extensions ['cmake', 'python']
[0.586s] Level 1:colcon.colcon_core.package_identification:_identify(STM32/main/X-CUBE-53L0A1/STM32CubeExpansion_VL53L0X_V1.2.0/Projects/Multi/Applications/VL53L0X/GestureDetect/EWARM/STM32F401RE-Nucleo) by extension 'cmake'
[0.586s] Level 1:colcon.colcon_core.package_identification:_identify(STM32/main/X-CUBE-53L0A1/STM32CubeExpansion_VL53L0X_V1.2.0/Projects/Multi/Applications/VL53L0X/GestureDetect/EWARM/STM32F401RE-Nucleo) by extension 'python'
[0.587s] Level 1:colcon.colcon_core.package_identification:_identify(STM32/main/X-CUBE-53L0A1/STM32CubeExpansion_VL53L0X_V1.2.0/Projects/Multi/Applications/VL53L0X/GestureDetect/EWARM/STM32F401RE-Nucleo) by extensions ['python_setup_py']
[0.587s] Level 1:colcon.colcon_core.package_identification:_identify(STM32/main/X-CUBE-53L0A1/STM32CubeExpansion_VL53L0X_V1.2.0/Projects/Multi/Applications/VL53L0X/GestureDetect/EWARM/STM32F401RE-Nucleo) by extension 'python_setup_py'
[0.587s] Level 1:colcon.colcon_core.package_identification:_identify(STM32/main/X-CUBE-53L0A1/STM32CubeExpansion_VL53L0X_V1.2.0/Projects/Multi/Applications/VL53L0X/GestureDetect/EWARM/STM32L476RG-Nucleo) by extensions ['ignore', 'ignore_ament_install']
[0.587s] Level 1:colcon.colcon_core.package_identification:_identify(STM32/main/X-CUBE-53L0A1/STM32CubeExpansion_VL53L0X_V1.2.0/Projects/Multi/Applications/VL53L0X/GestureDetect/EWARM/STM32L476RG-Nucleo) by extension 'ignore'
[0.587s] Level 1:colcon.colcon_core.package_identification:_identify(STM32/main/X-CUBE-53L0A1/STM32CubeExpansion_VL53L0X_V1.2.0/Projects/Multi/Applications/VL53L0X/GestureDetect/EWARM/STM32L476RG-Nucleo) by extension 'ignore_ament_install'
[0.587s] Level 1:colcon.colcon_core.package_identification:_identify(STM32/main/X-CUBE-53L0A1/STM32CubeExpansion_VL53L0X_V1.2.0/Projects/Multi/Applications/VL53L0X/GestureDetect/EWARM/STM32L476RG-Nucleo) by extensions ['colcon_pkg']
[0.587s] Level 1:colcon.colcon_core.package_identification:_identify(STM32/main/X-CUBE-53L0A1/STM32CubeExpansion_VL53L0X_V1.2.0/Projects/Multi/Applications/VL53L0X/GestureDetect/EWARM/STM32L476RG-Nucleo) by extension 'colcon_pkg'
[0.588s] Level 1:colcon.colcon_core.package_identification:_identify(STM32/main/X-CUBE-53L0A1/STM32CubeExpansion_VL53L0X_V1.2.0/Projects/Multi/Applications/VL53L0X/GestureDetect/EWARM/STM32L476RG-Nucleo) by extensions ['colcon_meta']
[0.588s] Level 1:colcon.colcon_core.package_identification:_identify(STM32/main/X-CUBE-53L0A1/STM32CubeExpansion_VL53L0X_V1.2.0/Projects/Multi/Applications/VL53L0X/GestureDetect/EWARM/STM32L476RG-Nucleo) by extension 'colcon_meta'
[0.588s] Level 1:colcon.colcon_core.package_identification:_identify(STM32/main/X-CUBE-53L0A1/STM32CubeExpansion_VL53L0X_V1.2.0/Projects/Multi/Applications/VL53L0X/GestureDetect/EWARM/STM32L476RG-Nucleo) by extensions ['ros']
[0.588s] Level 1:colcon.colcon_core.package_identification:_identify(STM32/main/X-CUBE-53L0A1/STM32CubeExpansion_VL53L0X_V1.2.0/Projects/Multi/Applications/VL53L0X/GestureDetect/EWARM/STM32L476RG-Nucleo) by extension 'ros'
[0.588s] Level 1:colcon.colcon_core.package_identification:_identify(STM32/main/X-CUBE-53L0A1/STM32CubeExpansion_VL53L0X_V1.2.0/Projects/Multi/Applications/VL53L0X/GestureDetect/EWARM/STM32L476RG-Nucleo) by extensions ['cmake', 'python']
[0.588s] Level 1:colcon.colcon_core.package_identification:_identify(STM32/main/X-CUBE-53L0A1/STM32CubeExpansion_VL53L0X_V1.2.0/Projects/Multi/Applications/VL53L0X/GestureDetect/EWARM/STM32L476RG-Nucleo) by extension 'cmake'
[0.588s] Level 1:colcon.colcon_core.package_identification:_identify(STM32/main/X-CUBE-53L0A1/STM32CubeExpansion_VL53L0X_V1.2.0/Projects/Multi/Applications/VL53L0X/GestureDetect/EWARM/STM32L476RG-Nucleo) by extension 'python'
[0.589s] Level 1:colcon.colcon_core.package_identification:_identify(STM32/main/X-CUBE-53L0A1/STM32CubeExpansion_VL53L0X_V1.2.0/Projects/Multi/Applications/VL53L0X/GestureDetect/EWARM/STM32L476RG-Nucleo) by extensions ['python_setup_py']
[0.589s] Level 1:colcon.colcon_core.package_identification:_identify(STM32/main/X-CUBE-53L0A1/STM32CubeExpansion_VL53L0X_V1.2.0/Projects/Multi/Applications/VL53L0X/GestureDetect/EWARM/STM32L476RG-Nucleo) by extension 'python_setup_py'
[0.589s] Level 1:colcon.colcon_core.package_identification:_identify(STM32/main/X-CUBE-53L0A1/STM32CubeExpansion_VL53L0X_V1.2.0/Projects/Multi/Applications/VL53L0X/GestureDetect/Inc) by extensions ['ignore', 'ignore_ament_install']
[0.590s] Level 1:colcon.colcon_core.package_identification:_identify(STM32/main/X-CUBE-53L0A1/STM32CubeExpansion_VL53L0X_V1.2.0/Projects/Multi/Applications/VL53L0X/GestureDetect/Inc) by extension 'ignore'
[0.590s] Level 1:colcon.colcon_core.package_identification:_identify(STM32/main/X-CUBE-53L0A1/STM32CubeExpansion_VL53L0X_V1.2.0/Projects/Multi/Applications/VL53L0X/GestureDetect/Inc) by extension 'ignore_ament_install'
[0.590s] Level 1:colcon.colcon_core.package_identification:_identify(STM32/main/X-CUBE-53L0A1/STM32CubeExpansion_VL53L0X_V1.2.0/Projects/Multi/Applications/VL53L0X/GestureDetect/Inc) by extensions ['colcon_pkg']
[0.590s] Level 1:colcon.colcon_core.package_identification:_identify(STM32/main/X-CUBE-53L0A1/STM32CubeExpansion_VL53L0X_V1.2.0/Projects/Multi/Applications/VL53L0X/GestureDetect/Inc) by extension 'colcon_pkg'
[0.591s] Level 1:colcon.colcon_core.package_identification:_identify(STM32/main/X-CUBE-53L0A1/STM32CubeExpansion_VL53L0X_V1.2.0/Projects/Multi/Applications/VL53L0X/GestureDetect/Inc) by extensions ['colcon_meta']
[0.591s] Level 1:colcon.colcon_core.package_identification:_identify(STM32/main/X-CUBE-53L0A1/STM32CubeExpansion_VL53L0X_V1.2.0/Projects/Multi/Applications/VL53L0X/GestureDetect/Inc) by extension 'colcon_meta'
[0.591s] Level 1:colcon.colcon_core.package_identification:_identify(STM32/main/X-CUBE-53L0A1/STM32CubeExpansion_VL53L0X_V1.2.0/Projects/Multi/Applications/VL53L0X/GestureDetect/Inc) by extensions ['ros']
[0.591s] Level 1:colcon.colcon_core.package_identification:_identify(STM32/main/X-CUBE-53L0A1/STM32CubeExpansion_VL53L0X_V1.2.0/Projects/Multi/Applications/VL53L0X/GestureDetect/Inc) by extension 'ros'
[0.592s] Level 1:colcon.colcon_core.package_identification:_identify(STM32/main/X-CUBE-53L0A1/STM32CubeExpansion_VL53L0X_V1.2.0/Projects/Multi/Applications/VL53L0X/GestureDetect/Inc) by extensions ['cmake', 'python']
[0.592s] Level 1:colcon.colcon_core.package_identification:_identify(STM32/main/X-CUBE-53L0A1/STM32CubeExpansion_VL53L0X_V1.2.0/Projects/Multi/Applications/VL53L0X/GestureDetect/Inc) by extension 'cmake'
[0.592s] Level 1:colcon.colcon_core.package_identification:_identify(STM32/main/X-CUBE-53L0A1/STM32CubeExpansion_VL53L0X_V1.2.0/Projects/Multi/Applications/VL53L0X/GestureDetect/Inc) by extension 'python'
[0.593s] Level 1:colcon.colcon_core.package_identification:_identify(STM32/main/X-CUBE-53L0A1/STM32CubeExpansion_VL53L0X_V1.2.0/Projects/Multi/Applications/VL53L0X/GestureDetect/Inc) by extensions ['python_setup_py']
[0.593s] Level 1:colcon.colcon_core.package_identification:_identify(STM32/main/X-CUBE-53L0A1/STM32CubeExpansion_VL53L0X_V1.2.0/Projects/Multi/Applications/VL53L0X/GestureDetect/Inc) by extension 'python_setup_py'
[0.593s] Level 1:colcon.colcon_core.package_identification:_identify(STM32/main/X-CUBE-53L0A1/STM32CubeExpansion_VL53L0X_V1.2.0/Projects/Multi/Applications/VL53L0X/GestureDetect/MDK-ARM) by extensions ['ignore', 'ignore_ament_install']
[0.593s] Level 1:colcon.colcon_core.package_identification:_identify(STM32/main/X-CUBE-53L0A1/STM32CubeExpansion_VL53L0X_V1.2.0/Projects/Multi/Applications/VL53L0X/GestureDetect/MDK-ARM) by extension 'ignore'
[0.594s] Level 1:colcon.colcon_core.package_identification:_identify(STM32/main/X-CUBE-53L0A1/STM32CubeExpansion_VL53L0X_V1.2.0/Projects/Multi/Applications/VL53L0X/GestureDetect/MDK-ARM) by extension 'ignore_ament_install'
[0.594s] Level 1:colcon.colcon_core.package_identification:_identify(STM32/main/X-CUBE-53L0A1/STM32CubeExpansion_VL53L0X_V1.2.0/Projects/Multi/Applications/VL53L0X/GestureDetect/MDK-ARM) by extensions ['colcon_pkg']
[0.594s] Level 1:colcon.colcon_core.package_identification:_identify(STM32/main/X-CUBE-53L0A1/STM32CubeExpansion_VL53L0X_V1.2.0/Projects/Multi/Applications/VL53L0X/GestureDetect/MDK-ARM) by extension 'colcon_pkg'
[0.594s] Level 1:colcon.colcon_core.package_identification:_identify(STM32/main/X-CUBE-53L0A1/STM32CubeExpansion_VL53L0X_V1.2.0/Projects/Multi/Applications/VL53L0X/GestureDetect/MDK-ARM) by extensions ['colcon_meta']
[0.594s] Level 1:colcon.colcon_core.package_identification:_identify(STM32/main/X-CUBE-53L0A1/STM32CubeExpansion_VL53L0X_V1.2.0/Projects/Multi/Applications/VL53L0X/GestureDetect/MDK-ARM) by extension 'colcon_meta'
[0.595s] Level 1:colcon.colcon_core.package_identification:_identify(STM32/main/X-CUBE-53L0A1/STM32CubeExpansion_VL53L0X_V1.2.0/Projects/Multi/Applications/VL53L0X/GestureDetect/MDK-ARM) by extensions ['ros']
[0.595s] Level 1:colcon.colcon_core.package_identification:_identify(STM32/main/X-CUBE-53L0A1/STM32CubeExpansion_VL53L0X_V1.2.0/Projects/Multi/Applications/VL53L0X/GestureDetect/MDK-ARM) by extension 'ros'
[0.595s] Level 1:colcon.colcon_core.package_identification:_identify(STM32/main/X-CUBE-53L0A1/STM32CubeExpansion_VL53L0X_V1.2.0/Projects/Multi/Applications/VL53L0X/GestureDetect/MDK-ARM) by extensions ['cmake', 'python']
[0.595s] Level 1:colcon.colcon_core.package_identification:_identify(STM32/main/X-CUBE-53L0A1/STM32CubeExpansion_VL53L0X_V1.2.0/Projects/Multi/Applications/VL53L0X/GestureDetect/MDK-ARM) by extension 'cmake'
[0.596s] Level 1:colcon.colcon_core.package_identification:_identify(STM32/main/X-CUBE-53L0A1/STM32CubeExpansion_VL53L0X_V1.2.0/Projects/Multi/Applications/VL53L0X/GestureDetect/MDK-ARM) by extension 'python'
[0.596s] Level 1:colcon.colcon_core.package_identification:_identify(STM32/main/X-CUBE-53L0A1/STM32CubeExpansion_VL53L0X_V1.2.0/Projects/Multi/Applications/VL53L0X/GestureDetect/MDK-ARM) by extensions ['python_setup_py']
[0.596s] Level 1:colcon.colcon_core.package_identification:_identify(STM32/main/X-CUBE-53L0A1/STM32CubeExpansion_VL53L0X_V1.2.0/Projects/Multi/Applications/VL53L0X/GestureDetect/MDK-ARM) by extension 'python_setup_py'
[0.596s] Level 1:colcon.colcon_core.package_identification:_identify(STM32/main/X-CUBE-53L0A1/STM32CubeExpansion_VL53L0X_V1.2.0/Projects/Multi/Applications/VL53L0X/GestureDetect/MDK-ARM/STM32F401RE-Nucleo) by extensions ['ignore', 'ignore_ament_install']
[0.596s] Level 1:colcon.colcon_core.package_identification:_identify(STM32/main/X-CUBE-53L0A1/STM32CubeExpansion_VL53L0X_V1.2.0/Projects/Multi/Applications/VL53L0X/GestureDetect/MDK-ARM/STM32F401RE-Nucleo) by extension 'ignore'
[0.597s] Level 1:colcon.colcon_core.package_identification:_identify(STM32/main/X-CUBE-53L0A1/STM32CubeExpansion_VL53L0X_V1.2.0/Projects/Multi/Applications/VL53L0X/GestureDetect/MDK-ARM/STM32F401RE-Nucleo) by extension 'ignore_ament_install'
[0.597s] Level 1:colcon.colcon_core.package_identification:_identify(STM32/main/X-CUBE-53L0A1/STM32CubeExpansion_VL53L0X_V1.2.0/Projects/Multi/Applications/VL53L0X/GestureDetect/MDK-ARM/STM32F401RE-Nucleo) by extensions ['colcon_pkg']
[0.597s] Level 1:colcon.colcon_core.package_identification:_identify(STM32/main/X-CUBE-53L0A1/STM32CubeExpansion_VL53L0X_V1.2.0/Projects/Multi/Applications/VL53L0X/GestureDetect/MDK-ARM/STM32F401RE-Nucleo) by extension 'colcon_pkg'
[0.597s] Level 1:colcon.colcon_core.package_identification:_identify(STM32/main/X-CUBE-53L0A1/STM32CubeExpansion_VL53L0X_V1.2.0/Projects/Multi/Applications/VL53L0X/GestureDetect/MDK-ARM/STM32F401RE-Nucleo) by extensions ['colcon_meta']
[0.597s] Level 1:colcon.colcon_core.package_identification:_identify(STM32/main/X-CUBE-53L0A1/STM32CubeExpansion_VL53L0X_V1.2.0/Projects/Multi/Applications/VL53L0X/GestureDetect/MDK-ARM/STM32F401RE-Nucleo) by extension 'colcon_meta'
[0.597s] Level 1:colcon.colcon_core.package_identification:_identify(STM32/main/X-CUBE-53L0A1/STM32CubeExpansion_VL53L0X_V1.2.0/Projects/Multi/Applications/VL53L0X/GestureDetect/MDK-ARM/STM32F401RE-Nucleo) by extensions ['ros']
[0.597s] Level 1:colcon.colcon_core.package_identification:_identify(STM32/main/X-CUBE-53L0A1/STM32CubeExpansion_VL53L0X_V1.2.0/Projects/Multi/Applications/VL53L0X/GestureDetect/MDK-ARM/STM32F401RE-Nucleo) by extension 'ros'
[0.597s] Level 1:colcon.colcon_core.package_identification:_identify(STM32/main/X-CUBE-53L0A1/STM32CubeExpansion_VL53L0X_V1.2.0/Projects/Multi/Applications/VL53L0X/GestureDetect/MDK-ARM/STM32F401RE-Nucleo) by extensions ['cmake', 'python']
[0.597s] Level 1:colcon.colcon_core.package_identification:_identify(STM32/main/X-CUBE-53L0A1/STM32CubeExpansion_VL53L0X_V1.2.0/Projects/Multi/Applications/VL53L0X/GestureDetect/MDK-ARM/STM32F401RE-Nucleo) by extension 'cmake'
[0.597s] Level 1:colcon.colcon_core.package_identification:_identify(STM32/main/X-CUBE-53L0A1/STM32CubeExpansion_VL53L0X_V1.2.0/Projects/Multi/Applications/VL53L0X/GestureDetect/MDK-ARM/STM32F401RE-Nucleo) by extension 'python'
[0.597s] Level 1:colcon.colcon_core.package_identification:_identify(STM32/main/X-CUBE-53L0A1/STM32CubeExpansion_VL53L0X_V1.2.0/Projects/Multi/Applications/VL53L0X/GestureDetect/MDK-ARM/STM32F401RE-Nucleo) by extensions ['python_setup_py']
[0.597s] Level 1:colcon.colcon_core.package_identification:_identify(STM32/main/X-CUBE-53L0A1/STM32CubeExpansion_VL53L0X_V1.2.0/Projects/Multi/Applications/VL53L0X/GestureDetect/MDK-ARM/STM32F401RE-Nucleo) by extension 'python_setup_py'
[0.598s] Level 1:colcon.colcon_core.package_identification:_identify(STM32/main/X-CUBE-53L0A1/STM32CubeExpansion_VL53L0X_V1.2.0/Projects/Multi/Applications/VL53L0X/GestureDetect/MDK-ARM/STM32L476RG-Nucleo) by extensions ['ignore', 'ignore_ament_install']
[0.598s] Level 1:colcon.colcon_core.package_identification:_identify(STM32/main/X-CUBE-53L0A1/STM32CubeExpansion_VL53L0X_V1.2.0/Projects/Multi/Applications/VL53L0X/GestureDetect/MDK-ARM/STM32L476RG-Nucleo) by extension 'ignore'
[0.598s] Level 1:colcon.colcon_core.package_identification:_identify(STM32/main/X-CUBE-53L0A1/STM32CubeExpansion_VL53L0X_V1.2.0/Projects/Multi/Applications/VL53L0X/GestureDetect/MDK-ARM/STM32L476RG-Nucleo) by extension 'ignore_ament_install'
[0.598s] Level 1:colcon.colcon_core.package_identification:_identify(STM32/main/X-CUBE-53L0A1/STM32CubeExpansion_VL53L0X_V1.2.0/Projects/Multi/Applications/VL53L0X/GestureDetect/MDK-ARM/STM32L476RG-Nucleo) by extensions ['colcon_pkg']
[0.598s] Level 1:colcon.colcon_core.package_identification:_identify(STM32/main/X-CUBE-53L0A1/STM32CubeExpansion_VL53L0X_V1.2.0/Projects/Multi/Applications/VL53L0X/GestureDetect/MDK-ARM/STM32L476RG-Nucleo) by extension 'colcon_pkg'
[0.598s] Level 1:colcon.colcon_core.package_identification:_identify(STM32/main/X-CUBE-53L0A1/STM32CubeExpansion_VL53L0X_V1.2.0/Projects/Multi/Applications/VL53L0X/GestureDetect/MDK-ARM/STM32L476RG-Nucleo) by extensions ['colcon_meta']
[0.599s] Level 1:colcon.colcon_core.package_identification:_identify(STM32/main/X-CUBE-53L0A1/STM32CubeExpansion_VL53L0X_V1.2.0/Projects/Multi/Applications/VL53L0X/GestureDetect/MDK-ARM/STM32L476RG-Nucleo) by extension 'colcon_meta'
[0.599s] Level 1:colcon.colcon_core.package_identification:_identify(STM32/main/X-CUBE-53L0A1/STM32CubeExpansion_VL53L0X_V1.2.0/Projects/Multi/Applications/VL53L0X/GestureDetect/MDK-ARM/STM32L476RG-Nucleo) by extensions ['ros']
[0.599s] Level 1:colcon.colcon_core.package_identification:_identify(STM32/main/X-CUBE-53L0A1/STM32CubeExpansion_VL53L0X_V1.2.0/Projects/Multi/Applications/VL53L0X/GestureDetect/MDK-ARM/STM32L476RG-Nucleo) by extension 'ros'
[0.600s] Level 1:colcon.colcon_core.package_identification:_identify(STM32/main/X-CUBE-53L0A1/STM32CubeExpansion_VL53L0X_V1.2.0/Projects/Multi/Applications/VL53L0X/GestureDetect/MDK-ARM/STM32L476RG-Nucleo) by extensions ['cmake', 'python']
[0.600s] Level 1:colcon.colcon_core.package_identification:_identify(STM32/main/X-CUBE-53L0A1/STM32CubeExpansion_VL53L0X_V1.2.0/Projects/Multi/Applications/VL53L0X/GestureDetect/MDK-ARM/STM32L476RG-Nucleo) by extension 'cmake'
[0.600s] Level 1:colcon.colcon_core.package_identification:_identify(STM32/main/X-CUBE-53L0A1/STM32CubeExpansion_VL53L0X_V1.2.0/Projects/Multi/Applications/VL53L0X/GestureDetect/MDK-ARM/STM32L476RG-Nucleo) by extension 'python'
[0.601s] Level 1:colcon.colcon_core.package_identification:_identify(STM32/main/X-CUBE-53L0A1/STM32CubeExpansion_VL53L0X_V1.2.0/Projects/Multi/Applications/VL53L0X/GestureDetect/MDK-ARM/STM32L476RG-Nucleo) by extensions ['python_setup_py']
[0.601s] Level 1:colcon.colcon_core.package_identification:_identify(STM32/main/X-CUBE-53L0A1/STM32CubeExpansion_VL53L0X_V1.2.0/Projects/Multi/Applications/VL53L0X/GestureDetect/MDK-ARM/STM32L476RG-Nucleo) by extension 'python_setup_py'
[0.601s] Level 1:colcon.colcon_core.package_identification:_identify(STM32/main/X-CUBE-53L0A1/STM32CubeExpansion_VL53L0X_V1.2.0/Projects/Multi/Applications/VL53L0X/GestureDetect/SW4STM32) by extensions ['ignore', 'ignore_ament_install']
[0.602s] Level 1:colcon.colcon_core.package_identification:_identify(STM32/main/X-CUBE-53L0A1/STM32CubeExpansion_VL53L0X_V1.2.0/Projects/Multi/Applications/VL53L0X/GestureDetect/SW4STM32) by extension 'ignore'
[0.602s] Level 1:colcon.colcon_core.package_identification:_identify(STM32/main/X-CUBE-53L0A1/STM32CubeExpansion_VL53L0X_V1.2.0/Projects/Multi/Applications/VL53L0X/GestureDetect/SW4STM32) by extension 'ignore_ament_install'
[0.602s] Level 1:colcon.colcon_core.package_identification:_identify(STM32/main/X-CUBE-53L0A1/STM32CubeExpansion_VL53L0X_V1.2.0/Projects/Multi/Applications/VL53L0X/GestureDetect/SW4STM32) by extensions ['colcon_pkg']
[0.602s] Level 1:colcon.colcon_core.package_identification:_identify(STM32/main/X-CUBE-53L0A1/STM32CubeExpansion_VL53L0X_V1.2.0/Projects/Multi/Applications/VL53L0X/GestureDetect/SW4STM32) by extension 'colcon_pkg'
[0.603s] Level 1:colcon.colcon_core.package_identification:_identify(STM32/main/X-CUBE-53L0A1/STM32CubeExpansion_VL53L0X_V1.2.0/Projects/Multi/Applications/VL53L0X/GestureDetect/SW4STM32) by extensions ['colcon_meta']
[0.603s] Level 1:colcon.colcon_core.package_identification:_identify(STM32/main/X-CUBE-53L0A1/STM32CubeExpansion_VL53L0X_V1.2.0/Projects/Multi/Applications/VL53L0X/GestureDetect/SW4STM32) by extension 'colcon_meta'
[0.603s] Level 1:colcon.colcon_core.package_identification:_identify(STM32/main/X-CUBE-53L0A1/STM32CubeExpansion_VL53L0X_V1.2.0/Projects/Multi/Applications/VL53L0X/GestureDetect/SW4STM32) by extensions ['ros']
[0.603s] Level 1:colcon.colcon_core.package_identification:_identify(STM32/main/X-CUBE-53L0A1/STM32CubeExpansion_VL53L0X_V1.2.0/Projects/Multi/Applications/VL53L0X/GestureDetect/SW4STM32) by extension 'ros'
[0.604s] Level 1:colcon.colcon_core.package_identification:_identify(STM32/main/X-CUBE-53L0A1/STM32CubeExpansion_VL53L0X_V1.2.0/Projects/Multi/Applications/VL53L0X/GestureDetect/SW4STM32) by extensions ['cmake', 'python']
[0.604s] Level 1:colcon.colcon_core.package_identification:_identify(STM32/main/X-CUBE-53L0A1/STM32CubeExpansion_VL53L0X_V1.2.0/Projects/Multi/Applications/VL53L0X/GestureDetect/SW4STM32) by extension 'cmake'
[0.604s] Level 1:colcon.colcon_core.package_identification:_identify(STM32/main/X-CUBE-53L0A1/STM32CubeExpansion_VL53L0X_V1.2.0/Projects/Multi/Applications/VL53L0X/GestureDetect/SW4STM32) by extension 'python'
[0.604s] Level 1:colcon.colcon_core.package_identification:_identify(STM32/main/X-CUBE-53L0A1/STM32CubeExpansion_VL53L0X_V1.2.0/Projects/Multi/Applications/VL53L0X/GestureDetect/SW4STM32) by extensions ['python_setup_py']
[0.604s] Level 1:colcon.colcon_core.package_identification:_identify(STM32/main/X-CUBE-53L0A1/STM32CubeExpansion_VL53L0X_V1.2.0/Projects/Multi/Applications/VL53L0X/GestureDetect/SW4STM32) by extension 'python_setup_py'
[0.604s] Level 1:colcon.colcon_core.package_identification:_identify(STM32/main/X-CUBE-53L0A1/STM32CubeExpansion_VL53L0X_V1.2.0/Projects/Multi/Applications/VL53L0X/GestureDetect/SW4STM32/STM32F401RE-Nucleo) by extensions ['ignore', 'ignore_ament_install']
[0.604s] Level 1:colcon.colcon_core.package_identification:_identify(STM32/main/X-CUBE-53L0A1/STM32CubeExpansion_VL53L0X_V1.2.0/Projects/Multi/Applications/VL53L0X/GestureDetect/SW4STM32/STM32F401RE-Nucleo) by extension 'ignore'
[0.605s] Level 1:colcon.colcon_core.package_identification:_identify(STM32/main/X-CUBE-53L0A1/STM32CubeExpansion_VL53L0X_V1.2.0/Projects/Multi/Applications/VL53L0X/GestureDetect/SW4STM32/STM32F401RE-Nucleo) by extension 'ignore_ament_install'
[0.605s] Level 1:colcon.colcon_core.package_identification:_identify(STM32/main/X-CUBE-53L0A1/STM32CubeExpansion_VL53L0X_V1.2.0/Projects/Multi/Applications/VL53L0X/GestureDetect/SW4STM32/STM32F401RE-Nucleo) by extensions ['colcon_pkg']
[0.605s] Level 1:colcon.colcon_core.package_identification:_identify(STM32/main/X-CUBE-53L0A1/STM32CubeExpansion_VL53L0X_V1.2.0/Projects/Multi/Applications/VL53L0X/GestureDetect/SW4STM32/STM32F401RE-Nucleo) by extension 'colcon_pkg'
[0.605s] Level 1:colcon.colcon_core.package_identification:_identify(STM32/main/X-CUBE-53L0A1/STM32CubeExpansion_VL53L0X_V1.2.0/Projects/Multi/Applications/VL53L0X/GestureDetect/SW4STM32/STM32F401RE-Nucleo) by extensions ['colcon_meta']
[0.605s] Level 1:colcon.colcon_core.package_identification:_identify(STM32/main/X-CUBE-53L0A1/STM32CubeExpansion_VL53L0X_V1.2.0/Projects/Multi/Applications/VL53L0X/GestureDetect/SW4STM32/STM32F401RE-Nucleo) by extension 'colcon_meta'
[0.605s] Level 1:colcon.colcon_core.package_identification:_identify(STM32/main/X-CUBE-53L0A1/STM32CubeExpansion_VL53L0X_V1.2.0/Projects/Multi/Applications/VL53L0X/GestureDetect/SW4STM32/STM32F401RE-Nucleo) by extensions ['ros']
[0.605s] Level 1:colcon.colcon_core.package_identification:_identify(STM32/main/X-CUBE-53L0A1/STM32CubeExpansion_VL53L0X_V1.2.0/Projects/Multi/Applications/VL53L0X/GestureDetect/SW4STM32/STM32F401RE-Nucleo) by extension 'ros'
[0.606s] Level 1:colcon.colcon_core.package_identification:_identify(STM32/main/X-CUBE-53L0A1/STM32CubeExpansion_VL53L0X_V1.2.0/Projects/Multi/Applications/VL53L0X/GestureDetect/SW4STM32/STM32F401RE-Nucleo) by extensions ['cmake', 'python']
[0.606s] Level 1:colcon.colcon_core.package_identification:_identify(STM32/main/X-CUBE-53L0A1/STM32CubeExpansion_VL53L0X_V1.2.0/Projects/Multi/Applications/VL53L0X/GestureDetect/SW4STM32/STM32F401RE-Nucleo) by extension 'cmake'
[0.606s] Level 1:colcon.colcon_core.package_identification:_identify(STM32/main/X-CUBE-53L0A1/STM32CubeExpansion_VL53L0X_V1.2.0/Projects/Multi/Applications/VL53L0X/GestureDetect/SW4STM32/STM32F401RE-Nucleo) by extension 'python'
[0.606s] Level 1:colcon.colcon_core.package_identification:_identify(STM32/main/X-CUBE-53L0A1/STM32CubeExpansion_VL53L0X_V1.2.0/Projects/Multi/Applications/VL53L0X/GestureDetect/SW4STM32/STM32F401RE-Nucleo) by extensions ['python_setup_py']
[0.607s] Level 1:colcon.colcon_core.package_identification:_identify(STM32/main/X-CUBE-53L0A1/STM32CubeExpansion_VL53L0X_V1.2.0/Projects/Multi/Applications/VL53L0X/GestureDetect/SW4STM32/STM32F401RE-Nucleo) by extension 'python_setup_py'
[0.607s] Level 1:colcon.colcon_core.package_identification:_identify(STM32/main/X-CUBE-53L0A1/STM32CubeExpansion_VL53L0X_V1.2.0/Projects/Multi/Applications/VL53L0X/GestureDetect/SW4STM32/STM32F401RE-Nucleo/startup) by extensions ['ignore', 'ignore_ament_install']
[0.607s] Level 1:colcon.colcon_core.package_identification:_identify(STM32/main/X-CUBE-53L0A1/STM32CubeExpansion_VL53L0X_V1.2.0/Projects/Multi/Applications/VL53L0X/GestureDetect/SW4STM32/STM32F401RE-Nucleo/startup) by extension 'ignore'
[0.608s] Level 1:colcon.colcon_core.package_identification:_identify(STM32/main/X-CUBE-53L0A1/STM32CubeExpansion_VL53L0X_V1.2.0/Projects/Multi/Applications/VL53L0X/GestureDetect/SW4STM32/STM32F401RE-Nucleo/startup) by extension 'ignore_ament_install'
[0.608s] Level 1:colcon.colcon_core.package_identification:_identify(STM32/main/X-CUBE-53L0A1/STM32CubeExpansion_VL53L0X_V1.2.0/Projects/Multi/Applications/VL53L0X/GestureDetect/SW4STM32/STM32F401RE-Nucleo/startup) by extensions ['colcon_pkg']
[0.608s] Level 1:colcon.colcon_core.package_identification:_identify(STM32/main/X-CUBE-53L0A1/STM32CubeExpansion_VL53L0X_V1.2.0/Projects/Multi/Applications/VL53L0X/GestureDetect/SW4STM32/STM32F401RE-Nucleo/startup) by extension 'colcon_pkg'
[0.609s] Level 1:colcon.colcon_core.package_identification:_identify(STM32/main/X-CUBE-53L0A1/STM32CubeExpansion_VL53L0X_V1.2.0/Projects/Multi/Applications/VL53L0X/GestureDetect/SW4STM32/STM32F401RE-Nucleo/startup) by extensions ['colcon_meta']
[0.609s] Level 1:colcon.colcon_core.package_identification:_identify(STM32/main/X-CUBE-53L0A1/STM32CubeExpansion_VL53L0X_V1.2.0/Projects/Multi/Applications/VL53L0X/GestureDetect/SW4STM32/STM32F401RE-Nucleo/startup) by extension 'colcon_meta'
[0.609s] Level 1:colcon.colcon_core.package_identification:_identify(STM32/main/X-CUBE-53L0A1/STM32CubeExpansion_VL53L0X_V1.2.0/Projects/Multi/Applications/VL53L0X/GestureDetect/SW4STM32/STM32F401RE-Nucleo/startup) by extensions ['ros']
[0.609s] Level 1:colcon.colcon_core.package_identification:_identify(STM32/main/X-CUBE-53L0A1/STM32CubeExpansion_VL53L0X_V1.2.0/Projects/Multi/Applications/VL53L0X/GestureDetect/SW4STM32/STM32F401RE-Nucleo/startup) by extension 'ros'
[0.609s] Level 1:colcon.colcon_core.package_identification:_identify(STM32/main/X-CUBE-53L0A1/STM32CubeExpansion_VL53L0X_V1.2.0/Projects/Multi/Applications/VL53L0X/GestureDetect/SW4STM32/STM32F401RE-Nucleo/startup) by extensions ['cmake', 'python']
[0.609s] Level 1:colcon.colcon_core.package_identification:_identify(STM32/main/X-CUBE-53L0A1/STM32CubeExpansion_VL53L0X_V1.2.0/Projects/Multi/Applications/VL53L0X/GestureDetect/SW4STM32/STM32F401RE-Nucleo/startup) by extension 'cmake'
[0.609s] Level 1:colcon.colcon_core.package_identification:_identify(STM32/main/X-CUBE-53L0A1/STM32CubeExpansion_VL53L0X_V1.2.0/Projects/Multi/Applications/VL53L0X/GestureDetect/SW4STM32/STM32F401RE-Nucleo/startup) by extension 'python'
[0.610s] Level 1:colcon.colcon_core.package_identification:_identify(STM32/main/X-CUBE-53L0A1/STM32CubeExpansion_VL53L0X_V1.2.0/Projects/Multi/Applications/VL53L0X/GestureDetect/SW4STM32/STM32F401RE-Nucleo/startup) by extensions ['python_setup_py']
[0.610s] Level 1:colcon.colcon_core.package_identification:_identify(STM32/main/X-CUBE-53L0A1/STM32CubeExpansion_VL53L0X_V1.2.0/Projects/Multi/Applications/VL53L0X/GestureDetect/SW4STM32/STM32F401RE-Nucleo/startup) by extension 'python_setup_py'
[0.610s] Level 1:colcon.colcon_core.package_identification:_identify(STM32/main/X-CUBE-53L0A1/STM32CubeExpansion_VL53L0X_V1.2.0/Projects/Multi/Applications/VL53L0X/GestureDetect/SW4STM32/STM32L476RG-Nucleo) by extensions ['ignore', 'ignore_ament_install']
[0.610s] Level 1:colcon.colcon_core.package_identification:_identify(STM32/main/X-CUBE-53L0A1/STM32CubeExpansion_VL53L0X_V1.2.0/Projects/Multi/Applications/VL53L0X/GestureDetect/SW4STM32/STM32L476RG-Nucleo) by extension 'ignore'
[0.610s] Level 1:colcon.colcon_core.package_identification:_identify(STM32/main/X-CUBE-53L0A1/STM32CubeExpansion_VL53L0X_V1.2.0/Projects/Multi/Applications/VL53L0X/GestureDetect/SW4STM32/STM32L476RG-Nucleo) by extension 'ignore_ament_install'
[0.610s] Level 1:colcon.colcon_core.package_identification:_identify(STM32/main/X-CUBE-53L0A1/STM32CubeExpansion_VL53L0X_V1.2.0/Projects/Multi/Applications/VL53L0X/GestureDetect/SW4STM32/STM32L476RG-Nucleo) by extensions ['colcon_pkg']
[0.610s] Level 1:colcon.colcon_core.package_identification:_identify(STM32/main/X-CUBE-53L0A1/STM32CubeExpansion_VL53L0X_V1.2.0/Projects/Multi/Applications/VL53L0X/GestureDetect/SW4STM32/STM32L476RG-Nucleo) by extension 'colcon_pkg'
[0.610s] Level 1:colcon.colcon_core.package_identification:_identify(STM32/main/X-CUBE-53L0A1/STM32CubeExpansion_VL53L0X_V1.2.0/Projects/Multi/Applications/VL53L0X/GestureDetect/SW4STM32/STM32L476RG-Nucleo) by extensions ['colcon_meta']
[0.610s] Level 1:colcon.colcon_core.package_identification:_identify(STM32/main/X-CUBE-53L0A1/STM32CubeExpansion_VL53L0X_V1.2.0/Projects/Multi/Applications/VL53L0X/GestureDetect/SW4STM32/STM32L476RG-Nucleo) by extension 'colcon_meta'
[0.611s] Level 1:colcon.colcon_core.package_identification:_identify(STM32/main/X-CUBE-53L0A1/STM32CubeExpansion_VL53L0X_V1.2.0/Projects/Multi/Applications/VL53L0X/GestureDetect/SW4STM32/STM32L476RG-Nucleo) by extensions ['ros']
[0.611s] Level 1:colcon.colcon_core.package_identification:_identify(STM32/main/X-CUBE-53L0A1/STM32CubeExpansion_VL53L0X_V1.2.0/Projects/Multi/Applications/VL53L0X/GestureDetect/SW4STM32/STM32L476RG-Nucleo) by extension 'ros'
[0.611s] Level 1:colcon.colcon_core.package_identification:_identify(STM32/main/X-CUBE-53L0A1/STM32CubeExpansion_VL53L0X_V1.2.0/Projects/Multi/Applications/VL53L0X/GestureDetect/SW4STM32/STM32L476RG-Nucleo) by extensions ['cmake', 'python']
[0.611s] Level 1:colcon.colcon_core.package_identification:_identify(STM32/main/X-CUBE-53L0A1/STM32CubeExpansion_VL53L0X_V1.2.0/Projects/Multi/Applications/VL53L0X/GestureDetect/SW4STM32/STM32L476RG-Nucleo) by extension 'cmake'
[0.611s] Level 1:colcon.colcon_core.package_identification:_identify(STM32/main/X-CUBE-53L0A1/STM32CubeExpansion_VL53L0X_V1.2.0/Projects/Multi/Applications/VL53L0X/GestureDetect/SW4STM32/STM32L476RG-Nucleo) by extension 'python'
[0.611s] Level 1:colcon.colcon_core.package_identification:_identify(STM32/main/X-CUBE-53L0A1/STM32CubeExpansion_VL53L0X_V1.2.0/Projects/Multi/Applications/VL53L0X/GestureDetect/SW4STM32/STM32L476RG-Nucleo) by extensions ['python_setup_py']
[0.611s] Level 1:colcon.colcon_core.package_identification:_identify(STM32/main/X-CUBE-53L0A1/STM32CubeExpansion_VL53L0X_V1.2.0/Projects/Multi/Applications/VL53L0X/GestureDetect/SW4STM32/STM32L476RG-Nucleo) by extension 'python_setup_py'
[0.612s] Level 1:colcon.colcon_core.package_identification:_identify(STM32/main/X-CUBE-53L0A1/STM32CubeExpansion_VL53L0X_V1.2.0/Projects/Multi/Applications/VL53L0X/GestureDetect/Src) by extensions ['ignore', 'ignore_ament_install']
[0.612s] Level 1:colcon.colcon_core.package_identification:_identify(STM32/main/X-CUBE-53L0A1/STM32CubeExpansion_VL53L0X_V1.2.0/Projects/Multi/Applications/VL53L0X/GestureDetect/Src) by extension 'ignore'
[0.613s] Level 1:colcon.colcon_core.package_identification:_identify(STM32/main/X-CUBE-53L0A1/STM32CubeExpansion_VL53L0X_V1.2.0/Projects/Multi/Applications/VL53L0X/GestureDetect/Src) by extension 'ignore_ament_install'
[0.613s] Level 1:colcon.colcon_core.package_identification:_identify(STM32/main/X-CUBE-53L0A1/STM32CubeExpansion_VL53L0X_V1.2.0/Projects/Multi/Applications/VL53L0X/GestureDetect/Src) by extensions ['colcon_pkg']
[0.613s] Level 1:colcon.colcon_core.package_identification:_identify(STM32/main/X-CUBE-53L0A1/STM32CubeExpansion_VL53L0X_V1.2.0/Projects/Multi/Applications/VL53L0X/GestureDetect/Src) by extension 'colcon_pkg'
[0.613s] Level 1:colcon.colcon_core.package_identification:_identify(STM32/main/X-CUBE-53L0A1/STM32CubeExpansion_VL53L0X_V1.2.0/Projects/Multi/Applications/VL53L0X/GestureDetect/Src) by extensions ['colcon_meta']
[0.614s] Level 1:colcon.colcon_core.package_identification:_identify(STM32/main/X-CUBE-53L0A1/STM32CubeExpansion_VL53L0X_V1.2.0/Projects/Multi/Applications/VL53L0X/GestureDetect/Src) by extension 'colcon_meta'
[0.614s] Level 1:colcon.colcon_core.package_identification:_identify(STM32/main/X-CUBE-53L0A1/STM32CubeExpansion_VL53L0X_V1.2.0/Projects/Multi/Applications/VL53L0X/GestureDetect/Src) by extensions ['ros']
[0.614s] Level 1:colcon.colcon_core.package_identification:_identify(STM32/main/X-CUBE-53L0A1/STM32CubeExpansion_VL53L0X_V1.2.0/Projects/Multi/Applications/VL53L0X/GestureDetect/Src) by extension 'ros'
[0.614s] Level 1:colcon.colcon_core.package_identification:_identify(STM32/main/X-CUBE-53L0A1/STM32CubeExpansion_VL53L0X_V1.2.0/Projects/Multi/Applications/VL53L0X/GestureDetect/Src) by extensions ['cmake', 'python']
[0.615s] Level 1:colcon.colcon_core.package_identification:_identify(STM32/main/X-CUBE-53L0A1/STM32CubeExpansion_VL53L0X_V1.2.0/Projects/Multi/Applications/VL53L0X/GestureDetect/Src) by extension 'cmake'
[0.615s] Level 1:colcon.colcon_core.package_identification:_identify(STM32/main/X-CUBE-53L0A1/STM32CubeExpansion_VL53L0X_V1.2.0/Projects/Multi/Applications/VL53L0X/GestureDetect/Src) by extension 'python'
[0.615s] Level 1:colcon.colcon_core.package_identification:_identify(STM32/main/X-CUBE-53L0A1/STM32CubeExpansion_VL53L0X_V1.2.0/Projects/Multi/Applications/VL53L0X/GestureDetect/Src) by extensions ['python_setup_py']
[0.615s] Level 1:colcon.colcon_core.package_identification:_identify(STM32/main/X-CUBE-53L0A1/STM32CubeExpansion_VL53L0X_V1.2.0/Projects/Multi/Applications/VL53L0X/GestureDetect/Src) by extension 'python_setup_py'
[0.615s] Level 1:colcon.colcon_core.package_identification:_identify(STM32/main/X-CUBE-53L0A1/STM32CubeExpansion_VL53L0X_V1.2.0/Projects/Multi/Examples) by extensions ['ignore', 'ignore_ament_install']
[0.615s] Level 1:colcon.colcon_core.package_identification:_identify(STM32/main/X-CUBE-53L0A1/STM32CubeExpansion_VL53L0X_V1.2.0/Projects/Multi/Examples) by extension 'ignore'
[0.616s] Level 1:colcon.colcon_core.package_identification:_identify(STM32/main/X-CUBE-53L0A1/STM32CubeExpansion_VL53L0X_V1.2.0/Projects/Multi/Examples) by extension 'ignore_ament_install'
[0.616s] Level 1:colcon.colcon_core.package_identification:_identify(STM32/main/X-CUBE-53L0A1/STM32CubeExpansion_VL53L0X_V1.2.0/Projects/Multi/Examples) by extensions ['colcon_pkg']
[0.616s] Level 1:colcon.colcon_core.package_identification:_identify(STM32/main/X-CUBE-53L0A1/STM32CubeExpansion_VL53L0X_V1.2.0/Projects/Multi/Examples) by extension 'colcon_pkg'
[0.616s] Level 1:colcon.colcon_core.package_identification:_identify(STM32/main/X-CUBE-53L0A1/STM32CubeExpansion_VL53L0X_V1.2.0/Projects/Multi/Examples) by extensions ['colcon_meta']
[0.616s] Level 1:colcon.colcon_core.package_identification:_identify(STM32/main/X-CUBE-53L0A1/STM32CubeExpansion_VL53L0X_V1.2.0/Projects/Multi/Examples) by extension 'colcon_meta'
[0.616s] Level 1:colcon.colcon_core.package_identification:_identify(STM32/main/X-CUBE-53L0A1/STM32CubeExpansion_VL53L0X_V1.2.0/Projects/Multi/Examples) by extensions ['ros']
[0.616s] Level 1:colcon.colcon_core.package_identification:_identify(STM32/main/X-CUBE-53L0A1/STM32CubeExpansion_VL53L0X_V1.2.0/Projects/Multi/Examples) by extension 'ros'
[0.616s] Level 1:colcon.colcon_core.package_identification:_identify(STM32/main/X-CUBE-53L0A1/STM32CubeExpansion_VL53L0X_V1.2.0/Projects/Multi/Examples) by extensions ['cmake', 'python']
[0.616s] Level 1:colcon.colcon_core.package_identification:_identify(STM32/main/X-CUBE-53L0A1/STM32CubeExpansion_VL53L0X_V1.2.0/Projects/Multi/Examples) by extension 'cmake'
[0.616s] Level 1:colcon.colcon_core.package_identification:_identify(STM32/main/X-CUBE-53L0A1/STM32CubeExpansion_VL53L0X_V1.2.0/Projects/Multi/Examples) by extension 'python'
[0.617s] Level 1:colcon.colcon_core.package_identification:_identify(STM32/main/X-CUBE-53L0A1/STM32CubeExpansion_VL53L0X_V1.2.0/Projects/Multi/Examples) by extensions ['python_setup_py']
[0.617s] Level 1:colcon.colcon_core.package_identification:_identify(STM32/main/X-CUBE-53L0A1/STM32CubeExpansion_VL53L0X_V1.2.0/Projects/Multi/Examples) by extension 'python_setup_py'
[0.617s] Level 1:colcon.colcon_core.package_identification:_identify(STM32/main/X-CUBE-53L0A1/STM32CubeExpansion_VL53L0X_V1.2.0/Projects/Multi/Examples/VL53L0X) by extensions ['ignore', 'ignore_ament_install']
[0.617s] Level 1:colcon.colcon_core.package_identification:_identify(STM32/main/X-CUBE-53L0A1/STM32CubeExpansion_VL53L0X_V1.2.0/Projects/Multi/Examples/VL53L0X) by extension 'ignore'
[0.617s] Level 1:colcon.colcon_core.package_identification:_identify(STM32/main/X-CUBE-53L0A1/STM32CubeExpansion_VL53L0X_V1.2.0/Projects/Multi/Examples/VL53L0X) by extension 'ignore_ament_install'
[0.618s] Level 1:colcon.colcon_core.package_identification:_identify(STM32/main/X-CUBE-53L0A1/STM32CubeExpansion_VL53L0X_V1.2.0/Projects/Multi/Examples/VL53L0X) by extensions ['colcon_pkg']
[0.618s] Level 1:colcon.colcon_core.package_identification:_identify(STM32/main/X-CUBE-53L0A1/STM32CubeExpansion_VL53L0X_V1.2.0/Projects/Multi/Examples/VL53L0X) by extension 'colcon_pkg'
[0.618s] Level 1:colcon.colcon_core.package_identification:_identify(STM32/main/X-CUBE-53L0A1/STM32CubeExpansion_VL53L0X_V1.2.0/Projects/Multi/Examples/VL53L0X) by extensions ['colcon_meta']
[0.618s] Level 1:colcon.colcon_core.package_identification:_identify(STM32/main/X-CUBE-53L0A1/STM32CubeExpansion_VL53L0X_V1.2.0/Projects/Multi/Examples/VL53L0X) by extension 'colcon_meta'
[0.619s] Level 1:colcon.colcon_core.package_identification:_identify(STM32/main/X-CUBE-53L0A1/STM32CubeExpansion_VL53L0X_V1.2.0/Projects/Multi/Examples/VL53L0X) by extensions ['ros']
[0.619s] Level 1:colcon.colcon_core.package_identification:_identify(STM32/main/X-CUBE-53L0A1/STM32CubeExpansion_VL53L0X_V1.2.0/Projects/Multi/Examples/VL53L0X) by extension 'ros'
[0.619s] Level 1:colcon.colcon_core.package_identification:_identify(STM32/main/X-CUBE-53L0A1/STM32CubeExpansion_VL53L0X_V1.2.0/Projects/Multi/Examples/VL53L0X) by extensions ['cmake', 'python']
[0.619s] Level 1:colcon.colcon_core.package_identification:_identify(STM32/main/X-CUBE-53L0A1/STM32CubeExpansion_VL53L0X_V1.2.0/Projects/Multi/Examples/VL53L0X) by extension 'cmake'
[0.620s] Level 1:colcon.colcon_core.package_identification:_identify(STM32/main/X-CUBE-53L0A1/STM32CubeExpansion_VL53L0X_V1.2.0/Projects/Multi/Examples/VL53L0X) by extension 'python'
[0.620s] Level 1:colcon.colcon_core.package_identification:_identify(STM32/main/X-CUBE-53L0A1/STM32CubeExpansion_VL53L0X_V1.2.0/Projects/Multi/Examples/VL53L0X) by extensions ['python_setup_py']
[0.620s] Level 1:colcon.colcon_core.package_identification:_identify(STM32/main/X-CUBE-53L0A1/STM32CubeExpansion_VL53L0X_V1.2.0/Projects/Multi/Examples/VL53L0X) by extension 'python_setup_py'
[0.621s] Level 1:colcon.colcon_core.package_identification:_identify(STM32/main/X-CUBE-53L0A1/STM32CubeExpansion_VL53L0X_V1.2.0/Projects/Multi/Examples/VL53L0X/RangingWithSatellites) by extensions ['ignore', 'ignore_ament_install']
[0.621s] Level 1:colcon.colcon_core.package_identification:_identify(STM32/main/X-CUBE-53L0A1/STM32CubeExpansion_VL53L0X_V1.2.0/Projects/Multi/Examples/VL53L0X/RangingWithSatellites) by extension 'ignore'
[0.621s] Level 1:colcon.colcon_core.package_identification:_identify(STM32/main/X-CUBE-53L0A1/STM32CubeExpansion_VL53L0X_V1.2.0/Projects/Multi/Examples/VL53L0X/RangingWithSatellites) by extension 'ignore_ament_install'
[0.622s] Level 1:colcon.colcon_core.package_identification:_identify(STM32/main/X-CUBE-53L0A1/STM32CubeExpansion_VL53L0X_V1.2.0/Projects/Multi/Examples/VL53L0X/RangingWithSatellites) by extensions ['colcon_pkg']
[0.622s] Level 1:colcon.colcon_core.package_identification:_identify(STM32/main/X-CUBE-53L0A1/STM32CubeExpansion_VL53L0X_V1.2.0/Projects/Multi/Examples/VL53L0X/RangingWithSatellites) by extension 'colcon_pkg'
[0.622s] Level 1:colcon.colcon_core.package_identification:_identify(STM32/main/X-CUBE-53L0A1/STM32CubeExpansion_VL53L0X_V1.2.0/Projects/Multi/Examples/VL53L0X/RangingWithSatellites) by extensions ['colcon_meta']
[0.622s] Level 1:colcon.colcon_core.package_identification:_identify(STM32/main/X-CUBE-53L0A1/STM32CubeExpansion_VL53L0X_V1.2.0/Projects/Multi/Examples/VL53L0X/RangingWithSatellites) by extension 'colcon_meta'
[0.622s] Level 1:colcon.colcon_core.package_identification:_identify(STM32/main/X-CUBE-53L0A1/STM32CubeExpansion_VL53L0X_V1.2.0/Projects/Multi/Examples/VL53L0X/RangingWithSatellites) by extensions ['ros']
[0.622s] Level 1:colcon.colcon_core.package_identification:_identify(STM32/main/X-CUBE-53L0A1/STM32CubeExpansion_VL53L0X_V1.2.0/Projects/Multi/Examples/VL53L0X/RangingWithSatellites) by extension 'ros'
[0.622s] Level 1:colcon.colcon_core.package_identification:_identify(STM32/main/X-CUBE-53L0A1/STM32CubeExpansion_VL53L0X_V1.2.0/Projects/Multi/Examples/VL53L0X/RangingWithSatellites) by extensions ['cmake', 'python']
[0.622s] Level 1:colcon.colcon_core.package_identification:_identify(STM32/main/X-CUBE-53L0A1/STM32CubeExpansion_VL53L0X_V1.2.0/Projects/Multi/Examples/VL53L0X/RangingWithSatellites) by extension 'cmake'
[0.623s] Level 1:colcon.colcon_core.package_identification:_identify(STM32/main/X-CUBE-53L0A1/STM32CubeExpansion_VL53L0X_V1.2.0/Projects/Multi/Examples/VL53L0X/RangingWithSatellites) by extension 'python'
[0.623s] Level 1:colcon.colcon_core.package_identification:_identify(STM32/main/X-CUBE-53L0A1/STM32CubeExpansion_VL53L0X_V1.2.0/Projects/Multi/Examples/VL53L0X/RangingWithSatellites) by extensions ['python_setup_py']
[0.623s] Level 1:colcon.colcon_core.package_identification:_identify(STM32/main/X-CUBE-53L0A1/STM32CubeExpansion_VL53L0X_V1.2.0/Projects/Multi/Examples/VL53L0X/RangingWithSatellites) by extension 'python_setup_py'
[0.623s] Level 1:colcon.colcon_core.package_identification:_identify(STM32/main/X-CUBE-53L0A1/STM32CubeExpansion_VL53L0X_V1.2.0/Projects/Multi/Examples/VL53L0X/RangingWithSatellites/Binary) by extensions ['ignore', 'ignore_ament_install']
[0.623s] Level 1:colcon.colcon_core.package_identification:_identify(STM32/main/X-CUBE-53L0A1/STM32CubeExpansion_VL53L0X_V1.2.0/Projects/Multi/Examples/VL53L0X/RangingWithSatellites/Binary) by extension 'ignore'
[0.623s] Level 1:colcon.colcon_core.package_identification:_identify(STM32/main/X-CUBE-53L0A1/STM32CubeExpansion_VL53L0X_V1.2.0/Projects/Multi/Examples/VL53L0X/RangingWithSatellites/Binary) by extension 'ignore_ament_install'
[0.623s] Level 1:colcon.colcon_core.package_identification:_identify(STM32/main/X-CUBE-53L0A1/STM32CubeExpansion_VL53L0X_V1.2.0/Projects/Multi/Examples/VL53L0X/RangingWithSatellites/Binary) by extensions ['colcon_pkg']
[0.623s] Level 1:colcon.colcon_core.package_identification:_identify(STM32/main/X-CUBE-53L0A1/STM32CubeExpansion_VL53L0X_V1.2.0/Projects/Multi/Examples/VL53L0X/RangingWithSatellites/Binary) by extension 'colcon_pkg'
[0.623s] Level 1:colcon.colcon_core.package_identification:_identify(STM32/main/X-CUBE-53L0A1/STM32CubeExpansion_VL53L0X_V1.2.0/Projects/Multi/Examples/VL53L0X/RangingWithSatellites/Binary) by extensions ['colcon_meta']
[0.623s] Level 1:colcon.colcon_core.package_identification:_identify(STM32/main/X-CUBE-53L0A1/STM32CubeExpansion_VL53L0X_V1.2.0/Projects/Multi/Examples/VL53L0X/RangingWithSatellites/Binary) by extension 'colcon_meta'
[0.623s] Level 1:colcon.colcon_core.package_identification:_identify(STM32/main/X-CUBE-53L0A1/STM32CubeExpansion_VL53L0X_V1.2.0/Projects/Multi/Examples/VL53L0X/RangingWithSatellites/Binary) by extensions ['ros']
[0.623s] Level 1:colcon.colcon_core.package_identification:_identify(STM32/main/X-CUBE-53L0A1/STM32CubeExpansion_VL53L0X_V1.2.0/Projects/Multi/Examples/VL53L0X/RangingWithSatellites/Binary) by extension 'ros'
[0.624s] Level 1:colcon.colcon_core.package_identification:_identify(STM32/main/X-CUBE-53L0A1/STM32CubeExpansion_VL53L0X_V1.2.0/Projects/Multi/Examples/VL53L0X/RangingWithSatellites/Binary) by extensions ['cmake', 'python']
[0.624s] Level 1:colcon.colcon_core.package_identification:_identify(STM32/main/X-CUBE-53L0A1/STM32CubeExpansion_VL53L0X_V1.2.0/Projects/Multi/Examples/VL53L0X/RangingWithSatellites/Binary) by extension 'cmake'
[0.624s] Level 1:colcon.colcon_core.package_identification:_identify(STM32/main/X-CUBE-53L0A1/STM32CubeExpansion_VL53L0X_V1.2.0/Projects/Multi/Examples/VL53L0X/RangingWithSatellites/Binary) by extension 'python'
[0.624s] Level 1:colcon.colcon_core.package_identification:_identify(STM32/main/X-CUBE-53L0A1/STM32CubeExpansion_VL53L0X_V1.2.0/Projects/Multi/Examples/VL53L0X/RangingWithSatellites/Binary) by extensions ['python_setup_py']
[0.624s] Level 1:colcon.colcon_core.package_identification:_identify(STM32/main/X-CUBE-53L0A1/STM32CubeExpansion_VL53L0X_V1.2.0/Projects/Multi/Examples/VL53L0X/RangingWithSatellites/Binary) by extension 'python_setup_py'
[0.624s] Level 1:colcon.colcon_core.package_identification:_identify(STM32/main/X-CUBE-53L0A1/STM32CubeExpansion_VL53L0X_V1.2.0/Projects/Multi/Examples/VL53L0X/RangingWithSatellites/EWARM) by extensions ['ignore', 'ignore_ament_install']
[0.624s] Level 1:colcon.colcon_core.package_identification:_identify(STM32/main/X-CUBE-53L0A1/STM32CubeExpansion_VL53L0X_V1.2.0/Projects/Multi/Examples/VL53L0X/RangingWithSatellites/EWARM) by extension 'ignore'
[0.625s] Level 1:colcon.colcon_core.package_identification:_identify(STM32/main/X-CUBE-53L0A1/STM32CubeExpansion_VL53L0X_V1.2.0/Projects/Multi/Examples/VL53L0X/RangingWithSatellites/EWARM) by extension 'ignore_ament_install'
[0.625s] Level 1:colcon.colcon_core.package_identification:_identify(STM32/main/X-CUBE-53L0A1/STM32CubeExpansion_VL53L0X_V1.2.0/Projects/Multi/Examples/VL53L0X/RangingWithSatellites/EWARM) by extensions ['colcon_pkg']
[0.625s] Level 1:colcon.colcon_core.package_identification:_identify(STM32/main/X-CUBE-53L0A1/STM32CubeExpansion_VL53L0X_V1.2.0/Projects/Multi/Examples/VL53L0X/RangingWithSatellites/EWARM) by extension 'colcon_pkg'
[0.625s] Level 1:colcon.colcon_core.package_identification:_identify(STM32/main/X-CUBE-53L0A1/STM32CubeExpansion_VL53L0X_V1.2.0/Projects/Multi/Examples/VL53L0X/RangingWithSatellites/EWARM) by extensions ['colcon_meta']
[0.626s] Level 1:colcon.colcon_core.package_identification:_identify(STM32/main/X-CUBE-53L0A1/STM32CubeExpansion_VL53L0X_V1.2.0/Projects/Multi/Examples/VL53L0X/RangingWithSatellites/EWARM) by extension 'colcon_meta'
[0.626s] Level 1:colcon.colcon_core.package_identification:_identify(STM32/main/X-CUBE-53L0A1/STM32CubeExpansion_VL53L0X_V1.2.0/Projects/Multi/Examples/VL53L0X/RangingWithSatellites/EWARM) by extensions ['ros']
[0.626s] Level 1:colcon.colcon_core.package_identification:_identify(STM32/main/X-CUBE-53L0A1/STM32CubeExpansion_VL53L0X_V1.2.0/Projects/Multi/Examples/VL53L0X/RangingWithSatellites/EWARM) by extension 'ros'
[0.626s] Level 1:colcon.colcon_core.package_identification:_identify(STM32/main/X-CUBE-53L0A1/STM32CubeExpansion_VL53L0X_V1.2.0/Projects/Multi/Examples/VL53L0X/RangingWithSatellites/EWARM) by extensions ['cmake', 'python']
[0.627s] Level 1:colcon.colcon_core.package_identification:_identify(STM32/main/X-CUBE-53L0A1/STM32CubeExpansion_VL53L0X_V1.2.0/Projects/Multi/Examples/VL53L0X/RangingWithSatellites/EWARM) by extension 'cmake'
[0.627s] Level 1:colcon.colcon_core.package_identification:_identify(STM32/main/X-CUBE-53L0A1/STM32CubeExpansion_VL53L0X_V1.2.0/Projects/Multi/Examples/VL53L0X/RangingWithSatellites/EWARM) by extension 'python'
[0.627s] Level 1:colcon.colcon_core.package_identification:_identify(STM32/main/X-CUBE-53L0A1/STM32CubeExpansion_VL53L0X_V1.2.0/Projects/Multi/Examples/VL53L0X/RangingWithSatellites/EWARM) by extensions ['python_setup_py']
[0.628s] Level 1:colcon.colcon_core.package_identification:_identify(STM32/main/X-CUBE-53L0A1/STM32CubeExpansion_VL53L0X_V1.2.0/Projects/Multi/Examples/VL53L0X/RangingWithSatellites/EWARM) by extension 'python_setup_py'
[0.628s] Level 1:colcon.colcon_core.package_identification:_identify(STM32/main/X-CUBE-53L0A1/STM32CubeExpansion_VL53L0X_V1.2.0/Projects/Multi/Examples/VL53L0X/RangingWithSatellites/EWARM/STM32F401RE-Nucleo) by extensions ['ignore', 'ignore_ament_install']
[0.629s] Level 1:colcon.colcon_core.package_identification:_identify(STM32/main/X-CUBE-53L0A1/STM32CubeExpansion_VL53L0X_V1.2.0/Projects/Multi/Examples/VL53L0X/RangingWithSatellites/EWARM/STM32F401RE-Nucleo) by extension 'ignore'
[0.629s] Level 1:colcon.colcon_core.package_identification:_identify(STM32/main/X-CUBE-53L0A1/STM32CubeExpansion_VL53L0X_V1.2.0/Projects/Multi/Examples/VL53L0X/RangingWithSatellites/EWARM/STM32F401RE-Nucleo) by extension 'ignore_ament_install'
[0.629s] Level 1:colcon.colcon_core.package_identification:_identify(STM32/main/X-CUBE-53L0A1/STM32CubeExpansion_VL53L0X_V1.2.0/Projects/Multi/Examples/VL53L0X/RangingWithSatellites/EWARM/STM32F401RE-Nucleo) by extensions ['colcon_pkg']
[0.630s] Level 1:colcon.colcon_core.package_identification:_identify(STM32/main/X-CUBE-53L0A1/STM32CubeExpansion_VL53L0X_V1.2.0/Projects/Multi/Examples/VL53L0X/RangingWithSatellites/EWARM/STM32F401RE-Nucleo) by extension 'colcon_pkg'
[0.630s] Level 1:colcon.colcon_core.package_identification:_identify(STM32/main/X-CUBE-53L0A1/STM32CubeExpansion_VL53L0X_V1.2.0/Projects/Multi/Examples/VL53L0X/RangingWithSatellites/EWARM/STM32F401RE-Nucleo) by extensions ['colcon_meta']
[0.630s] Level 1:colcon.colcon_core.package_identification:_identify(STM32/main/X-CUBE-53L0A1/STM32CubeExpansion_VL53L0X_V1.2.0/Projects/Multi/Examples/VL53L0X/RangingWithSatellites/EWARM/STM32F401RE-Nucleo) by extension 'colcon_meta'
[0.630s] Level 1:colcon.colcon_core.package_identification:_identify(STM32/main/X-CUBE-53L0A1/STM32CubeExpansion_VL53L0X_V1.2.0/Projects/Multi/Examples/VL53L0X/RangingWithSatellites/EWARM/STM32F401RE-Nucleo) by extensions ['ros']
[0.630s] Level 1:colcon.colcon_core.package_identification:_identify(STM32/main/X-CUBE-53L0A1/STM32CubeExpansion_VL53L0X_V1.2.0/Projects/Multi/Examples/VL53L0X/RangingWithSatellites/EWARM/STM32F401RE-Nucleo) by extension 'ros'
[0.631s] Level 1:colcon.colcon_core.package_identification:_identify(STM32/main/X-CUBE-53L0A1/STM32CubeExpansion_VL53L0X_V1.2.0/Projects/Multi/Examples/VL53L0X/RangingWithSatellites/EWARM/STM32F401RE-Nucleo) by extensions ['cmake', 'python']
[0.631s] Level 1:colcon.colcon_core.package_identification:_identify(STM32/main/X-CUBE-53L0A1/STM32CubeExpansion_VL53L0X_V1.2.0/Projects/Multi/Examples/VL53L0X/RangingWithSatellites/EWARM/STM32F401RE-Nucleo) by extension 'cmake'
[0.631s] Level 1:colcon.colcon_core.package_identification:_identify(STM32/main/X-CUBE-53L0A1/STM32CubeExpansion_VL53L0X_V1.2.0/Projects/Multi/Examples/VL53L0X/RangingWithSatellites/EWARM/STM32F401RE-Nucleo) by extension 'python'
[0.631s] Level 1:colcon.colcon_core.package_identification:_identify(STM32/main/X-CUBE-53L0A1/STM32CubeExpansion_VL53L0X_V1.2.0/Projects/Multi/Examples/VL53L0X/RangingWithSatellites/EWARM/STM32F401RE-Nucleo) by extensions ['python_setup_py']
[0.631s] Level 1:colcon.colcon_core.package_identification:_identify(STM32/main/X-CUBE-53L0A1/STM32CubeExpansion_VL53L0X_V1.2.0/Projects/Multi/Examples/VL53L0X/RangingWithSatellites/EWARM/STM32F401RE-Nucleo) by extension 'python_setup_py'
[0.631s] Level 1:colcon.colcon_core.package_identification:_identify(STM32/main/X-CUBE-53L0A1/STM32CubeExpansion_VL53L0X_V1.2.0/Projects/Multi/Examples/VL53L0X/RangingWithSatellites/EWARM/STM32L476RG-Nucleo) by extensions ['ignore', 'ignore_ament_install']
[0.631s] Level 1:colcon.colcon_core.package_identification:_identify(STM32/main/X-CUBE-53L0A1/STM32CubeExpansion_VL53L0X_V1.2.0/Projects/Multi/Examples/VL53L0X/RangingWithSatellites/EWARM/STM32L476RG-Nucleo) by extension 'ignore'
[0.632s] Level 1:colcon.colcon_core.package_identification:_identify(STM32/main/X-CUBE-53L0A1/STM32CubeExpansion_VL53L0X_V1.2.0/Projects/Multi/Examples/VL53L0X/RangingWithSatellites/EWARM/STM32L476RG-Nucleo) by extension 'ignore_ament_install'
[0.632s] Level 1:colcon.colcon_core.package_identification:_identify(STM32/main/X-CUBE-53L0A1/STM32CubeExpansion_VL53L0X_V1.2.0/Projects/Multi/Examples/VL53L0X/RangingWithSatellites/EWARM/STM32L476RG-Nucleo) by extensions ['colcon_pkg']
[0.632s] Level 1:colcon.colcon_core.package_identification:_identify(STM32/main/X-CUBE-53L0A1/STM32CubeExpansion_VL53L0X_V1.2.0/Projects/Multi/Examples/VL53L0X/RangingWithSatellites/EWARM/STM32L476RG-Nucleo) by extension 'colcon_pkg'
[0.633s] Level 1:colcon.colcon_core.package_identification:_identify(STM32/main/X-CUBE-53L0A1/STM32CubeExpansion_VL53L0X_V1.2.0/Projects/Multi/Examples/VL53L0X/RangingWithSatellites/EWARM/STM32L476RG-Nucleo) by extensions ['colcon_meta']
[0.633s] Level 1:colcon.colcon_core.package_identification:_identify(STM32/main/X-CUBE-53L0A1/STM32CubeExpansion_VL53L0X_V1.2.0/Projects/Multi/Examples/VL53L0X/RangingWithSatellites/EWARM/STM32L476RG-Nucleo) by extension 'colcon_meta'
[0.633s] Level 1:colcon.colcon_core.package_identification:_identify(STM32/main/X-CUBE-53L0A1/STM32CubeExpansion_VL53L0X_V1.2.0/Projects/Multi/Examples/VL53L0X/RangingWithSatellites/EWARM/STM32L476RG-Nucleo) by extensions ['ros']
[0.633s] Level 1:colcon.colcon_core.package_identification:_identify(STM32/main/X-CUBE-53L0A1/STM32CubeExpansion_VL53L0X_V1.2.0/Projects/Multi/Examples/VL53L0X/RangingWithSatellites/EWARM/STM32L476RG-Nucleo) by extension 'ros'
[0.634s] Level 1:colcon.colcon_core.package_identification:_identify(STM32/main/X-CUBE-53L0A1/STM32CubeExpansion_VL53L0X_V1.2.0/Projects/Multi/Examples/VL53L0X/RangingWithSatellites/EWARM/STM32L476RG-Nucleo) by extensions ['cmake', 'python']
[0.634s] Level 1:colcon.colcon_core.package_identification:_identify(STM32/main/X-CUBE-53L0A1/STM32CubeExpansion_VL53L0X_V1.2.0/Projects/Multi/Examples/VL53L0X/RangingWithSatellites/EWARM/STM32L476RG-Nucleo) by extension 'cmake'
[0.634s] Level 1:colcon.colcon_core.package_identification:_identify(STM32/main/X-CUBE-53L0A1/STM32CubeExpansion_VL53L0X_V1.2.0/Projects/Multi/Examples/VL53L0X/RangingWithSatellites/EWARM/STM32L476RG-Nucleo) by extension 'python'
[0.634s] Level 1:colcon.colcon_core.package_identification:_identify(STM32/main/X-CUBE-53L0A1/STM32CubeExpansion_VL53L0X_V1.2.0/Projects/Multi/Examples/VL53L0X/RangingWithSatellites/EWARM/STM32L476RG-Nucleo) by extensions ['python_setup_py']
[0.634s] Level 1:colcon.colcon_core.package_identification:_identify(STM32/main/X-CUBE-53L0A1/STM32CubeExpansion_VL53L0X_V1.2.0/Projects/Multi/Examples/VL53L0X/RangingWithSatellites/EWARM/STM32L476RG-Nucleo) by extension 'python_setup_py'
[0.635s] Level 1:colcon.colcon_core.package_identification:_identify(STM32/main/X-CUBE-53L0A1/STM32CubeExpansion_VL53L0X_V1.2.0/Projects/Multi/Examples/VL53L0X/RangingWithSatellites/Inc) by extensions ['ignore', 'ignore_ament_install']
[0.635s] Level 1:colcon.colcon_core.package_identification:_identify(STM32/main/X-CUBE-53L0A1/STM32CubeExpansion_VL53L0X_V1.2.0/Projects/Multi/Examples/VL53L0X/RangingWithSatellites/Inc) by extension 'ignore'
[0.635s] Level 1:colcon.colcon_core.package_identification:_identify(STM32/main/X-CUBE-53L0A1/STM32CubeExpansion_VL53L0X_V1.2.0/Projects/Multi/Examples/VL53L0X/RangingWithSatellites/Inc) by extension 'ignore_ament_install'
[0.635s] Level 1:colcon.colcon_core.package_identification:_identify(STM32/main/X-CUBE-53L0A1/STM32CubeExpansion_VL53L0X_V1.2.0/Projects/Multi/Examples/VL53L0X/RangingWithSatellites/Inc) by extensions ['colcon_pkg']
[0.635s] Level 1:colcon.colcon_core.package_identification:_identify(STM32/main/X-CUBE-53L0A1/STM32CubeExpansion_VL53L0X_V1.2.0/Projects/Multi/Examples/VL53L0X/RangingWithSatellites/Inc) by extension 'colcon_pkg'
[0.635s] Level 1:colcon.colcon_core.package_identification:_identify(STM32/main/X-CUBE-53L0A1/STM32CubeExpansion_VL53L0X_V1.2.0/Projects/Multi/Examples/VL53L0X/RangingWithSatellites/Inc) by extensions ['colcon_meta']
[0.635s] Level 1:colcon.colcon_core.package_identification:_identify(STM32/main/X-CUBE-53L0A1/STM32CubeExpansion_VL53L0X_V1.2.0/Projects/Multi/Examples/VL53L0X/RangingWithSatellites/Inc) by extension 'colcon_meta'
[0.636s] Level 1:colcon.colcon_core.package_identification:_identify(STM32/main/X-CUBE-53L0A1/STM32CubeExpansion_VL53L0X_V1.2.0/Projects/Multi/Examples/VL53L0X/RangingWithSatellites/Inc) by extensions ['ros']
[0.636s] Level 1:colcon.colcon_core.package_identification:_identify(STM32/main/X-CUBE-53L0A1/STM32CubeExpansion_VL53L0X_V1.2.0/Projects/Multi/Examples/VL53L0X/RangingWithSatellites/Inc) by extension 'ros'
[0.638s] Level 1:colcon.colcon_core.package_identification:_identify(STM32/main/X-CUBE-53L0A1/STM32CubeExpansion_VL53L0X_V1.2.0/Projects/Multi/Examples/VL53L0X/RangingWithSatellites/Inc) by extensions ['cmake', 'python']
[0.638s] Level 1:colcon.colcon_core.package_identification:_identify(STM32/main/X-CUBE-53L0A1/STM32CubeExpansion_VL53L0X_V1.2.0/Projects/Multi/Examples/VL53L0X/RangingWithSatellites/Inc) by extension 'cmake'
[0.639s] Level 1:colcon.colcon_core.package_identification:_identify(STM32/main/X-CUBE-53L0A1/STM32CubeExpansion_VL53L0X_V1.2.0/Projects/Multi/Examples/VL53L0X/RangingWithSatellites/Inc) by extension 'python'
[0.639s] Level 1:colcon.colcon_core.package_identification:_identify(STM32/main/X-CUBE-53L0A1/STM32CubeExpansion_VL53L0X_V1.2.0/Projects/Multi/Examples/VL53L0X/RangingWithSatellites/Inc) by extensions ['python_setup_py']
[0.639s] Level 1:colcon.colcon_core.package_identification:_identify(STM32/main/X-CUBE-53L0A1/STM32CubeExpansion_VL53L0X_V1.2.0/Projects/Multi/Examples/VL53L0X/RangingWithSatellites/Inc) by extension 'python_setup_py'
[0.640s] Level 1:colcon.colcon_core.package_identification:_identify(STM32/main/X-CUBE-53L0A1/STM32CubeExpansion_VL53L0X_V1.2.0/Projects/Multi/Examples/VL53L0X/RangingWithSatellites/MDK-ARM) by extensions ['ignore', 'ignore_ament_install']
[0.640s] Level 1:colcon.colcon_core.package_identification:_identify(STM32/main/X-CUBE-53L0A1/STM32CubeExpansion_VL53L0X_V1.2.0/Projects/Multi/Examples/VL53L0X/RangingWithSatellites/MDK-ARM) by extension 'ignore'
[0.640s] Level 1:colcon.colcon_core.package_identification:_identify(STM32/main/X-CUBE-53L0A1/STM32CubeExpansion_VL53L0X_V1.2.0/Projects/Multi/Examples/VL53L0X/RangingWithSatellites/MDK-ARM) by extension 'ignore_ament_install'
[0.640s] Level 1:colcon.colcon_core.package_identification:_identify(STM32/main/X-CUBE-53L0A1/STM32CubeExpansion_VL53L0X_V1.2.0/Projects/Multi/Examples/VL53L0X/RangingWithSatellites/MDK-ARM) by extensions ['colcon_pkg']
[0.640s] Level 1:colcon.colcon_core.package_identification:_identify(STM32/main/X-CUBE-53L0A1/STM32CubeExpansion_VL53L0X_V1.2.0/Projects/Multi/Examples/VL53L0X/RangingWithSatellites/MDK-ARM) by extension 'colcon_pkg'
[0.640s] Level 1:colcon.colcon_core.package_identification:_identify(STM32/main/X-CUBE-53L0A1/STM32CubeExpansion_VL53L0X_V1.2.0/Projects/Multi/Examples/VL53L0X/RangingWithSatellites/MDK-ARM) by extensions ['colcon_meta']
[0.641s] Level 1:colcon.colcon_core.package_identification:_identify(STM32/main/X-CUBE-53L0A1/STM32CubeExpansion_VL53L0X_V1.2.0/Projects/Multi/Examples/VL53L0X/RangingWithSatellites/MDK-ARM) by extension 'colcon_meta'
[0.641s] Level 1:colcon.colcon_core.package_identification:_identify(STM32/main/X-CUBE-53L0A1/STM32CubeExpansion_VL53L0X_V1.2.0/Projects/Multi/Examples/VL53L0X/RangingWithSatellites/MDK-ARM) by extensions ['ros']
[0.641s] Level 1:colcon.colcon_core.package_identification:_identify(STM32/main/X-CUBE-53L0A1/STM32CubeExpansion_VL53L0X_V1.2.0/Projects/Multi/Examples/VL53L0X/RangingWithSatellites/MDK-ARM) by extension 'ros'
[0.641s] Level 1:colcon.colcon_core.package_identification:_identify(STM32/main/X-CUBE-53L0A1/STM32CubeExpansion_VL53L0X_V1.2.0/Projects/Multi/Examples/VL53L0X/RangingWithSatellites/MDK-ARM) by extensions ['cmake', 'python']
[0.641s] Level 1:colcon.colcon_core.package_identification:_identify(STM32/main/X-CUBE-53L0A1/STM32CubeExpansion_VL53L0X_V1.2.0/Projects/Multi/Examples/VL53L0X/RangingWithSatellites/MDK-ARM) by extension 'cmake'
[0.641s] Level 1:colcon.colcon_core.package_identification:_identify(STM32/main/X-CUBE-53L0A1/STM32CubeExpansion_VL53L0X_V1.2.0/Projects/Multi/Examples/VL53L0X/RangingWithSatellites/MDK-ARM) by extension 'python'
[0.642s] Level 1:colcon.colcon_core.package_identification:_identify(STM32/main/X-CUBE-53L0A1/STM32CubeExpansion_VL53L0X_V1.2.0/Projects/Multi/Examples/VL53L0X/RangingWithSatellites/MDK-ARM) by extensions ['python_setup_py']
[0.642s] Level 1:colcon.colcon_core.package_identification:_identify(STM32/main/X-CUBE-53L0A1/STM32CubeExpansion_VL53L0X_V1.2.0/Projects/Multi/Examples/VL53L0X/RangingWithSatellites/MDK-ARM) by extension 'python_setup_py'
[0.642s] Level 1:colcon.colcon_core.package_identification:_identify(STM32/main/X-CUBE-53L0A1/STM32CubeExpansion_VL53L0X_V1.2.0/Projects/Multi/Examples/VL53L0X/RangingWithSatellites/MDK-ARM/STM32F401RE-Nucleo) by extensions ['ignore', 'ignore_ament_install']
[0.643s] Level 1:colcon.colcon_core.package_identification:_identify(STM32/main/X-CUBE-53L0A1/STM32CubeExpansion_VL53L0X_V1.2.0/Projects/Multi/Examples/VL53L0X/RangingWithSatellites/MDK-ARM/STM32F401RE-Nucleo) by extension 'ignore'
[0.643s] Level 1:colcon.colcon_core.package_identification:_identify(STM32/main/X-CUBE-53L0A1/STM32CubeExpansion_VL53L0X_V1.2.0/Projects/Multi/Examples/VL53L0X/RangingWithSatellites/MDK-ARM/STM32F401RE-Nucleo) by extension 'ignore_ament_install'
[0.644s] Level 1:colcon.colcon_core.package_identification:_identify(STM32/main/X-CUBE-53L0A1/STM32CubeExpansion_VL53L0X_V1.2.0/Projects/Multi/Examples/VL53L0X/RangingWithSatellites/MDK-ARM/STM32F401RE-Nucleo) by extensions ['colcon_pkg']
[0.644s] Level 1:colcon.colcon_core.package_identification:_identify(STM32/main/X-CUBE-53L0A1/STM32CubeExpansion_VL53L0X_V1.2.0/Projects/Multi/Examples/VL53L0X/RangingWithSatellites/MDK-ARM/STM32F401RE-Nucleo) by extension 'colcon_pkg'
[0.645s] Level 1:colcon.colcon_core.package_identification:_identify(STM32/main/X-CUBE-53L0A1/STM32CubeExpansion_VL53L0X_V1.2.0/Projects/Multi/Examples/VL53L0X/RangingWithSatellites/MDK-ARM/STM32F401RE-Nucleo) by extensions ['colcon_meta']
[0.645s] Level 1:colcon.colcon_core.package_identification:_identify(STM32/main/X-CUBE-53L0A1/STM32CubeExpansion_VL53L0X_V1.2.0/Projects/Multi/Examples/VL53L0X/RangingWithSatellites/MDK-ARM/STM32F401RE-Nucleo) by extension 'colcon_meta'
[0.646s] Level 1:colcon.colcon_core.package_identification:_identify(STM32/main/X-CUBE-53L0A1/STM32CubeExpansion_VL53L0X_V1.2.0/Projects/Multi/Examples/VL53L0X/RangingWithSatellites/MDK-ARM/STM32F401RE-Nucleo) by extensions ['ros']
[0.646s] Level 1:colcon.colcon_core.package_identification:_identify(STM32/main/X-CUBE-53L0A1/STM32CubeExpansion_VL53L0X_V1.2.0/Projects/Multi/Examples/VL53L0X/RangingWithSatellites/MDK-ARM/STM32F401RE-Nucleo) by extension 'ros'
[0.646s] Level 1:colcon.colcon_core.package_identification:_identify(STM32/main/X-CUBE-53L0A1/STM32CubeExpansion_VL53L0X_V1.2.0/Projects/Multi/Examples/VL53L0X/RangingWithSatellites/MDK-ARM/STM32F401RE-Nucleo) by extensions ['cmake', 'python']
[0.647s] Level 1:colcon.colcon_core.package_identification:_identify(STM32/main/X-CUBE-53L0A1/STM32CubeExpansion_VL53L0X_V1.2.0/Projects/Multi/Examples/VL53L0X/RangingWithSatellites/MDK-ARM/STM32F401RE-Nucleo) by extension 'cmake'
[0.647s] Level 1:colcon.colcon_core.package_identification:_identify(STM32/main/X-CUBE-53L0A1/STM32CubeExpansion_VL53L0X_V1.2.0/Projects/Multi/Examples/VL53L0X/RangingWithSatellites/MDK-ARM/STM32F401RE-Nucleo) by extension 'python'
[0.647s] Level 1:colcon.colcon_core.package_identification:_identify(STM32/main/X-CUBE-53L0A1/STM32CubeExpansion_VL53L0X_V1.2.0/Projects/Multi/Examples/VL53L0X/RangingWithSatellites/MDK-ARM/STM32F401RE-Nucleo) by extensions ['python_setup_py']
[0.648s] Level 1:colcon.colcon_core.package_identification:_identify(STM32/main/X-CUBE-53L0A1/STM32CubeExpansion_VL53L0X_V1.2.0/Projects/Multi/Examples/VL53L0X/RangingWithSatellites/MDK-ARM/STM32F401RE-Nucleo) by extension 'python_setup_py'
[0.648s] Level 1:colcon.colcon_core.package_identification:_identify(STM32/main/X-CUBE-53L0A1/STM32CubeExpansion_VL53L0X_V1.2.0/Projects/Multi/Examples/VL53L0X/RangingWithSatellites/MDK-ARM/STM32L476RG-Nucleo) by extensions ['ignore', 'ignore_ament_install']
[0.649s] Level 1:colcon.colcon_core.package_identification:_identify(STM32/main/X-CUBE-53L0A1/STM32CubeExpansion_VL53L0X_V1.2.0/Projects/Multi/Examples/VL53L0X/RangingWithSatellites/MDK-ARM/STM32L476RG-Nucleo) by extension 'ignore'
[0.649s] Level 1:colcon.colcon_core.package_identification:_identify(STM32/main/X-CUBE-53L0A1/STM32CubeExpansion_VL53L0X_V1.2.0/Projects/Multi/Examples/VL53L0X/RangingWithSatellites/MDK-ARM/STM32L476RG-Nucleo) by extension 'ignore_ament_install'
[0.650s] Level 1:colcon.colcon_core.package_identification:_identify(STM32/main/X-CUBE-53L0A1/STM32CubeExpansion_VL53L0X_V1.2.0/Projects/Multi/Examples/VL53L0X/RangingWithSatellites/MDK-ARM/STM32L476RG-Nucleo) by extensions ['colcon_pkg']
[0.650s] Level 1:colcon.colcon_core.package_identification:_identify(STM32/main/X-CUBE-53L0A1/STM32CubeExpansion_VL53L0X_V1.2.0/Projects/Multi/Examples/VL53L0X/RangingWithSatellites/MDK-ARM/STM32L476RG-Nucleo) by extension 'colcon_pkg'
[0.650s] Level 1:colcon.colcon_core.package_identification:_identify(STM32/main/X-CUBE-53L0A1/STM32CubeExpansion_VL53L0X_V1.2.0/Projects/Multi/Examples/VL53L0X/RangingWithSatellites/MDK-ARM/STM32L476RG-Nucleo) by extensions ['colcon_meta']
[0.650s] Level 1:colcon.colcon_core.package_identification:_identify(STM32/main/X-CUBE-53L0A1/STM32CubeExpansion_VL53L0X_V1.2.0/Projects/Multi/Examples/VL53L0X/RangingWithSatellites/MDK-ARM/STM32L476RG-Nucleo) by extension 'colcon_meta'
[0.650s] Level 1:colcon.colcon_core.package_identification:_identify(STM32/main/X-CUBE-53L0A1/STM32CubeExpansion_VL53L0X_V1.2.0/Projects/Multi/Examples/VL53L0X/RangingWithSatellites/MDK-ARM/STM32L476RG-Nucleo) by extensions ['ros']
[0.650s] Level 1:colcon.colcon_core.package_identification:_identify(STM32/main/X-CUBE-53L0A1/STM32CubeExpansion_VL53L0X_V1.2.0/Projects/Multi/Examples/VL53L0X/RangingWithSatellites/MDK-ARM/STM32L476RG-Nucleo) by extension 'ros'
[0.651s] Level 1:colcon.colcon_core.package_identification:_identify(STM32/main/X-CUBE-53L0A1/STM32CubeExpansion_VL53L0X_V1.2.0/Projects/Multi/Examples/VL53L0X/RangingWithSatellites/MDK-ARM/STM32L476RG-Nucleo) by extensions ['cmake', 'python']
[0.651s] Level 1:colcon.colcon_core.package_identification:_identify(STM32/main/X-CUBE-53L0A1/STM32CubeExpansion_VL53L0X_V1.2.0/Projects/Multi/Examples/VL53L0X/RangingWithSatellites/MDK-ARM/STM32L476RG-Nucleo) by extension 'cmake'
[0.651s] Level 1:colcon.colcon_core.package_identification:_identify(STM32/main/X-CUBE-53L0A1/STM32CubeExpansion_VL53L0X_V1.2.0/Projects/Multi/Examples/VL53L0X/RangingWithSatellites/MDK-ARM/STM32L476RG-Nucleo) by extension 'python'
[0.652s] Level 1:colcon.colcon_core.package_identification:_identify(STM32/main/X-CUBE-53L0A1/STM32CubeExpansion_VL53L0X_V1.2.0/Projects/Multi/Examples/VL53L0X/RangingWithSatellites/MDK-ARM/STM32L476RG-Nucleo) by extensions ['python_setup_py']
[0.652s] Level 1:colcon.colcon_core.package_identification:_identify(STM32/main/X-CUBE-53L0A1/STM32CubeExpansion_VL53L0X_V1.2.0/Projects/Multi/Examples/VL53L0X/RangingWithSatellites/MDK-ARM/STM32L476RG-Nucleo) by extension 'python_setup_py'
[0.653s] Level 1:colcon.colcon_core.package_identification:_identify(STM32/main/X-CUBE-53L0A1/STM32CubeExpansion_VL53L0X_V1.2.0/Projects/Multi/Examples/VL53L0X/RangingWithSatellites/SW4STM32) by extensions ['ignore', 'ignore_ament_install']
[0.653s] Level 1:colcon.colcon_core.package_identification:_identify(STM32/main/X-CUBE-53L0A1/STM32CubeExpansion_VL53L0X_V1.2.0/Projects/Multi/Examples/VL53L0X/RangingWithSatellites/SW4STM32) by extension 'ignore'
[0.653s] Level 1:colcon.colcon_core.package_identification:_identify(STM32/main/X-CUBE-53L0A1/STM32CubeExpansion_VL53L0X_V1.2.0/Projects/Multi/Examples/VL53L0X/RangingWithSatellites/SW4STM32) by extension 'ignore_ament_install'
[0.654s] Level 1:colcon.colcon_core.package_identification:_identify(STM32/main/X-CUBE-53L0A1/STM32CubeExpansion_VL53L0X_V1.2.0/Projects/Multi/Examples/VL53L0X/RangingWithSatellites/SW4STM32) by extensions ['colcon_pkg']
[0.654s] Level 1:colcon.colcon_core.package_identification:_identify(STM32/main/X-CUBE-53L0A1/STM32CubeExpansion_VL53L0X_V1.2.0/Projects/Multi/Examples/VL53L0X/RangingWithSatellites/SW4STM32) by extension 'colcon_pkg'
[0.654s] Level 1:colcon.colcon_core.package_identification:_identify(STM32/main/X-CUBE-53L0A1/STM32CubeExpansion_VL53L0X_V1.2.0/Projects/Multi/Examples/VL53L0X/RangingWithSatellites/SW4STM32) by extensions ['colcon_meta']
[0.654s] Level 1:colcon.colcon_core.package_identification:_identify(STM32/main/X-CUBE-53L0A1/STM32CubeExpansion_VL53L0X_V1.2.0/Projects/Multi/Examples/VL53L0X/RangingWithSatellites/SW4STM32) by extension 'colcon_meta'
[0.654s] Level 1:colcon.colcon_core.package_identification:_identify(STM32/main/X-CUBE-53L0A1/STM32CubeExpansion_VL53L0X_V1.2.0/Projects/Multi/Examples/VL53L0X/RangingWithSatellites/SW4STM32) by extensions ['ros']
[0.654s] Level 1:colcon.colcon_core.package_identification:_identify(STM32/main/X-CUBE-53L0A1/STM32CubeExpansion_VL53L0X_V1.2.0/Projects/Multi/Examples/VL53L0X/RangingWithSatellites/SW4STM32) by extension 'ros'
[0.654s] Level 1:colcon.colcon_core.package_identification:_identify(STM32/main/X-CUBE-53L0A1/STM32CubeExpansion_VL53L0X_V1.2.0/Projects/Multi/Examples/VL53L0X/RangingWithSatellites/SW4STM32) by extensions ['cmake', 'python']
[0.655s] Level 1:colcon.colcon_core.package_identification:_identify(STM32/main/X-CUBE-53L0A1/STM32CubeExpansion_VL53L0X_V1.2.0/Projects/Multi/Examples/VL53L0X/RangingWithSatellites/SW4STM32) by extension 'cmake'
[0.655s] Level 1:colcon.colcon_core.package_identification:_identify(STM32/main/X-CUBE-53L0A1/STM32CubeExpansion_VL53L0X_V1.2.0/Projects/Multi/Examples/VL53L0X/RangingWithSatellites/SW4STM32) by extension 'python'
[0.655s] Level 1:colcon.colcon_core.package_identification:_identify(STM32/main/X-CUBE-53L0A1/STM32CubeExpansion_VL53L0X_V1.2.0/Projects/Multi/Examples/VL53L0X/RangingWithSatellites/SW4STM32) by extensions ['python_setup_py']
[0.655s] Level 1:colcon.colcon_core.package_identification:_identify(STM32/main/X-CUBE-53L0A1/STM32CubeExpansion_VL53L0X_V1.2.0/Projects/Multi/Examples/VL53L0X/RangingWithSatellites/SW4STM32) by extension 'python_setup_py'
[0.655s] Level 1:colcon.colcon_core.package_identification:_identify(STM32/main/X-CUBE-53L0A1/STM32CubeExpansion_VL53L0X_V1.2.0/Projects/Multi/Examples/VL53L0X/RangingWithSatellites/SW4STM32/STM32F401RE-Nucleo) by extensions ['ignore', 'ignore_ament_install']
[0.656s] Level 1:colcon.colcon_core.package_identification:_identify(STM32/main/X-CUBE-53L0A1/STM32CubeExpansion_VL53L0X_V1.2.0/Projects/Multi/Examples/VL53L0X/RangingWithSatellites/SW4STM32/STM32F401RE-Nucleo) by extension 'ignore'
[0.656s] Level 1:colcon.colcon_core.package_identification:_identify(STM32/main/X-CUBE-53L0A1/STM32CubeExpansion_VL53L0X_V1.2.0/Projects/Multi/Examples/VL53L0X/RangingWithSatellites/SW4STM32/STM32F401RE-Nucleo) by extension 'ignore_ament_install'
[0.657s] Level 1:colcon.colcon_core.package_identification:_identify(STM32/main/X-CUBE-53L0A1/STM32CubeExpansion_VL53L0X_V1.2.0/Projects/Multi/Examples/VL53L0X/RangingWithSatellites/SW4STM32/STM32F401RE-Nucleo) by extensions ['colcon_pkg']
[0.657s] Level 1:colcon.colcon_core.package_identification:_identify(STM32/main/X-CUBE-53L0A1/STM32CubeExpansion_VL53L0X_V1.2.0/Projects/Multi/Examples/VL53L0X/RangingWithSatellites/SW4STM32/STM32F401RE-Nucleo) by extension 'colcon_pkg'
[0.658s] Level 1:colcon.colcon_core.package_identification:_identify(STM32/main/X-CUBE-53L0A1/STM32CubeExpansion_VL53L0X_V1.2.0/Projects/Multi/Examples/VL53L0X/RangingWithSatellites/SW4STM32/STM32F401RE-Nucleo) by extensions ['colcon_meta']
[0.658s] Level 1:colcon.colcon_core.package_identification:_identify(STM32/main/X-CUBE-53L0A1/STM32CubeExpansion_VL53L0X_V1.2.0/Projects/Multi/Examples/VL53L0X/RangingWithSatellites/SW4STM32/STM32F401RE-Nucleo) by extension 'colcon_meta'
[0.658s] Level 1:colcon.colcon_core.package_identification:_identify(STM32/main/X-CUBE-53L0A1/STM32CubeExpansion_VL53L0X_V1.2.0/Projects/Multi/Examples/VL53L0X/RangingWithSatellites/SW4STM32/STM32F401RE-Nucleo) by extensions ['ros']
[0.658s] Level 1:colcon.colcon_core.package_identification:_identify(STM32/main/X-CUBE-53L0A1/STM32CubeExpansion_VL53L0X_V1.2.0/Projects/Multi/Examples/VL53L0X/RangingWithSatellites/SW4STM32/STM32F401RE-Nucleo) by extension 'ros'
[0.659s] Level 1:colcon.colcon_core.package_identification:_identify(STM32/main/X-CUBE-53L0A1/STM32CubeExpansion_VL53L0X_V1.2.0/Projects/Multi/Examples/VL53L0X/RangingWithSatellites/SW4STM32/STM32F401RE-Nucleo) by extensions ['cmake', 'python']
[0.659s] Level 1:colcon.colcon_core.package_identification:_identify(STM32/main/X-CUBE-53L0A1/STM32CubeExpansion_VL53L0X_V1.2.0/Projects/Multi/Examples/VL53L0X/RangingWithSatellites/SW4STM32/STM32F401RE-Nucleo) by extension 'cmake'
[0.660s] Level 1:colcon.colcon_core.package_identification:_identify(STM32/main/X-CUBE-53L0A1/STM32CubeExpansion_VL53L0X_V1.2.0/Projects/Multi/Examples/VL53L0X/RangingWithSatellites/SW4STM32/STM32F401RE-Nucleo) by extension 'python'
[0.661s] Level 1:colcon.colcon_core.package_identification:_identify(STM32/main/X-CUBE-53L0A1/STM32CubeExpansion_VL53L0X_V1.2.0/Projects/Multi/Examples/VL53L0X/RangingWithSatellites/SW4STM32/STM32F401RE-Nucleo) by extensions ['python_setup_py']
[0.661s] Level 1:colcon.colcon_core.package_identification:_identify(STM32/main/X-CUBE-53L0A1/STM32CubeExpansion_VL53L0X_V1.2.0/Projects/Multi/Examples/VL53L0X/RangingWithSatellites/SW4STM32/STM32F401RE-Nucleo) by extension 'python_setup_py'
[0.661s] Level 1:colcon.colcon_core.package_identification:_identify(STM32/main/X-CUBE-53L0A1/STM32CubeExpansion_VL53L0X_V1.2.0/Projects/Multi/Examples/VL53L0X/RangingWithSatellites/SW4STM32/STM32L476RG-Nucleo) by extensions ['ignore', 'ignore_ament_install']
[0.662s] Level 1:colcon.colcon_core.package_identification:_identify(STM32/main/X-CUBE-53L0A1/STM32CubeExpansion_VL53L0X_V1.2.0/Projects/Multi/Examples/VL53L0X/RangingWithSatellites/SW4STM32/STM32L476RG-Nucleo) by extension 'ignore'
[0.662s] Level 1:colcon.colcon_core.package_identification:_identify(STM32/main/X-CUBE-53L0A1/STM32CubeExpansion_VL53L0X_V1.2.0/Projects/Multi/Examples/VL53L0X/RangingWithSatellites/SW4STM32/STM32L476RG-Nucleo) by extension 'ignore_ament_install'
[0.663s] Level 1:colcon.colcon_core.package_identification:_identify(STM32/main/X-CUBE-53L0A1/STM32CubeExpansion_VL53L0X_V1.2.0/Projects/Multi/Examples/VL53L0X/RangingWithSatellites/SW4STM32/STM32L476RG-Nucleo) by extensions ['colcon_pkg']
[0.663s] Level 1:colcon.colcon_core.package_identification:_identify(STM32/main/X-CUBE-53L0A1/STM32CubeExpansion_VL53L0X_V1.2.0/Projects/Multi/Examples/VL53L0X/RangingWithSatellites/SW4STM32/STM32L476RG-Nucleo) by extension 'colcon_pkg'
[0.664s] Level 1:colcon.colcon_core.package_identification:_identify(STM32/main/X-CUBE-53L0A1/STM32CubeExpansion_VL53L0X_V1.2.0/Projects/Multi/Examples/VL53L0X/RangingWithSatellites/SW4STM32/STM32L476RG-Nucleo) by extensions ['colcon_meta']
[0.664s] Level 1:colcon.colcon_core.package_identification:_identify(STM32/main/X-CUBE-53L0A1/STM32CubeExpansion_VL53L0X_V1.2.0/Projects/Multi/Examples/VL53L0X/RangingWithSatellites/SW4STM32/STM32L476RG-Nucleo) by extension 'colcon_meta'
[0.664s] Level 1:colcon.colcon_core.package_identification:_identify(STM32/main/X-CUBE-53L0A1/STM32CubeExpansion_VL53L0X_V1.2.0/Projects/Multi/Examples/VL53L0X/RangingWithSatellites/SW4STM32/STM32L476RG-Nucleo) by extensions ['ros']
[0.665s] Level 1:colcon.colcon_core.package_identification:_identify(STM32/main/X-CUBE-53L0A1/STM32CubeExpansion_VL53L0X_V1.2.0/Projects/Multi/Examples/VL53L0X/RangingWithSatellites/SW4STM32/STM32L476RG-Nucleo) by extension 'ros'
[0.665s] Level 1:colcon.colcon_core.package_identification:_identify(STM32/main/X-CUBE-53L0A1/STM32CubeExpansion_VL53L0X_V1.2.0/Projects/Multi/Examples/VL53L0X/RangingWithSatellites/SW4STM32/STM32L476RG-Nucleo) by extensions ['cmake', 'python']
[0.665s] Level 1:colcon.colcon_core.package_identification:_identify(STM32/main/X-CUBE-53L0A1/STM32CubeExpansion_VL53L0X_V1.2.0/Projects/Multi/Examples/VL53L0X/RangingWithSatellites/SW4STM32/STM32L476RG-Nucleo) by extension 'cmake'
[0.665s] Level 1:colcon.colcon_core.package_identification:_identify(STM32/main/X-CUBE-53L0A1/STM32CubeExpansion_VL53L0X_V1.2.0/Projects/Multi/Examples/VL53L0X/RangingWithSatellites/SW4STM32/STM32L476RG-Nucleo) by extension 'python'
[0.666s] Level 1:colcon.colcon_core.package_identification:_identify(STM32/main/X-CUBE-53L0A1/STM32CubeExpansion_VL53L0X_V1.2.0/Projects/Multi/Examples/VL53L0X/RangingWithSatellites/SW4STM32/STM32L476RG-Nucleo) by extensions ['python_setup_py']
[0.666s] Level 1:colcon.colcon_core.package_identification:_identify(STM32/main/X-CUBE-53L0A1/STM32CubeExpansion_VL53L0X_V1.2.0/Projects/Multi/Examples/VL53L0X/RangingWithSatellites/SW4STM32/STM32L476RG-Nucleo) by extension 'python_setup_py'
[0.666s] Level 1:colcon.colcon_core.package_identification:_identify(STM32/main/X-CUBE-53L0A1/STM32CubeExpansion_VL53L0X_V1.2.0/Projects/Multi/Examples/VL53L0X/RangingWithSatellites/SW4STM32/STM32L476RG-Nucleo/startup) by extensions ['ignore', 'ignore_ament_install']
[0.667s] Level 1:colcon.colcon_core.package_identification:_identify(STM32/main/X-CUBE-53L0A1/STM32CubeExpansion_VL53L0X_V1.2.0/Projects/Multi/Examples/VL53L0X/RangingWithSatellites/SW4STM32/STM32L476RG-Nucleo/startup) by extension 'ignore'
[0.667s] Level 1:colcon.colcon_core.package_identification:_identify(STM32/main/X-CUBE-53L0A1/STM32CubeExpansion_VL53L0X_V1.2.0/Projects/Multi/Examples/VL53L0X/RangingWithSatellites/SW4STM32/STM32L476RG-Nucleo/startup) by extension 'ignore_ament_install'
[0.667s] Level 1:colcon.colcon_core.package_identification:_identify(STM32/main/X-CUBE-53L0A1/STM32CubeExpansion_VL53L0X_V1.2.0/Projects/Multi/Examples/VL53L0X/RangingWithSatellites/SW4STM32/STM32L476RG-Nucleo/startup) by extensions ['colcon_pkg']
[0.667s] Level 1:colcon.colcon_core.package_identification:_identify(STM32/main/X-CUBE-53L0A1/STM32CubeExpansion_VL53L0X_V1.2.0/Projects/Multi/Examples/VL53L0X/RangingWithSatellites/SW4STM32/STM32L476RG-Nucleo/startup) by extension 'colcon_pkg'
[0.667s] Level 1:colcon.colcon_core.package_identification:_identify(STM32/main/X-CUBE-53L0A1/STM32CubeExpansion_VL53L0X_V1.2.0/Projects/Multi/Examples/VL53L0X/RangingWithSatellites/SW4STM32/STM32L476RG-Nucleo/startup) by extensions ['colcon_meta']
[0.667s] Level 1:colcon.colcon_core.package_identification:_identify(STM32/main/X-CUBE-53L0A1/STM32CubeExpansion_VL53L0X_V1.2.0/Projects/Multi/Examples/VL53L0X/RangingWithSatellites/SW4STM32/STM32L476RG-Nucleo/startup) by extension 'colcon_meta'
[0.667s] Level 1:colcon.colcon_core.package_identification:_identify(STM32/main/X-CUBE-53L0A1/STM32CubeExpansion_VL53L0X_V1.2.0/Projects/Multi/Examples/VL53L0X/RangingWithSatellites/SW4STM32/STM32L476RG-Nucleo/startup) by extensions ['ros']
[0.667s] Level 1:colcon.colcon_core.package_identification:_identify(STM32/main/X-CUBE-53L0A1/STM32CubeExpansion_VL53L0X_V1.2.0/Projects/Multi/Examples/VL53L0X/RangingWithSatellites/SW4STM32/STM32L476RG-Nucleo/startup) by extension 'ros'
[0.668s] Level 1:colcon.colcon_core.package_identification:_identify(STM32/main/X-CUBE-53L0A1/STM32CubeExpansion_VL53L0X_V1.2.0/Projects/Multi/Examples/VL53L0X/RangingWithSatellites/SW4STM32/STM32L476RG-Nucleo/startup) by extensions ['cmake', 'python']
[0.668s] Level 1:colcon.colcon_core.package_identification:_identify(STM32/main/X-CUBE-53L0A1/STM32CubeExpansion_VL53L0X_V1.2.0/Projects/Multi/Examples/VL53L0X/RangingWithSatellites/SW4STM32/STM32L476RG-Nucleo/startup) by extension 'cmake'
[0.668s] Level 1:colcon.colcon_core.package_identification:_identify(STM32/main/X-CUBE-53L0A1/STM32CubeExpansion_VL53L0X_V1.2.0/Projects/Multi/Examples/VL53L0X/RangingWithSatellites/SW4STM32/STM32L476RG-Nucleo/startup) by extension 'python'
[0.669s] Level 1:colcon.colcon_core.package_identification:_identify(STM32/main/X-CUBE-53L0A1/STM32CubeExpansion_VL53L0X_V1.2.0/Projects/Multi/Examples/VL53L0X/RangingWithSatellites/SW4STM32/STM32L476RG-Nucleo/startup) by extensions ['python_setup_py']
[0.669s] Level 1:colcon.colcon_core.package_identification:_identify(STM32/main/X-CUBE-53L0A1/STM32CubeExpansion_VL53L0X_V1.2.0/Projects/Multi/Examples/VL53L0X/RangingWithSatellites/SW4STM32/STM32L476RG-Nucleo/startup) by extension 'python_setup_py'
[0.670s] Level 1:colcon.colcon_core.package_identification:_identify(STM32/main/X-CUBE-53L0A1/STM32CubeExpansion_VL53L0X_V1.2.0/Projects/Multi/Examples/VL53L0X/RangingWithSatellites/Src) by extensions ['ignore', 'ignore_ament_install']
[0.670s] Level 1:colcon.colcon_core.package_identification:_identify(STM32/main/X-CUBE-53L0A1/STM32CubeExpansion_VL53L0X_V1.2.0/Projects/Multi/Examples/VL53L0X/RangingWithSatellites/Src) by extension 'ignore'
[0.670s] Level 1:colcon.colcon_core.package_identification:_identify(STM32/main/X-CUBE-53L0A1/STM32CubeExpansion_VL53L0X_V1.2.0/Projects/Multi/Examples/VL53L0X/RangingWithSatellites/Src) by extension 'ignore_ament_install'
[0.670s] Level 1:colcon.colcon_core.package_identification:_identify(STM32/main/X-CUBE-53L0A1/STM32CubeExpansion_VL53L0X_V1.2.0/Projects/Multi/Examples/VL53L0X/RangingWithSatellites/Src) by extensions ['colcon_pkg']
[0.671s] Level 1:colcon.colcon_core.package_identification:_identify(STM32/main/X-CUBE-53L0A1/STM32CubeExpansion_VL53L0X_V1.2.0/Projects/Multi/Examples/VL53L0X/RangingWithSatellites/Src) by extension 'colcon_pkg'
[0.671s] Level 1:colcon.colcon_core.package_identification:_identify(STM32/main/X-CUBE-53L0A1/STM32CubeExpansion_VL53L0X_V1.2.0/Projects/Multi/Examples/VL53L0X/RangingWithSatellites/Src) by extensions ['colcon_meta']
[0.671s] Level 1:colcon.colcon_core.package_identification:_identify(STM32/main/X-CUBE-53L0A1/STM32CubeExpansion_VL53L0X_V1.2.0/Projects/Multi/Examples/VL53L0X/RangingWithSatellites/Src) by extension 'colcon_meta'
[0.672s] Level 1:colcon.colcon_core.package_identification:_identify(STM32/main/X-CUBE-53L0A1/STM32CubeExpansion_VL53L0X_V1.2.0/Projects/Multi/Examples/VL53L0X/RangingWithSatellites/Src) by extensions ['ros']
[0.672s] Level 1:colcon.colcon_core.package_identification:_identify(STM32/main/X-CUBE-53L0A1/STM32CubeExpansion_VL53L0X_V1.2.0/Projects/Multi/Examples/VL53L0X/RangingWithSatellites/Src) by extension 'ros'
[0.673s] Level 1:colcon.colcon_core.package_identification:_identify(STM32/main/X-CUBE-53L0A1/STM32CubeExpansion_VL53L0X_V1.2.0/Projects/Multi/Examples/VL53L0X/RangingWithSatellites/Src) by extensions ['cmake', 'python']
[0.673s] Level 1:colcon.colcon_core.package_identification:_identify(STM32/main/X-CUBE-53L0A1/STM32CubeExpansion_VL53L0X_V1.2.0/Projects/Multi/Examples/VL53L0X/RangingWithSatellites/Src) by extension 'cmake'
[0.674s] Level 1:colcon.colcon_core.package_identification:_identify(STM32/main/X-CUBE-53L0A1/STM32CubeExpansion_VL53L0X_V1.2.0/Projects/Multi/Examples/VL53L0X/RangingWithSatellites/Src) by extension 'python'
[0.674s] Level 1:colcon.colcon_core.package_identification:_identify(STM32/main/X-CUBE-53L0A1/STM32CubeExpansion_VL53L0X_V1.2.0/Projects/Multi/Examples/VL53L0X/RangingWithSatellites/Src) by extensions ['python_setup_py']
[0.675s] Level 1:colcon.colcon_core.package_identification:_identify(STM32/main/X-CUBE-53L0A1/STM32CubeExpansion_VL53L0X_V1.2.0/Projects/Multi/Examples/VL53L0X/RangingWithSatellites/Src) by extension 'python_setup_py'
[0.675s] Level 1:colcon.colcon_core.package_identification:_identify(STM32/main/X-CUBE-53L0A1/STM32CubeExpansion_VL53L0X_V1.2.0/_htmresc) by extensions ['ignore', 'ignore_ament_install']
[0.675s] Level 1:colcon.colcon_core.package_identification:_identify(STM32/main/X-CUBE-53L0A1/STM32CubeExpansion_VL53L0X_V1.2.0/_htmresc) by extension 'ignore'
[0.676s] Level 1:colcon.colcon_core.package_identification:_identify(STM32/main/X-CUBE-53L0A1/STM32CubeExpansion_VL53L0X_V1.2.0/_htmresc) by extension 'ignore_ament_install'
[0.676s] Level 1:colcon.colcon_core.package_identification:_identify(STM32/main/X-CUBE-53L0A1/STM32CubeExpansion_VL53L0X_V1.2.0/_htmresc) by extensions ['colcon_pkg']
[0.677s] Level 1:colcon.colcon_core.package_identification:_identify(STM32/main/X-CUBE-53L0A1/STM32CubeExpansion_VL53L0X_V1.2.0/_htmresc) by extension 'colcon_pkg'
[0.677s] Level 1:colcon.colcon_core.package_identification:_identify(STM32/main/X-CUBE-53L0A1/STM32CubeExpansion_VL53L0X_V1.2.0/_htmresc) by extensions ['colcon_meta']
[0.677s] Level 1:colcon.colcon_core.package_identification:_identify(STM32/main/X-CUBE-53L0A1/STM32CubeExpansion_VL53L0X_V1.2.0/_htmresc) by extension 'colcon_meta'
[0.677s] Level 1:colcon.colcon_core.package_identification:_identify(STM32/main/X-CUBE-53L0A1/STM32CubeExpansion_VL53L0X_V1.2.0/_htmresc) by extensions ['ros']
[0.677s] Level 1:colcon.colcon_core.package_identification:_identify(STM32/main/X-CUBE-53L0A1/STM32CubeExpansion_VL53L0X_V1.2.0/_htmresc) by extension 'ros'
[0.678s] Level 1:colcon.colcon_core.package_identification:_identify(STM32/main/X-CUBE-53L0A1/STM32CubeExpansion_VL53L0X_V1.2.0/_htmresc) by extensions ['cmake', 'python']
[0.678s] Level 1:colcon.colcon_core.package_identification:_identify(STM32/main/X-CUBE-53L0A1/STM32CubeExpansion_VL53L0X_V1.2.0/_htmresc) by extension 'cmake'
[0.678s] Level 1:colcon.colcon_core.package_identification:_identify(STM32/main/X-CUBE-53L0A1/STM32CubeExpansion_VL53L0X_V1.2.0/_htmresc) by extension 'python'
[0.678s] Level 1:colcon.colcon_core.package_identification:_identify(STM32/main/X-CUBE-53L0A1/STM32CubeExpansion_VL53L0X_V1.2.0/_htmresc) by extensions ['python_setup_py']
[0.678s] Level 1:colcon.colcon_core.package_identification:_identify(STM32/main/X-CUBE-53L0A1/STM32CubeExpansion_VL53L0X_V1.2.0/_htmresc) by extension 'python_setup_py'
[0.679s] Level 1:colcon.colcon_core.package_identification:_identify(build) by extensions ['ignore', 'ignore_ament_install']
[0.679s] Level 1:colcon.colcon_core.package_identification:_identify(build) by extension 'ignore'
[0.679s] Level 1:colcon.colcon_core.package_identification:_identify(build) ignored
[0.680s] Level 1:colcon.colcon_core.package_identification:_identify(install) by extensions ['ignore', 'ignore_ament_install']
[0.681s] Level 1:colcon.colcon_core.package_identification:_identify(install) by extension 'ignore'
[0.681s] Level 1:colcon.colcon_core.package_identification:_identify(install) ignored
[0.682s] Level 1:colcon.colcon_core.package_identification:_identify(log) by extensions ['ignore', 'ignore_ament_install']
[0.682s] Level 1:colcon.colcon_core.package_identification:_identify(log) by extension 'ignore'
[0.683s] Level 1:colcon.colcon_core.package_identification:_identify(log) ignored
[0.683s] Level 1:colcon.colcon_core.package_identification:_identify(src) by extensions ['ignore', 'ignore_ament_install']
[0.684s] Level 1:colcon.colcon_core.package_identification:_identify(src) by extension 'ignore'
[0.684s] Level 1:colcon.colcon_core.package_identification:_identify(src) by extension 'ignore_ament_install'
[0.684s] Level 1:colcon.colcon_core.package_identification:_identify(src) by extensions ['colcon_pkg']
[0.685s] Level 1:colcon.colcon_core.package_identification:_identify(src) by extension 'colcon_pkg'
[0.685s] Level 1:colcon.colcon_core.package_identification:_identify(src) by extensions ['colcon_meta']
[0.685s] Level 1:colcon.colcon_core.package_identification:_identify(src) by extension 'colcon_meta'
[0.685s] Level 1:colcon.colcon_core.package_identification:_identify(src) by extensions ['ros']
[0.686s] Level 1:colcon.colcon_core.package_identification:_identify(src) by extension 'ros'
[0.686s] Level 1:colcon.colcon_core.package_identification:_identify(src) by extensions ['cmake', 'python']
[0.686s] Level 1:colcon.colcon_core.package_identification:_identify(src) by extension 'cmake'
[0.686s] Level 1:colcon.colcon_core.package_identification:_identify(src) by extension 'python'
[0.686s] Level 1:colcon.colcon_core.package_identification:_identify(src) by extensions ['python_setup_py']
[0.687s] Level 1:colcon.colcon_core.package_identification:_identify(src) by extension 'python_setup_py'
[0.688s] Level 1:colcon.colcon_core.package_identification:_identify(src/build) by extensions ['ignore', 'ignore_ament_install']
[0.688s] Level 1:colcon.colcon_core.package_identification:_identify(src/build) by extension 'ignore'
[0.689s] Level 1:colcon.colcon_core.package_identification:_identify(src/build) ignored
[0.689s] Level 1:colcon.colcon_core.package_identification:_identify(src/install) by extensions ['ignore', 'ignore_ament_install']
[0.690s] Level 1:colcon.colcon_core.package_identification:_identify(src/install) by extension 'ignore'
[0.690s] Level 1:colcon.colcon_core.package_identification:_identify(src/install) ignored
[0.692s] Level 1:colcon.colcon_core.package_identification:_identify(src/ldlidar_stl_ros2) by extensions ['ignore', 'ignore_ament_install']
[0.692s] Level 1:colcon.colcon_core.package_identification:_identify(src/ldlidar_stl_ros2) by extension 'ignore'
[0.692s] Level 1:colcon.colcon_core.package_identification:_identify(src/ldlidar_stl_ros2) by extension 'ignore_ament_install'
[0.692s] Level 1:colcon.colcon_core.package_identification:_identify(src/ldlidar_stl_ros2) by extensions ['colcon_pkg']
[0.692s] Level 1:colcon.colcon_core.package_identification:_identify(src/ldlidar_stl_ros2) by extension 'colcon_pkg'
[0.692s] Level 1:colcon.colcon_core.package_identification:_identify(src/ldlidar_stl_ros2) by extensions ['colcon_meta']
[0.692s] Level 1:colcon.colcon_core.package_identification:_identify(src/ldlidar_stl_ros2) by extension 'colcon_meta'
[0.692s] Level 1:colcon.colcon_core.package_identification:_identify(src/ldlidar_stl_ros2) by extensions ['ros']
[0.692s] Level 1:colcon.colcon_core.package_identification:_identify(src/ldlidar_stl_ros2) by extension 'ros'
[0.697s] DEBUG:colcon.colcon_core.package_identification:Package 'src/ldlidar_stl_ros2' with type 'ros.ament_cmake' and name 'ldlidar_stl_ros2'
[0.698s] Level 1:colcon.colcon_core.package_identification:_identify(src/log) by extensions ['ignore', 'ignore_ament_install']
[0.698s] Level 1:colcon.colcon_core.package_identification:_identify(src/log) by extension 'ignore'
[0.698s] Level 1:colcon.colcon_core.package_identification:_identify(src/log) ignored
[0.698s] Level 1:colcon.colcon_core.package_identification:_identify(src/stm32_bot) by extensions ['ignore', 'ignore_ament_install']
[0.699s] Level 1:colcon.colcon_core.package_identification:_identify(src/stm32_bot) by extension 'ignore'
[0.699s] Level 1:colcon.colcon_core.package_identification:_identify(src/stm32_bot) by extension 'ignore_ament_install'
[0.699s] Level 1:colcon.colcon_core.package_identification:_identify(src/stm32_bot) by extensions ['colcon_pkg']
[0.699s] Level 1:colcon.colcon_core.package_identification:_identify(src/stm32_bot) by extension 'colcon_pkg'
[0.699s] Level 1:colcon.colcon_core.package_identification:_identify(src/stm32_bot) by extensions ['colcon_meta']
[0.699s] Level 1:colcon.colcon_core.package_identification:_identify(src/stm32_bot) by extension 'colcon_meta'
[0.699s] Level 1:colcon.colcon_core.package_identification:_identify(src/stm32_bot) by extensions ['ros']
[0.700s] Level 1:colcon.colcon_core.package_identification:_identify(src/stm32_bot) by extension 'ros'
[0.701s] DEBUG:colcon.colcon_core.package_identification:Package 'src/stm32_bot' with type 'ros.ament_python' and name 'stm32_bot'
[0.701s] Level 1:colcon.colcon_core.package_identification:_identify(src/tm210_driver) by extensions ['ignore', 'ignore_ament_install']
[0.701s] Level 1:colcon.colcon_core.package_identification:_identify(src/tm210_driver) by extension 'ignore'
[0.701s] Level 1:colcon.colcon_core.package_identification:_identify(src/tm210_driver) by extension 'ignore_ament_install'
[0.701s] Level 1:colcon.colcon_core.package_identification:_identify(src/tm210_driver) by extensions ['colcon_pkg']
[0.701s] Level 1:colcon.colcon_core.package_identification:_identify(src/tm210_driver) by extension 'colcon_pkg'
[0.701s] Level 1:colcon.colcon_core.package_identification:_identify(src/tm210_driver) by extensions ['colcon_meta']
[0.701s] Level 1:colcon.colcon_core.package_identification:_identify(src/tm210_driver) by extension 'colcon_meta'
[0.701s] Level 1:colcon.colcon_core.package_identification:_identify(src/tm210_driver) by extensions ['ros']
[0.701s] Level 1:colcon.colcon_core.package_identification:_identify(src/tm210_driver) by extension 'ros'
[0.702s] DEBUG:colcon.colcon_core.package_identification:Package 'src/tm210_driver' with type 'ros.ament_cmake' and name 'tm_imu'
[0.702s] Level 1:colcon.colcon_core.package_discovery:discover_packages(recursive) using defaults
[0.703s] Level 1:colcon.colcon_core.package_discovery:discover_packages(ignore) discover
[0.703s] Level 1:colcon.colcon_core.package_discovery:discover_packages(ignore) using defaults
[0.703s] Level 1:colcon.colcon_core.package_discovery:discover_packages(path) discover
[0.703s] Level 1:colcon.colcon_core.package_discovery:discover_packages(path) using defaults
[0.728s] INFO:colcon.colcon_core.package_selection:Skipping not selected package 'ldlidar_stl_ros2' in 'src/ldlidar_stl_ros2'
[0.729s] INFO:colcon.colcon_core.package_selection:Skipping not selected package 'tm_imu' in 'src/tm210_driver'
[0.730s] Level 1:colcon.colcon_core.package_discovery:discover_packages(prefix_path) check parameters
[0.730s] Level 1:colcon.colcon_core.package_discovery:discover_packages(prefix_path) discover
[0.733s] DEBUG:colcon.colcon_installed_package_information.package_discovery:Found 5 installed packages in /home/spinetti/ros2_ws/install
[0.734s] DEBUG:colcon.colcon_installed_package_information.package_discovery:Found 1 installed packages in /home/spinetti/install
[0.737s] DEBUG:colcon.colcon_installed_package_information.package_discovery:Found 389 installed packages in /opt/ros/jazzy
[0.743s] Level 1:colcon.colcon_core.package_discovery:discover_packages(prefix_path) using defaults
[0.826s] Level 5:colcon.colcon_core.verb:set package 'stm32_bot' build argument 'cmake_args' from command line to 'None'
[0.826s] Level 5:colcon.colcon_core.verb:set package 'stm32_bot' build argument 'cmake_target' from command line to 'None'
[0.826s] Level 5:colcon.colcon_core.verb:set package 'stm32_bot' build argument 'cmake_target_skip_unavailable' from command line to 'False'
[0.826s] Level 5:colcon.colcon_core.verb:set package 'stm32_bot' build argument 'cmake_clean_cache' from command line to 'False'
[0.826s] Level 5:colcon.colcon_core.verb:set package 'stm32_bot' build argument 'cmake_clean_first' from command line to 'False'
[0.826s] Level 5:colcon.colcon_core.verb:set package 'stm32_bot' build argument 'cmake_force_configure' from command line to 'False'
[0.826s] Level 5:colcon.colcon_core.verb:set package 'stm32_bot' build argument 'ament_cmake_args' from command line to 'None'
[0.826s] Level 5:colcon.colcon_core.verb:set package 'stm32_bot' build argument 'catkin_cmake_args' from command line to 'None'
[0.826s] Level 5:colcon.colcon_core.verb:set package 'stm32_bot' build argument 'catkin_skip_building_tests' from command line to 'False'
[0.826s] DEBUG:colcon.colcon_core.verb:Building package 'stm32_bot' with the following arguments: {'ament_cmake_args': None, 'build_base': '/home/spinetti/ros2_ws/build/stm32_bot', 'catkin_cmake_args': None, 'catkin_skip_building_tests': False, 'cmake_args': None, 'cmake_clean_cache': False, 'cmake_clean_first': False, 'cmake_force_configure': False, 'cmake_target': None, 'cmake_target_skip_unavailable': False, 'install_base': '/home/spinetti/ros2_ws/install/stm32_bot', 'merge_install': False, 'path': '/home/spinetti/ros2_ws/src/stm32_bot', 'symlink_install': False, 'test_result_base': None}
[0.827s] INFO:colcon.colcon_core.executor:Executing jobs using 'parallel' executor
[0.830s] DEBUG:colcon.colcon_parallel_executor.executor.parallel:run_until_complete
[0.830s] INFO:colcon.colcon_ros.task.ament_python.build:Building ROS package in '/home/spinetti/ros2_ws/src/stm32_bot' with build type 'ament_python'
[0.831s] Level 1:colcon.colcon_core.shell:create_environment_hook('stm32_bot', 'ament_prefix_path')
[0.835s] INFO:colcon.colcon_core.plugin_system:Skipping extension 'colcon_core.shell.bat': Not used on non-Windows systems
[0.835s] INFO:colcon.colcon_core.shell:Creating environment hook '/home/spinetti/ros2_ws/install/stm32_bot/share/stm32_bot/hook/ament_prefix_path.ps1'
[0.836s] INFO:colcon.colcon_core.shell:Creating environment descriptor '/home/spinetti/ros2_ws/install/stm32_bot/share/stm32_bot/hook/ament_prefix_path.dsv'
[0.837s] INFO:colcon.colcon_core.shell:Creating environment hook '/home/spinetti/ros2_ws/install/stm32_bot/share/stm32_bot/hook/ament_prefix_path.sh'
[0.838s] INFO:colcon.colcon_core.shell:Skip shell extension 'powershell' for command environment: Not usable outside of PowerShell
[0.838s] DEBUG:colcon.colcon_core.shell:Skip shell extension 'dsv' for command environment
[1.248s] INFO:colcon.colcon_core.task.python.build:Building Python package in '/home/spinetti/ros2_ws/src/stm32_bot'
[1.249s] INFO:colcon.colcon_core.shell:Skip shell extension 'powershell' for command environment: Not usable outside of PowerShell
[1.249s] DEBUG:colcon.colcon_core.shell:Skip shell extension 'dsv' for command environment
[2.327s] DEBUG:colcon.colcon_core.event_handler.log_command:Invoking command in '/home/spinetti/ros2_ws/src/stm32_bot': DEBUGINFOD_URLS=https://debuginfod.ubuntu.com PYTHONPATH=/home/spinetti/ros2_ws/build/stm32_bot/prefix_override:/usr/lib/python3/dist-packages/colcon_core/task/python/colcon_distutils_commands:/home/spinetti/ros2_ws/install/stm32_bot/lib/python3.12/site-packages:${PYTHONPATH} /usr/bin/python3 -W ignore:setup.py install is deprecated -W ignore:easy_install command is deprecated setup.py egg_info --egg-base ../../build/stm32_bot build --build-base /home/spinetti/ros2_ws/build/stm32_bot/build install --record /home/spinetti/ros2_ws/build/stm32_bot/install.log --single-version-externally-managed install_data
[3.265s] DEBUG:colcon.colcon_core.event_handler.log_command:Invoked command in '/home/spinetti/ros2_ws/src/stm32_bot' returned '0': DEBUGINFOD_URLS=https://debuginfod.ubuntu.com PYTHONPATH=/home/spinetti/ros2_ws/build/stm32_bot/prefix_override:/usr/lib/python3/dist-packages/colcon_core/task/python/colcon_distutils_commands:/home/spinetti/ros2_ws/install/stm32_bot/lib/python3.12/site-packages:${PYTHONPATH} /usr/bin/python3 -W ignore:setup.py install is deprecated -W ignore:easy_install command is deprecated setup.py egg_info --egg-base ../../build/stm32_bot build --build-base /home/spinetti/ros2_ws/build/stm32_bot/build install --record /home/spinetti/ros2_ws/build/stm32_bot/install.log --single-version-externally-managed install_data
[3.266s] Level 1:colcon.colcon_core.environment:checking '/home/spinetti/ros2_ws/install/stm32_bot' for CMake module files
[3.267s] Level 1:colcon.colcon_core.environment:checking '/home/spinetti/ros2_ws/install/stm32_bot' for CMake config files
[3.268s] Level 1:colcon.colcon_core.environment:checking '/home/spinetti/ros2_ws/install/stm32_bot/lib'
[3.268s] Level 1:colcon.colcon_core.environment:checking '/home/spinetti/ros2_ws/install/stm32_bot/bin'
[3.268s] Level 1:colcon.colcon_core.environment:checking '/home/spinetti/ros2_ws/install/stm32_bot/lib/pkgconfig/stm32_bot.pc'
[3.268s] Level 1:colcon.colcon_core.environment:checking '/home/spinetti/ros2_ws/install/stm32_bot/lib/python3.12/site-packages'
[3.268s] Level 1:colcon.colcon_core.shell:create_environment_hook('stm32_bot', 'pythonpath')
[3.269s] INFO:colcon.colcon_core.shell:Creating environment hook '/home/spinetti/ros2_ws/install/stm32_bot/share/stm32_bot/hook/pythonpath.ps1'
[3.269s] INFO:colcon.colcon_core.shell:Creating environment descriptor '/home/spinetti/ros2_ws/install/stm32_bot/share/stm32_bot/hook/pythonpath.dsv'
[3.270s] INFO:colcon.colcon_core.shell:Creating environment hook '/home/spinetti/ros2_ws/install/stm32_bot/share/stm32_bot/hook/pythonpath.sh'
[3.271s] Level 1:colcon.colcon_core.environment:checking '/home/spinetti/ros2_ws/install/stm32_bot/bin'
[3.271s] Level 1:colcon.colcon_core.environment:create_environment_scripts_only(stm32_bot)
[3.271s] INFO:colcon.colcon_core.shell:Creating package script '/home/spinetti/ros2_ws/install/stm32_bot/share/stm32_bot/package.ps1'
[3.272s] INFO:colcon.colcon_core.shell:Creating package descriptor '/home/spinetti/ros2_ws/install/stm32_bot/share/stm32_bot/package.dsv'
[3.273s] INFO:colcon.colcon_core.shell:Creating package script '/home/spinetti/ros2_ws/install/stm32_bot/share/stm32_bot/package.sh'
[3.274s] INFO:colcon.colcon_core.shell:Creating package script '/home/spinetti/ros2_ws/install/stm32_bot/share/stm32_bot/package.bash'
[3.274s] INFO:colcon.colcon_core.shell:Creating package script '/home/spinetti/ros2_ws/install/stm32_bot/share/stm32_bot/package.zsh'
[3.275s] Level 1:colcon.colcon_core.environment:create_file_with_runtime_dependencies(/home/spinetti/ros2_ws/install/stm32_bot/share/colcon-core/packages/stm32_bot)
[3.276s] DEBUG:colcon.colcon_parallel_executor.executor.parallel:closing loop
[3.276s] DEBUG:colcon.colcon_parallel_executor.executor.parallel:loop closed
[3.276s] DEBUG:colcon.colcon_parallel_executor.executor.parallel:run_until_complete finished with '0'
[3.276s] DEBUG:colcon.colcon_core.event_reactor:joining thread
[3.284s] INFO:colcon.colcon_core.plugin_system:Skipping extension 'colcon_notification.desktop_notification.terminal_notifier': Not used on non-Darwin systems
[3.285s] INFO:colcon.colcon_core.plugin_system:Skipping extension 'colcon_notification.desktop_notification.win32': Not used on non-Windows systems
[3.285s] INFO:colcon.colcon_notification.desktop_notification:Sending desktop notification using 'notify2'
[3.314s] DEBUG:colcon.colcon_core.event_reactor:joined thread
[3.315s] INFO:colcon.colcon_core.shell:Creating prefix script '/home/spinetti/ros2_ws/install/local_setup.ps1'
[3.317s] INFO:colcon.colcon_core.shell:Creating prefix util module '/home/spinetti/ros2_ws/install/_local_setup_util_ps1.py'
[3.319s] INFO:colcon.colcon_core.shell:Creating prefix chain script '/home/spinetti/ros2_ws/install/setup.ps1'
[3.321s] INFO:colcon.colcon_core.shell:Creating prefix script '/home/spinetti/ros2_ws/install/local_setup.sh'
[3.323s] INFO:colcon.colcon_core.shell:Creating prefix util module '/home/spinetti/ros2_ws/install/_local_setup_util_sh.py'
[3.325s] INFO:colcon.colcon_core.shell:Creating prefix chain script '/home/spinetti/ros2_ws/install/setup.sh'
[3.327s] INFO:colcon.colcon_core.shell:Creating prefix script '/home/spinetti/ros2_ws/install/local_setup.bash'
[3.328s] INFO:colcon.colcon_core.shell:Creating prefix chain script '/home/spinetti/ros2_ws/install/setup.bash'
[3.331s] INFO:colcon.colcon_core.shell:Creating prefix script '/home/spinetti/ros2_ws/install/local_setup.zsh'
[3.332s] INFO:colcon.colcon_core.shell:Creating prefix chain script '/home/spinetti/ros2_ws/install/setup.zsh'
